k,burst,wallet,ok,sendMs,miningMs,totalMs,gasUsed,blockNumber
1,0,0xf2688e2DCDA7181471848cF049ec619E1d682303,1,51.58,12.06,63.64,3101512,88626
1,1,0xf2688e2DCDA7181471848cF049ec619E1d682303,1,45.44,12.00,57.44,3084412,88631
1,2,0xf2688e2DCDA7181471848cF049ec619E1d682303,1,43.42,11.40,54.81,3084412,88635
5,0,0xf2688e2DCDA7181471848cF049ec619E1d682303,0,,,964.85,,
5,0,0x28b6821346e28DDf04A9c83D59ab23F6F9aA217D,1,964.57,12.10,976.67,3084400,88636
5,0,0x44C77529e849994EE7fbB20eF0eBc6EBaC0f2B26,1,964.46,24.32,988.78,3084412,88637
5,0,0x5AB032806Db4e20154d12A2F47d9176270Cac672,1,964.40,36.40,1000.81,3084412,88638
5,0,0x4360426eb9B7f13Ef7E0BDc3f2518dAe671BdFb6,1,964.37,48.59,1012.96,3084412,88639
5,1,0xf2688e2DCDA7181471848cF049ec619E1d682303,1,825.99,12.71,838.70,3084412,88643
5,1,0x28b6821346e28DDf04A9c83D59ab23F6F9aA217D,1,825.40,25.60,850.99,3084412,88644
5,1,0x44C77529e849994EE7fbB20eF0eBc6EBaC0f2B26,1,825.23,38.09,863.32,3084400,88645
5,1,0x5AB032806Db4e20154d12A2F47d9176270Cac672,1,825.03,50.46,875.49,3084412,88646
5,1,0x4360426eb9B7f13Ef7E0BDc3f2518dAe671BdFb6,1,824.94,62.60,887.55,3084412,88647
5,2,0xf2688e2DCDA7181471848cF049ec619E1d682303,1,820.39,12.28,832.67,3084412,88651
5,2,0x28b6821346e28DDf04A9c83D59ab23F6F9aA217D,1,820.21,24.34,844.56,3084412,88652
5,2,0x44C77529e849994EE7fbB20eF0eBc6EBaC0f2B26,1,820.18,37.69,857.87,3084412,88653
5,2,0x5AB032806Db4e20154d12A2F47d9176270Cac672,1,820.16,50.07,870.23,3084412,88654
5,2,0x4360426eb9B7f13Ef7E0BDc3f2518dAe671BdFb6,1,820.14,62.73,882.87,3084412,88655
10,0,0xf2688e2DCDA7181471848cF049ec619E1d682303,1,2461.01,12.72,2473.73,3084412,88656
10,0,0x28b6821346e28DDf04A9c83D59ab23F6F9aA217D,1,2460.74,24.94,2485.68,3084412,88657
10,0,0x44C77529e849994EE7fbB20eF0eBc6EBaC0f2B26,1,2460.66,37.16,2497.82,3084400,88658
10,0,0x5AB032806Db4e20154d12A2F47d9176270Cac672,1,2460.62,49.72,2510.34,3084412,88659
10,0,0x4360426eb9B7f13Ef7E0BDc3f2518dAe671BdFb6,1,2460.59,61.87,2522.46,3084412,88660
10,0,0xE3Ce32b446071C37A963E03c0e7c0Cc770df9426,1,2460.56,73.93,2534.49,3084412,88661
10,0,0x72999151675872C24Acd6F6A5bb60f7f956d8e72,1,2460.54,85.90,2546.44,3084412,88662
10,0,0xF6ca91A4998674a3Bb1a1cb0B8ad71D68eC3C058,1,2460.51,98.43,2558.94,3084412,88663
10,0,0xDb6A069BeA4addFe1CdAa6745AB0AAc13dBCE132,1,2460.48,110.49,2570.97,3084412,88664
10,0,0x852FaA83F546bc77669b4B040C0ca26f2e969237,1,2460.45,122.19,2582.65,3084412,88665
10,1,0xf2688e2DCDA7181471848cF049ec619E1d682303,1,2160.64,12.32,2172.95,3084412,88669
10,1,0x28b6821346e28DDf04A9c83D59ab23F6F9aA217D,1,2160.29,25.71,2186.00,3084412,88670
10,1,0x44C77529e849994EE7fbB20eF0eBc6EBaC0f2B26,1,2160.22,37.88,2198.10,3084412,88671
10,1,0x5AB032806Db4e20154d12A2F47d9176270Cac672,1,2160.18,49.79,2209.97,3084400,88672
10,1,0x4360426eb9B7f13Ef7E0BDc3f2518dAe671BdFb6,1,2160.15,61.45,2221.59,3084412,88673
10,1,0xE3Ce32b446071C37A963E03c0e7c0Cc770df9426,1,2160.12,73.34,2233.45,3084412,88674
10,1,0x72999151675872C24Acd6F6A5bb60f7f956d8e72,1,2160.08,84.96,2245.04,3084412,88675
10,1,0xF6ca91A4998674a3Bb1a1cb0B8ad71D68eC3C058,1,2160.05,96.81,2256.86,3084412,88676
10,1,0xDb6A069BeA4addFe1CdAa6745AB0AAc13dBCE132,1,2160.02,108.21,2268.23,3084400,88677
10,1,0x852FaA83F546bc77669b4B040C0ca26f2e969237,1,2159.98,119.99,2279.98,3084400,88678
10,2,0xf2688e2DCDA7181471848cF049ec619E1d682303,1,2165.57,12.05,2177.62,3084412,88682
10,2,0x28b6821346e28DDf04A9c83D59ab23F6F9aA217D,1,2165.34,24.45,2189.79,3084412,88683
10,2,0x44C77529e849994EE7fbB20eF0eBc6EBaC0f2B26,1,2165.29,36.65,2201.94,3084412,88684
10,2,0x5AB032806Db4e20154d12A2F47d9176270Cac672,1,2165.25,48.76,2214.01,3084412,88685
10,2,0x4360426eb9B7f13Ef7E0BDc3f2518dAe671BdFb6,1,2165.22,60.96,2226.18,3084412,88686
10,2,0xE3Ce32b446071C37A963E03c0e7c0Cc770df9426,1,2165.19,72.70,2237.89,3084400,88688
10,2,0x72999151675872C24Acd6F6A5bb60f7f956d8e72,1,2165.15,84.68,2249.83,3084412,88689
10,2,0xF6ca91A4998674a3Bb1a1cb0B8ad71D68eC3C058,1,2165.12,96.76,2261.88,3084412,88690
10,2,0xDb6A069BeA4addFe1CdAa6745AB0AAc13dBCE132,1,2165.09,108.49,2273.58,3084400,88691
10,2,0x852FaA83F546bc77669b4B040C0ca26f2e969237,1,2165.06,120.55,2285.60,3084412,88692
25,0,0xf2688e2DCDA7181471848cF049ec619E1d682303,1,6195.35,12.77,6208.12,3084412,88693
25,0,0x28b6821346e28DDf04A9c83D59ab23F6F9aA217D,1,6194.98,24.75,6219.73,3084412,88694
25,0,0x44C77529e849994EE7fbB20eF0eBc6EBaC0f2B26,1,6194.83,37.20,6232.03,3084412,88695
25,0,0x5AB032806Db4e20154d12A2F47d9176270Cac672,1,6194.81,49.43,6244.24,3084412,88696
25,0,0x4360426eb9B7f13Ef7E0BDc3f2518dAe671BdFb6,1,6194.79,61.56,6256.35,3084412,88697
25,0,0xE3Ce32b446071C37A963E03c0e7c0Cc770df9426,1,6194.77,73.49,6268.26,3084400,88698
25,0,0x72999151675872C24Acd6F6A5bb60f7f956d8e72,1,6194.76,86.65,6281.41,3084412,88699
25,0,0xF6ca91A4998674a3Bb1a1cb0B8ad71D68eC3C058,1,6194.74,98.56,6293.31,3084412,88700
25,0,0xDb6A069BeA4addFe1CdAa6745AB0AAc13dBCE132,1,6194.73,111.24,6305.97,3084412,88701
25,0,0x852FaA83F546bc77669b4B040C0ca26f2e969237,1,6194.71,123.40,6318.11,3084412,88702
25,0,0x0B698941BFE56F30dE604B09c51A84dF00bEcD7E,1,6194.69,135.42,6330.11,3084412,88703
25,0,0xeA0f777F59F69Cf6f985a968927Fa623C1d9e55F,1,6194.68,147.80,6342.48,3084412,88704
25,0,0x6C9978a379a874f69fd6fdd055711f89F0F579E8,1,6194.66,159.82,6354.48,3084400,88705
25,0,0x6ec8bbb7635275b63698CdAd46513D8f067327A8,1,6194.64,170.82,6365.47,3084400,88706
25,0,0x48F9E33289644400490783f38E1FBf9fC1b935E1,1,6194.63,182.06,6376.69,3084412,88707
25,0,0x31760E9cB146bf2F6cbff234fC13E3Ccec07E5C6,1,6194.61,194.52,6389.14,3084412,88708
25,0,0x1Ec94725DD0B6D60E53Be59CaEAa47Bf86Dcb203,1,6194.60,206.83,6401.43,3084412,88709
25,0,0x054092F8fA75D6d9392D11dA3238604ab8cAa40f,1,6194.58,219.04,6413.62,3084412,88710
25,0,0x7246ED5402A46D07513843C89aF924030fB1401d,1,6194.57,231.40,6425.97,3084412,88711
25,0,0xcb443D74D11aa50624103a723593530EBc3b1DF1,1,6194.56,245.69,6440.25,3084412,88712
25,0,0x455a880b9EE5487d8ebceefBA247364c341ffbC7,1,6194.54,257.14,6451.68,3084412,88713
25,0,0xfe8748928D036b659Ba89a6432D05560ccD2BCC1,1,6194.53,269.50,6464.03,3084400,88714
25,0,0x91e57d08B6D59F81f1486Ef7f49daa5729A7331e,1,6194.51,281.72,6476.23,3084412,88715
25,0,0xd566511BAe42c1567F3DE7a451Fe017A9D7C14C5,1,6194.50,292.82,6487.31,3084412,88716
25,0,0x0A5DcA7518206C2dc1c8065DcEaFFc3178EbE090,1,6194.48,304.93,6499.41,3084412,88717
25,1,0xf2688e2DCDA7181471848cF049ec619E1d682303,1,5989.92,11.18,6001.09,3084412,88722
25,1,0x28b6821346e28DDf04A9c83D59ab23F6F9aA217D,1,5989.67,23.38,6013.05,3084412,88723
25,1,0x44C77529e849994EE7fbB20eF0eBc6EBaC0f2B26,1,5989.63,35.32,6024.95,3084412,88724
25,1,0x5AB032806Db4e20154d12A2F47d9176270Cac672,1,5989.61,47.14,6036.75,3084412,88725
25,1,0x4360426eb9B7f13Ef7E0BDc3f2518dAe671BdFb6,1,5989.60,59.33,6048.93,3084412,88726
25,1,0xE3Ce32b446071C37A963E03c0e7c0Cc770df9426,1,5989.58,71.47,6061.05,3084412,88727
25,1,0x72999151675872C24Acd6F6A5bb60f7f956d8e72,1,5989.57,83.54,6073.10,3084412,88728
25,1,0xF6ca91A4998674a3Bb1a1cb0B8ad71D68eC3C058,1,5989.55,95.52,6085.07,3084412,88729
25,1,0xDb6A069BeA4addFe1CdAa6745AB0AAc13dBCE132,1,5989.54,107.40,6096.94,3084412,88730
25,1,0x852FaA83F546bc77669b4B040C0ca26f2e969237,1,5989.52,119.11,6108.63,3084412,88731
25,1,0x0B698941BFE56F30dE604B09c51A84dF00bEcD7E,1,5989.51,130.95,6120.45,3084412,88732
25,1,0xeA0f777F59F69Cf6f985a968927Fa623C1d9e55F,1,5989.49,143.10,6132.59,3084412,88733
25,1,0x6C9978a379a874f69fd6fdd055711f89F0F579E8,1,5989.48,155.00,6144.47,3084412,88734
25,1,0x6ec8bbb7635275b63698CdAd46513D8f067327A8,1,5989.46,167.25,6156.72,3084412,88735
25,1,0x48F9E33289644400490783f38E1FBf9fC1b935E1,1,5989.45,179.23,6168.68,3084412,88736
25,1,0x31760E9cB146bf2F6cbff234fC13E3Ccec07E5C6,1,5989.43,191.14,6180.57,3084412,88737
25,1,0x1Ec94725DD0B6D60E53Be59CaEAa47Bf86Dcb203,1,5989.42,203.33,6192.75,3084412,88738
25,1,0x054092F8fA75D6d9392D11dA3238604ab8cAa40f,1,5989.41,215.38,6204.79,3084412,88739
25,1,0x7246ED5402A46D07513843C89aF924030fB1401d,1,5989.39,227.27,6216.66,3084412,88740
25,1,0xcb443D74D11aa50624103a723593530EBc3b1DF1,1,5989.38,239.24,6228.62,3084412,88741
25,1,0x455a880b9EE5487d8ebceefBA247364c341ffbC7,1,5989.36,251.00,6240.36,3084412,88742
25,1,0xfe8748928D036b659Ba89a6432D05560ccD2BCC1,1,5989.35,263.05,6252.40,3084412,88743
25,1,0x91e57d08B6D59F81f1486Ef7f49daa5729A7331e,1,5989.34,275.18,6264.52,3084400,88744
25,1,0xd566511BAe42c1567F3DE7a451Fe017A9D7C14C5,1,5989.32,287.59,6276.91,3084412,88745
25,1,0x0A5DcA7518206C2dc1c8065DcEaFFc3178EbE090,1,5989.31,299.63,6288.94,3084412,88746
25,2,0xf2688e2DCDA7181471848cF049ec619E1d682303,1,5937.39,11.75,5949.13,3084412,88750
25,2,0x28b6821346e28DDf04A9c83D59ab23F6F9aA217D,1,5937.22,23.81,5961.03,3084412,88751
25,2,0x44C77529e849994EE7fbB20eF0eBc6EBaC0f2B26,1,5937.19,35.63,5972.82,3084400,88752
25,2,0x5AB032806Db4e20154d12A2F47d9176270Cac672,1,5937.17,48.06,5985.24,3084412,88753
25,2,0x4360426eb9B7f13Ef7E0BDc3f2518dAe671BdFb6,1,5937.16,60.30,5997.45,3084412,88754
25,2,0xE3Ce32b446071C37A963E03c0e7c0Cc770df9426,1,5937.14,72.78,6009.93,3084412,88755
25,2,0x72999151675872C24Acd6F6A5bb60f7f956d8e72,1,5937.13,85.21,6022.34,3084412,88756
25,2,0xF6ca91A4998674a3Bb1a1cb0B8ad71D68eC3C058,1,5937.11,97.15,6034.26,3084412,88757
25,2,0xDb6A069BeA4addFe1CdAa6745AB0AAc13dBCE132,1,5937.10,109.03,6046.13,3084412,88758
25,2,0x852FaA83F546bc77669b4B040C0ca26f2e969237,1,5937.08,120.87,6057.95,3084412,88759
25,2,0x0B698941BFE56F30dE604B09c51A84dF00bEcD7E,1,5937.07,132.92,6069.99,3084412,88760
25,2,0xeA0f777F59F69Cf6f985a968927Fa623C1d9e55F,1,5937.05,144.85,6081.90,3084412,88761
25,2,0x6C9978a379a874f69fd6fdd055711f89F0F579E8,1,5937.03,156.78,6093.81,3084412,88762
25,2,0x6ec8bbb7635275b63698CdAd46513D8f067327A8,1,5937.02,168.61,6105.63,3084412,88763
25,2,0x48F9E33289644400490783f38E1FBf9fC1b935E1,1,5937.00,180.31,6117.31,3084412,88764
25,2,0x31760E9cB146bf2F6cbff234fC13E3Ccec07E5C6,1,5936.98,192.30,6129.28,3084400,88765
25,2,0x1Ec94725DD0B6D60E53Be59CaEAa47Bf86Dcb203,1,5936.97,204.01,6140.98,3084412,88766
25,2,0x054092F8fA75D6d9392D11dA3238604ab8cAa40f,1,5936.95,215.78,6152.73,3084412,88767
25,2,0x7246ED5402A46D07513843C89aF924030fB1401d,1,5936.94,227.92,6164.86,3084412,88768
25,2,0xcb443D74D11aa50624103a723593530EBc3b1DF1,1,5936.93,240.28,6177.21,3084412,88769
25,2,0x455a880b9EE5487d8ebceefBA247364c341ffbC7,1,5936.91,252.23,6189.14,3084412,88770
25,2,0xfe8748928D036b659Ba89a6432D05560ccD2BCC1,1,5936.90,263.96,6200.86,3084412,88771
25,2,0x91e57d08B6D59F81f1486Ef7f49daa5729A7331e,1,5936.88,276.08,6212.96,3084412,88772
25,2,0xd566511BAe42c1567F3DE7a451Fe017A9D7C14C5,1,5936.87,288.24,6225.10,3084412,88773
25,2,0x0A5DcA7518206C2dc1c8065DcEaFFc3178EbE090,1,5936.85,300.21,6237.06,3084412,88774
50,0,0xf2688e2DCDA7181471848cF049ec619E1d682303,1,12567.17,12.31,12579.48,3084412,88776
50,0,0x28b6821346e28DDf04A9c83D59ab23F6F9aA217D,1,12567.08,24.48,12591.55,3084412,88777
50,0,0x44C77529e849994EE7fbB20eF0eBc6EBaC0f2B26,1,12567.05,36.77,12603.83,3084412,88778
50,0,0x5AB032806Db4e20154d12A2F47d9176270Cac672,1,12567.04,48.10,12615.13,3084412,88779
50,0,0x4360426eb9B7f13Ef7E0BDc3f2518dAe671BdFb6,1,12567.02,60.28,12627.30,3084412,88780
50,0,0xE3Ce32b446071C37A963E03c0e7c0Cc770df9426,1,12567.01,72.47,12639.48,3084412,88781
50,0,0x72999151675872C24Acd6F6A5bb60f7f956d8e72,1,12566.99,84.54,12651.54,3084400,88782
50,0,0xF6ca91A4998674a3Bb1a1cb0B8ad71D68eC3C058,1,12566.98,96.31,12663.29,3084412,88783
50,0,0xDb6A069BeA4addFe1CdAa6745AB0AAc13dBCE132,1,12566.97,108.62,12675.59,3084412,88784
50,0,0x852FaA83F546bc77669b4B040C0ca26f2e969237,1,12566.95,120.64,12687.59,3084412,88785
50,0,0x0B698941BFE56F30dE604B09c51A84dF00bEcD7E,1,12566.93,132.67,12699.60,3084412,88786
50,0,0xeA0f777F59F69Cf6f985a968927Fa623C1d9e55F,1,12566.92,145.14,12712.05,3084412,88787
50,0,0x6C9978a379a874f69fd6fdd055711f89F0F579E8,1,12566.90,157.14,12724.04,3084400,88788
50,0,0x6ec8bbb7635275b63698CdAd46513D8f067327A8,1,12566.89,169.22,12736.11,3084412,88789
50,0,0x48F9E33289644400490783f38E1FBf9fC1b935E1,1,12566.81,181.89,12748.71,3084412,88790
50,0,0x31760E9cB146bf2F6cbff234fC13E3Ccec07E5C6,1,12566.79,193.86,12760.65,3084412,88791
50,0,0x1Ec94725DD0B6D60E53Be59CaEAa47Bf86Dcb203,1,12566.77,206.03,12772.80,3084400,88792
50,0,0x054092F8fA75D6d9392D11dA3238604ab8cAa40f,1,12566.75,218.41,12785.16,3084412,88793
50,0,0x7246ED5402A46D07513843C89aF924030fB1401d,1,12566.74,230.88,12797.62,3084412,88794
50,0,0xcb443D74D11aa50624103a723593530EBc3b1DF1,1,12566.72,242.66,12809.39,3084412,88795
50,0,0x455a880b9EE5487d8ebceefBA247364c341ffbC7,1,12566.71,253.82,12820.53,3084412,88796
50,0,0xfe8748928D036b659Ba89a6432D05560ccD2BCC1,1,12566.69,266.87,12833.56,3084412,88797
50,0,0x91e57d08B6D59F81f1486Ef7f49daa5729A7331e,1,12566.67,279.59,12846.27,3084412,88798
50,0,0xd566511BAe42c1567F3DE7a451Fe017A9D7C14C5,1,12566.66,290.64,12857.30,3084412,88799
50,0,0x0A5DcA7518206C2dc1c8065DcEaFFc3178EbE090,1,12566.65,302.07,12868.72,3084412,88800
50,0,0x40e333F8B976b22a1aB68B698e4395eB6cD6d44D,1,12566.63,314.89,12881.52,3084412,88801
50,0,0x06dB8A46d9Fd8F8a75B2CC4b9d30E6ad938a0606,1,12566.62,327.01,12893.63,3084412,88802
50,0,0x46B0113a3Fd883fD53b329c6A5Df7F4F361c3dFF,1,12566.60,339.09,12905.70,3084412,88803
50,0,0x51ab9d9447269782Fb614857F77c3ceE57c5050C,1,12566.59,351.11,12917.70,3084412,88804
50,0,0x41F9edb5cEd58f64817385f41feAaBB332cca1D8,1,12566.58,363.78,12930.35,3084400,88805
50,0,0xA727aa7B53E2f9517be4C74227740f60102B9502,1,12566.56,374.60,12941.16,3084412,88806
50,0,0x2508459F7736276641E0A32dF3251d085fE3981F,1,12566.55,386.18,12952.73,3084412,88807
50,0,0xCedCeefd96c228e28bDd6c9c3185F355cC9d8D5b,1,12566.53,398.88,12965.41,3084412,88808
50,0,0x479EF7D711af229E46AdcB6b725753D17cA13533,1,12566.52,411.08,12977.60,3084412,88809
50,0,0x9F03Df1fF29D26c15a2aebe8696B1d4203a5D37c,1,12566.50,423.29,12989.79,3084412,88810
50,0,0x0fe59927EF1782f4CAD5be7D6306c78Aa93348dE,1,12566.49,435.68,13002.17,3084412,88811
50,0,0xC9b015f813A8628d6aCE3b5Ee974c91774495F6E,1,12566.48,447.12,13013.60,3084400,88812
50,0,0x461e50fFE1229c20C6B0419363EC7A3d64C77Bb3,1,12566.46,459.42,13025.88,3084412,88813
50,0,0x8626941bAfC5372Cdb8572cC0E1bD77a5Df7Bf30,1,12566.45,471.67,13038.12,3084400,88814
50,0,0xC0af24da881C7F947b014bC6d5EFC898D643BB75,1,12566.43,483.69,13050.13,3084412,88815
50,0,0xba9da3C1FFBaE219401B56C279842d460c2744d4,1,12566.42,495.05,13061.47,3084412,88816
50,0,0x47C3292385A1c75700d32B6184aaF4fD363D65E1,1,12566.40,507.33,13073.73,3084412,88817
50,0,0x25f9110de2e18CB5EFc121eBec78Cf1F6A5D370C,1,12566.39,519.50,13085.89,3084412,88818
50,0,0x9B4C51B22Ddb402Aaa342D344D1dB10c9ce94d5e,1,12566.37,531.71,13098.08,3084412,88819
50,0,0x32634a8FC3bC3FE3A7f631bbA370b2921A5387A4,1,12566.36,542.78,13109.14,3084412,88820
50,0,0xC5D9e66407AC6aCE25648828a03A20EeeC43a728,1,12566.35,554.18,13120.52,3084412,88821
50,0,0xF7303E2824e8F310Ef1E2a5B8a644168DC61A830,1,12566.33,566.48,13132.81,3084412,88822
50,0,0x19e8d1Df290CD1ECCA2080Ca4FE93353b4C9E737,1,12566.32,578.57,13144.89,3084412,88823
50,0,0xc0cA77dBB44AdB8Ea051Cf0b06DcbbF06bF86ECa,1,12566.29,590.46,13156.74,3084412,88824
50,0,0x0A5B92A625999a3c6d3975Ff1D7dE9070Dea722F,1,12566.27,602.57,13168.84,3084412,88825
50,1,0xf2688e2DCDA7181471848cF049ec619E1d682303,1,12463.03,12.51,12475.54,3084412,88831
50,1,0x28b6821346e28DDf04A9c83D59ab23F6F9aA217D,1,12462.88,24.34,12487.23,3084412,88832
50,1,0x44C77529e849994EE7fbB20eF0eBc6EBaC0f2B26,1,12462.86,36.02,12498.88,3084412,88833
50,1,0x5AB032806Db4e20154d12A2F47d9176270Cac672,1,12462.84,47.84,12510.68,3084412,88834
50,1,0x4360426eb9B7f13Ef7E0BDc3f2518dAe671BdFb6,1,12462.83,59.88,12522.71,3084412,88835
50,1,0xE3Ce32b446071C37A963E03c0e7c0Cc770df9426,1,12462.81,71.94,12534.75,3084412,88836
50,1,0x72999151675872C24Acd6F6A5bb60f7f956d8e72,1,12462.80,84.02,12546.82,3084412,88837
50,1,0xF6ca91A4998674a3Bb1a1cb0B8ad71D68eC3C058,1,12462.79,96.58,12559.37,3084412,88838
50,1,0xDb6A069BeA4addFe1CdAa6745AB0AAc13dBCE132,1,12462.77,108.61,12571.38,3084412,88840
50,1,0x852FaA83F546bc77669b4B040C0ca26f2e969237,1,12462.75,120.62,12583.37,3084412,88841
50,1,0x0B698941BFE56F30dE604B09c51A84dF00bEcD7E,1,12462.74,132.84,12595.58,3084412,88842
50,1,0xeA0f777F59F69Cf6f985a968927Fa623C1d9e55F,1,12462.73,145.08,12607.81,3084412,88843
50,1,0x6C9978a379a874f69fd6fdd055711f89F0F579E8,1,12462.71,157.35,12620.07,3084412,88844
50,1,0x6ec8bbb7635275b63698CdAd46513D8f067327A8,1,12462.69,170.07,12632.77,3084412,88845
50,1,0x48F9E33289644400490783f38E1FBf9fC1b935E1,1,12462.68,181.96,12644.63,3084412,88846
50,1,0x31760E9cB146bf2F6cbff234fC13E3Ccec07E5C6,1,12462.66,194.89,12657.56,3084412,88847
50,1,0x1Ec94725DD0B6D60E53Be59CaEAa47Bf86Dcb203,1,12462.65,206.97,12669.62,3084412,88848
50,1,0x054092F8fA75D6d9392D11dA3238604ab8cAa40f,1,12462.57,218.64,12681.21,3084412,88849
50,1,0x7246ED5402A46D07513843C89aF924030fB1401d,1,12462.54,230.55,12693.09,3084412,88850
50,1,0xcb443D74D11aa50624103a723593530EBc3b1DF1,1,12462.53,242.90,12705.43,3084400,88851
50,1,0x455a880b9EE5487d8ebceefBA247364c341ffbC7,1,12462.51,255.14,12717.65,3084412,88852
50,1,0xfe8748928D036b659Ba89a6432D05560ccD2BCC1,1,12462.50,266.54,12729.04,3084412,88853
50,1,0x91e57d08B6D59F81f1486Ef7f49daa5729A7331e,1,12462.48,279.13,12741.61,3084412,88854
50,1,0xd566511BAe42c1567F3DE7a451Fe017A9D7C14C5,1,12462.47,290.29,12752.76,3084412,88855
50,1,0x0A5DcA7518206C2dc1c8065DcEaFFc3178EbE090,1,12462.46,301.77,12764.22,3084412,88856
50,1,0x40e333F8B976b22a1aB68B698e4395eB6cD6d44D,1,12462.44,313.99,12776.43,3084400,88857
50,1,0x06dB8A46d9Fd8F8a75B2CC4b9d30E6ad938a0606,1,12462.43,326.20,12788.63,3084412,88858
50,1,0x46B0113a3Fd883fD53b329c6A5Df7F4F361c3dFF,1,12462.41,338.02,12800.43,3084412,88859
50,1,0x51ab9d9447269782Fb614857F77c3ceE57c5050C,1,12462.40,350.73,12813.13,3084412,88860
50,1,0x41F9edb5cEd58f64817385f41feAaBB332cca1D8,1,12462.38,363.01,12825.40,3084412,88861
50,1,0xA727aa7B53E2f9517be4C74227740f60102B9502,1,12462.37,375.25,12837.62,3084412,88862
50,1,0x2508459F7736276641E0A32dF3251d085fE3981F,1,12462.35,386.77,12849.12,3084412,88863
50,1,0xCedCeefd96c228e28bDd6c9c3185F355cC9d8D5b,1,12462.34,399.58,12861.92,3084412,88864
50,1,0x479EF7D711af229E46AdcB6b725753D17cA13533,1,12462.33,411.96,12874.29,3084412,88865
50,1,0x9F03Df1fF29D26c15a2aebe8696B1d4203a5D37c,1,12462.31,424.46,12886.77,3084412,88866
50,1,0x0fe59927EF1782f4CAD5be7D6306c78Aa93348dE,1,12462.30,437.04,12899.34,3084412,88867
50,1,0xC9b015f813A8628d6aCE3b5Ee974c91774495F6E,1,12462.28,449.30,12911.58,3084412,88868
50,1,0x461e50fFE1229c20C6B0419363EC7A3d64C77Bb3,1,12462.25,461.06,12923.32,3084412,88869
50,1,0x8626941bAfC5372Cdb8572cC0E1bD77a5Df7Bf30,1,12462.24,472.76,12935.00,3084412,88870
50,1,0xC0af24da881C7F947b014bC6d5EFC898D643BB75,1,12462.23,485.19,12947.42,3084412,88871
50,1,0xba9da3C1FFBaE219401B56C279842d460c2744d4,1,12462.21,496.26,12958.47,3084412,88872
50,1,0x47C3292385A1c75700d32B6184aaF4fD363D65E1,1,12462.20,508.03,12970.23,3084412,88873
50,1,0x25f9110de2e18CB5EFc121eBec78Cf1F6A5D370C,1,12462.18,520.50,12982.68,3084412,88874
50,1,0x9B4C51B22Ddb402Aaa342D344D1dB10c9ce94d5e,1,12462.17,532.59,12994.76,3084412,88875
50,1,0x32634a8FC3bC3FE3A7f631bbA370b2921A5387A4,1,12462.16,544.63,13006.79,3084412,88876
50,1,0xC5D9e66407AC6aCE25648828a03A20EeeC43a728,1,12462.14,556.86,13019.00,3084412,88877
50,1,0xF7303E2824e8F310Ef1E2a5B8a644168DC61A830,1,12462.12,570.02,13032.14,3084400,88878
50,1,0x19e8d1Df290CD1ECCA2080Ca4FE93353b4C9E737,1,12462.10,581.64,13043.74,3084412,88879
50,1,0xc0cA77dBB44AdB8Ea051Cf0b06DcbbF06bF86ECa,1,12462.09,593.78,13055.87,3084412,88880
50,1,0x0A5B92A625999a3c6d3975Ff1D7dE9070Dea722F,1,12462.08,606.05,13068.12,3084412,88881
50,2,0xf2688e2DCDA7181471848cF049ec619E1d682303,1,12434.73,12.60,12447.34,3084412,88887
50,2,0x28b6821346e28DDf04A9c83D59ab23F6F9aA217D,1,12434.58,24.46,12459.03,3084412,88888
50,2,0x44C77529e849994EE7fbB20eF0eBc6EBaC0f2B26,1,12434.55,37.54,12472.09,3084412,88889
50,2,0x5AB032806Db4e20154d12A2F47d9176270Cac672,1,12434.54,49.77,12484.31,3084412,88890
50,2,0x4360426eb9B7f13Ef7E0BDc3f2518dAe671BdFb6,1,12434.52,61.33,12495.86,3084412,88891
50,2,0xE3Ce32b446071C37A963E03c0e7c0Cc770df9426,1,12434.51,73.45,12507.96,3084412,88892
50,2,0x72999151675872C24Acd6F6A5bb60f7f956d8e72,1,12434.50,85.72,12520.22,3084412,88893
50,2,0xF6ca91A4998674a3Bb1a1cb0B8ad71D68eC3C058,1,12434.48,98.05,12532.54,3084412,88894
50,2,0xDb6A069BeA4addFe1CdAa6745AB0AAc13dBCE132,1,12434.47,109.91,12544.38,3084412,88895
50,2,0x852FaA83F546bc77669b4B040C0ca26f2e969237,1,12434.45,122.34,12556.79,3084412,88896
50,2,0x0B698941BFE56F30dE604B09c51A84dF00bEcD7E,1,12434.44,134.61,12569.05,3084412,88897
50,2,0xeA0f777F59F69Cf6f985a968927Fa623C1d9e55F,1,12434.42,146.41,12580.84,3084412,88898
50,2,0x6C9978a379a874f69fd6fdd055711f89F0F579E8,1,12434.39,158.13,12592.52,3084400,88899
50,2,0x6ec8bbb7635275b63698CdAd46513D8f067327A8,1,12434.37,170.26,12604.63,3084412,88900
50,2,0x48F9E33289644400490783f38E1FBf9fC1b935E1,1,12434.36,182.13,12616.48,3084412,88901
50,2,0x31760E9cB146bf2F6cbff234fC13E3Ccec07E5C6,1,12434.34,193.96,12628.30,3084412,88902
50,2,0x1Ec94725DD0B6D60E53Be59CaEAa47Bf86Dcb203,1,12434.33,206.53,12640.86,3084412,88903
50,2,0x054092F8fA75D6d9392D11dA3238604ab8cAa40f,1,12434.31,218.63,12652.94,3084412,88904
50,2,0x7246ED5402A46D07513843C89aF924030fB1401d,1,12434.30,230.70,12665.00,3084412,88905
50,2,0xcb443D74D11aa50624103a723593530EBc3b1DF1,1,12434.28,242.78,12677.07,3084412,88906
50,2,0x455a880b9EE5487d8ebceefBA247364c341ffbC7,1,12434.27,255.00,12689.27,3084412,88907
50,2,0xfe8748928D036b659Ba89a6432D05560ccD2BCC1,1,12434.26,267.70,12701.96,3084412,88908
50,2,0x91e57d08B6D59F81f1486Ef7f49daa5729A7331e,1,12434.24,280.17,12714.41,3084412,88909
50,2,0xd566511BAe42c1567F3DE7a451Fe017A9D7C14C5,1,12434.23,292.69,12726.91,3084412,88910
50,2,0x0A5DcA7518206C2dc1c8065DcEaFFc3178EbE090,1,12434.21,305.12,12739.33,3084412,88911
50,2,0x40e333F8B976b22a1aB68B698e4395eB6cD6d44D,1,12434.20,317.29,12751.49,3084412,88912
50,2,0x06dB8A46d9Fd8F8a75B2CC4b9d30E6ad938a0606,1,12434.19,328.67,12762.86,3084412,88913
50,2,0x46B0113a3Fd883fD53b329c6A5Df7F4F361c3dFF,1,12434.17,340.97,12775.14,3084400,88914
50,2,0x51ab9d9447269782Fb614857F77c3ceE57c5050C,1,12434.16,353.31,12787.47,3084412,88915
50,2,0x41F9edb5cEd58f64817385f41feAaBB332cca1D8,1,12434.14,365.34,12799.48,3084412,88916
50,2,0xA727aa7B53E2f9517be4C74227740f60102B9502,1,12434.13,377.15,12811.28,3084412,88917
50,2,0x2508459F7736276641E0A32dF3251d085fE3981F,1,12434.12,390.04,12824.16,3084412,88918
50,2,0xCedCeefd96c228e28bDd6c9c3185F355cC9d8D5b,1,12434.10,402.51,12836.62,3084412,88919
50,2,0x479EF7D711af229E46AdcB6b725753D17cA13533,1,12434.09,414.87,12848.95,3084400,88920
50,2,0x9F03Df1fF29D26c15a2aebe8696B1d4203a5D37c,1,12434.07,427.61,12861.69,3084412,88921
50,2,0x0fe59927EF1782f4CAD5be7D6306c78Aa93348dE,1,12434.06,440.16,12874.21,3084400,88922
50,2,0xC9b015f813A8628d6aCE3b5Ee974c91774495F6E,1,12434.04,452.35,12886.39,3084412,88923
50,2,0x461e50fFE1229c20C6B0419363EC7A3d64C77Bb3,1,12434.03,464.00,12898.03,3084412,88924
50,2,0x8626941bAfC5372Cdb8572cC0E1bD77a5Df7Bf30,1,12434.01,475.84,12909.85,3084412,88925
50,2,0xC0af24da881C7F947b014bC6d5EFC898D643BB75,1,12434.00,488.20,12922.20,3084412,88926
50,2,0xba9da3C1FFBaE219401B56C279842d460c2744d4,1,12433.99,499.60,12933.59,3084412,88927
50,2,0x47C3292385A1c75700d32B6184aaF4fD363D65E1,1,12433.97,511.92,12945.89,3084400,88928
50,2,0x25f9110de2e18CB5EFc121eBec78Cf1F6A5D370C,1,12433.96,524.54,12958.49,3084412,88929
50,2,0x9B4C51B22Ddb402Aaa342D344D1dB10c9ce94d5e,1,12433.94,536.85,12970.79,3084400,88930
50,2,0x32634a8FC3bC3FE3A7f631bbA370b2921A5387A4,1,12433.93,548.90,12982.83,3084412,88931
50,2,0xC5D9e66407AC6aCE25648828a03A20EeeC43a728,1,12433.92,561.16,12995.07,3084412,88932
50,2,0xF7303E2824e8F310Ef1E2a5B8a644168DC61A830,1,12433.84,573.21,13007.05,3084412,88933
50,2,0x19e8d1Df290CD1ECCA2080Ca4FE93353b4C9E737,1,12433.79,584.26,13018.05,3084412,88934
50,2,0xc0cA77dBB44AdB8Ea051Cf0b06DcbbF06bF86ECa,1,12433.77,596.19,13029.96,3084412,88935
50,2,0x0A5B92A625999a3c6d3975Ff1D7dE9070Dea722F,1,12433.75,607.82,13041.57,3084412,88936
100,0,0xf2688e2DCDA7181471848cF049ec619E1d682303,1,24982.06,12.81,24994.86,3084412,88940
100,0,0x28b6821346e28DDf04A9c83D59ab23F6F9aA217D,1,24981.94,25.49,25007.42,3084412,88941
100,0,0x44C77529e849994EE7fbB20eF0eBc6EBaC0f2B26,1,24981.91,38.43,25020.34,3084412,88942
100,0,0x5AB032806Db4e20154d12A2F47d9176270Cac672,1,24981.89,50.86,25032.75,3084412,88943
100,0,0x4360426eb9B7f13Ef7E0BDc3f2518dAe671BdFb6,1,24981.88,63.36,25045.24,3084400,88944
100,0,0xE3Ce32b446071C37A963E03c0e7c0Cc770df9426,1,24981.87,75.23,25057.10,3084412,88945
100,0,0x72999151675872C24Acd6F6A5bb60f7f956d8e72,1,24981.85,86.84,25068.69,3084412,88946
100,0,0xF6ca91A4998674a3Bb1a1cb0B8ad71D68eC3C058,1,24981.84,99.14,25080.98,3084412,88947
100,0,0xDb6A069BeA4addFe1CdAa6745AB0AAc13dBCE132,1,24981.83,112.20,25094.03,3084412,88948
100,0,0x852FaA83F546bc77669b4B040C0ca26f2e969237,1,24981.82,124.26,25106.08,3084412,88949
100,0,0x0B698941BFE56F30dE604B09c51A84dF00bEcD7E,1,24981.80,136.41,25118.22,3084412,88950
100,0,0xeA0f777F59F69Cf6f985a968927Fa623C1d9e55F,1,24981.79,148.55,25130.34,3084412,88951
100,0,0x6C9978a379a874f69fd6fdd055711f89F0F579E8,1,24981.78,161.27,25143.05,3084412,88952
100,0,0x6ec8bbb7635275b63698CdAd46513D8f067327A8,1,24981.77,172.57,25154.34,3084412,88953
100,0,0x48F9E33289644400490783f38E1FBf9fC1b935E1,1,24981.75,185.18,25166.93,3084400,88954
100,0,0x31760E9cB146bf2F6cbff234fC13E3Ccec07E5C6,1,24981.74,197.60,25179.34,3084412,88955
100,0,0x1Ec94725DD0B6D60E53Be59CaEAa47Bf86Dcb203,1,24981.73,209.72,25191.44,3084412,88956
100,0,0x054092F8fA75D6d9392D11dA3238604ab8cAa40f,1,24981.71,221.56,25203.27,3084412,88957
100,0,0x7246ED5402A46D07513843C89aF924030fB1401d,1,24981.70,233.47,25215.17,3084412,88958
100,0,0xcb443D74D11aa50624103a723593530EBc3b1DF1,1,24981.69,245.64,25227.33,3084400,88959
100,0,0x455a880b9EE5487d8ebceefBA247364c341ffbC7,1,24981.68,258.06,25239.73,3084412,88960
100,0,0xfe8748928D036b659Ba89a6432D05560ccD2BCC1,1,24981.66,269.70,25251.36,3084412,88962
100,0,0x91e57d08B6D59F81f1486Ef7f49daa5729A7331e,1,24981.65,282.13,25263.78,3084412,88963
100,0,0xd566511BAe42c1567F3DE7a451Fe017A9D7C14C5,1,24981.64,293.60,25275.24,3084412,88964
100,0,0x0A5DcA7518206C2dc1c8065DcEaFFc3178EbE090,1,24981.62,305.86,25287.48,3084412,88965
100,0,0x40e333F8B976b22a1aB68B698e4395eB6cD6d44D,1,24981.61,318.17,25299.78,3084412,88966
100,0,0x06dB8A46d9Fd8F8a75B2CC4b9d30E6ad938a0606,1,24981.60,329.44,25311.04,3084412,88967
100,0,0x46B0113a3Fd883fD53b329c6A5Df7F4F361c3dFF,1,24981.58,341.78,25323.36,3084412,88968
100,0,0x51ab9d9447269782Fb614857F77c3ceE57c5050C,1,24981.57,354.39,25335.96,3084412,88969
100,0,0x41F9edb5cEd58f64817385f41feAaBB332cca1D8,1,24981.56,367.73,25349.28,3084412,88970
100,0,0xA727aa7B53E2f9517be4C74227740f60102B9502,1,24981.55,381.56,25363.11,3084412,88971
100,0,0x2508459F7736276641E0A32dF3251d085fE3981F,1,24981.53,395.43,25376.97,3084412,88972
100,0,0xCedCeefd96c228e28bDd6c9c3185F355cC9d8D5b,1,24981.52,409.66,25391.18,3084412,88973
100,0,0x479EF7D711af229E46AdcB6b725753D17cA13533,1,24981.51,422.55,25404.06,3084400,88974
100,0,0x9F03Df1fF29D26c15a2aebe8696B1d4203a5D37c,1,24981.50,435.14,25416.64,3084412,88975
100,0,0x0fe59927EF1782f4CAD5be7D6306c78Aa93348dE,1,24981.48,447.68,25429.16,3084412,88976
100,0,0xC9b015f813A8628d6aCE3b5Ee974c91774495F6E,1,24981.47,460.12,25441.59,3084412,88977
100,0,0x461e50fFE1229c20C6B0419363EC7A3d64C77Bb3,1,24981.45,472.65,25454.11,3084412,88978
100,0,0x8626941bAfC5372Cdb8572cC0E1bD77a5Df7Bf30,1,24981.44,485.26,25466.70,3084412,88979
100,0,0xC0af24da881C7F947b014bC6d5EFC898D643BB75,1,24981.43,497.36,25478.79,3084412,88980
100,0,0xba9da3C1FFBaE219401B56C279842d460c2744d4,1,24981.42,509.55,25490.97,3084412,88981
100,0,0x47C3292385A1c75700d32B6184aaF4fD363D65E1,1,24981.40,521.44,25502.84,3084412,88982
100,0,0x25f9110de2e18CB5EFc121eBec78Cf1F6A5D370C,1,24981.39,533.39,25514.78,3084412,88983
100,0,0x9B4C51B22Ddb402Aaa342D344D1dB10c9ce94d5e,1,24981.38,545.40,25526.78,3084412,88984
100,0,0x32634a8FC3bC3FE3A7f631bbA370b2921A5387A4,1,24981.37,557.16,25538.52,3084412,88985
100,0,0xC5D9e66407AC6aCE25648828a03A20EeeC43a728,1,24981.36,568.69,25550.05,3084412,88986
100,0,0xF7303E2824e8F310Ef1E2a5B8a644168DC61A830,1,24981.34,580.62,25561.96,3084412,88987
100,0,0x19e8d1Df290CD1ECCA2080Ca4FE93353b4C9E737,1,24981.33,592.67,25574.00,3084412,88988
100,0,0xc0cA77dBB44AdB8Ea051Cf0b06DcbbF06bF86ECa,1,24981.32,604.96,25586.27,3084412,88989
100,0,0x0A5B92A625999a3c6d3975Ff1D7dE9070Dea722F,1,24981.30,616.90,25598.21,3084412,88990
100,0,0xa416A4337621f601CBE207cEA00d5bE55705dd94,1,24981.29,628.78,25610.07,3084412,88991
100,0,0x438EFBDc3EbCc61C99F86E4E0F81d99E7aC7782E,1,24981.28,640.84,25622.12,3084412,88992
100,0,0x9e13fA133213F7CfCaAd609F8367E121464EaEB5,1,24981.27,653.36,25634.63,3084400,88993
100,0,0xAD07Eb15495D9B62b0dFE9d54Ebdd196FdC5E997,1,24981.25,665.64,25646.89,3084412,88994
100,0,0x5f28BBDa0fEcBECAe904c9b21cF5a2D5CBed79Aa,1,24981.24,677.88,25659.12,3084412,88995
100,0,0xC0e0752E33f2425e1E3764DAf829a76B69aB1bAA,1,24981.23,690.58,25671.81,3084412,88996
100,0,0x221168372b0BeBAD1E90d1bd02FeC90b869430BB,1,24981.22,703.28,25684.50,3084412,88997
100,0,0x4f7f16B20Dd9b94967DbB76c06d366512d03Ea8D,1,24981.20,715.76,25696.96,3084412,88998
100,0,0x26EE5117B505a680c8129B15A0024dF17dF6F4f4,1,24981.19,728.10,25709.29,3084412,88999
100,0,0xe58DE4AA4936304c458A5c89826b2121eD51Ef20,1,24981.18,740.12,25721.30,3084400,89000
100,0,0x9546bD5A91e27960a5898E67137A8D48049AE1eA,1,24981.13,752.16,25733.30,3084400,89001
100,0,0x4b5457D2DE5A0111A23E3ceAD32e98ce56f806Bb,1,24981.11,763.21,25744.32,3084412,89002
100,0,0xD797dAc6AD760D4A10057E8E5bfCCE1686DF9965,1,24981.10,773.97,25755.07,3084412,89003
100,0,0xC008f4ded52B04b64b1AdFF6d29F0c9541Fbe1c2,1,24981.09,785.92,25767.01,3084412,89004
100,0,0x871A8407CdFC48B1d2ba3a1ce1c70233ff94fB05,1,24981.07,797.68,25778.76,3084412,89005
100,0,0xBa8Ede08C58300D98aE4D2EcF42446B7D8178720,1,24981.06,809.89,25790.95,3084412,89006
100,0,0x58B684d98E75e8097Faf153F4ACdE112812d3370,1,24981.05,822.10,25803.14,3084412,89007
100,0,0x305F01396fDBc674A9a3ec0eA0cA0d9D2E92F68a,1,24981.03,833.10,25814.14,3084388,89008
100,0,0x2832B12B9e02B6408ed715B6eA693994Ae8E8621,1,24981.02,845.67,25826.69,3084400,89009
100,0,0xC7Eeb85A3C164dAe86d30Bf435177F99BCe9c793,1,24981.01,858.19,25839.20,3084412,89010
100,0,0x8e70490B0BcAc93E9BE610CE9cF9a3BE609224Ff,1,24981.00,869.33,25850.32,3084412,89011
100,0,0xE26a9f6Cc004278b87d42FE8c2b9F35e179a9017,1,24980.98,881.35,25862.33,3084412,89012
100,0,0x2b678CFE8d79eaba118D944B7918aB183E76D15D,1,24980.97,893.48,25874.45,3084412,89013
100,0,0x8e5a7cCe99Ad411924c9188910Bc7fEf172e654D,1,24980.96,905.37,25886.33,3084412,89014
100,0,0x2Ea6536e3b99CE00AB9AA2FcdD0dDafc2df2A92d,1,24980.94,917.33,25898.28,3084412,89015
100,0,0x622122145f6Bf38cf6C4fa9BF3DF96208714b11B,1,24980.93,929.25,25910.19,3084412,89016
100,0,0x80E57a69164572F57928908C2776A27dB693b5C5,1,24980.92,940.10,25921.01,3084400,89017
100,0,0xf3efc1C19f87B21c3FB71c03f242b5e578D19e23,1,24980.91,951.78,25932.69,3084400,89018
100,0,0x8eBBbE10cDfd99A6c2491CE635465F1f17fcEE12,1,24980.89,964.87,25945.77,3084412,89019
100,0,0x9658631D6044f1d0e79e5839202255905E44160E,1,24980.88,978.03,25958.91,3084388,89020
100,0,0x73087F6c77E38c1A6FDDe188B07a1B3FBe9Fac16,1,24980.87,990.72,25971.59,3084412,89021
100,0,0xfc9D6A54Fc897952F640A756cC5b1126BeED0090,1,24980.86,1003.06,25983.91,3084412,89022
100,0,0x62b567231FF91B98635912c280a3C7970c0ACea4,1,24980.84,1015.71,25996.56,3084400,89023
100,0,0x730B2eb2749a4Ac4B107cC8E37ec42e8A76cAC98,1,24980.83,1028.60,26009.43,3084412,89024
100,0,0xf797e5DE0f14B2fa2207C27fdb1863fBc6DDAFde,1,24980.82,1040.93,26021.75,3084412,89025
100,0,0xF328799E43100FA8EA7116AFedE2940A0aF7efaF,1,24980.80,1053.08,26033.89,3084412,89026
100,0,0x415aa2dD43d9F482cF2C1960B8C6377F0Fd1D6cC,1,24980.79,1065.55,26046.34,3084412,89027
100,0,0x302D5c4446442De86dFa8bA4d5B5DE3F2cd9023b,1,24980.78,1077.60,26058.37,3084412,89028
100,0,0x08ce7AFe7364F0377e483719487658ffCd04548e,1,24980.77,1089.61,26070.37,3084412,89029
100,0,0xeCEc9297D3F8FBBAde66914C39C9EBDe2b3AED67,1,24980.75,1101.90,26082.65,3084412,89030
100,0,0x031593FE3DA9FCA8825F1961C9D8F52782E33439,1,24980.74,1114.31,26095.06,3084412,89031
100,0,0xEdD8181F24b06Ac2Be44714e25dd2EA6fd2d86C2,1,24980.73,1126.71,26107.44,3084412,89032
100,0,0x33288EfE0F3B456E2D10e0CCc154bF70eE9927dA,1,24980.72,1138.97,26119.69,3084412,89033
100,0,0x2c347ecb494c1a2d21D8aB39cD0fC9a3Cd91B975,1,24980.70,1151.42,26132.12,3084412,89034
100,0,0xa65383Ec5C07D240CF9DA2dBCd45ad75c83105E8,1,24980.63,1164.41,26145.04,3084412,89035
100,0,0x82233bb80C421388A4366DCc68D6037b6B01a5Bd,1,24980.60,1176.85,26157.45,3084412,89036
100,0,0x6e56A8C0FF64D2a0EDcD5114725378420169a6a8,1,24980.58,1189.29,26169.87,3084412,89037
100,0,0xEaCDDd3892182E6AF51FaBdAfBccBf9f8af6489c,1,24980.57,1201.43,26181.99,3084400,89038
100,0,0x7ED24e1c0a403785be45D49A6b98F51cCc63ddd1,1,24980.56,1213.63,26194.19,3084412,88939
100,0,0xD460698dD5A64CE0C6c965E73773E0f43Cb5b629,1,24980.54,1226.16,26206.70,3084412,88940
100,1,0xf2688e2DCDA7181471848cF049ec619E1d682303,1,25094.74,12.62,25107.36,3084412,89047
100,1,0x28b6821346e28DDf04A9c83D59ab23F6F9aA217D,1,25094.55,25.24,25119.79,3084412,89048
100,1,0x44C77529e849994EE7fbB20eF0eBc6EBaC0f2B26,1,25094.52,36.99,25131.52,3084412,89049
100,1,0x5AB032806Db4e20154d12A2F47d9176270Cac672,1,25094.51,49.33,25143.84,3084412,89050
100,1,0x4360426eb9B7f13Ef7E0BDc3f2518dAe671BdFb6,1,25094.49,61.81,25156.31,3084412,89051
100,1,0xE3Ce32b446071C37A963E03c0e7c0Cc770df9426,1,25094.48,73.96,25168.44,3084412,89052
100,1,0x72999151675872C24Acd6F6A5bb60f7f956d8e72,1,25094.47,86.11,25180.58,3084412,89053
100,1,0xF6ca91A4998674a3Bb1a1cb0B8ad71D68eC3C058,1,25094.46,98.55,25193.01,3084412,89054
100,1,0xDb6A069BeA4addFe1CdAa6745AB0AAc13dBCE132,1,25094.44,110.23,25204.68,3084412,89055
100,1,0x852FaA83F546bc77669b4B040C0ca26f2e969237,1,25094.43,123.01,25217.44,3084412,89056
100,1,0x0B698941BFE56F30dE604B09c51A84dF00bEcD7E,1,25094.42,135.68,25230.10,3084388,89057
100,1,0xeA0f777F59F69Cf6f985a968927Fa623C1d9e55F,1,25094.40,147.65,25242.05,3084400,89058
100,1,0x6C9978a379a874f69fd6fdd055711f89F0F579E8,1,25094.39,159.41,25253.80,3084412,89059
100,1,0x6ec8bbb7635275b63698CdAd46513D8f067327A8,1,25094.38,171.90,25266.28,3084412,89060
100,1,0x48F9E33289644400490783f38E1FBf9fC1b935E1,1,25094.36,184.26,25278.62,3084412,89061
100,1,0x31760E9cB146bf2F6cbff234fC13E3Ccec07E5C6,1,25094.35,197.32,25291.67,3084412,89062
100,1,0x1Ec94725DD0B6D60E53Be59CaEAa47Bf86Dcb203,1,25094.34,210.47,25304.81,3084412,89063
100,1,0x054092F8fA75D6d9392D11dA3238604ab8cAa40f,1,25094.32,222.62,25316.95,3084412,89064
100,1,0x7246ED5402A46D07513843C89aF924030fB1401d,1,25094.31,234.91,25329.22,3084412,89065
100,1,0xcb443D74D11aa50624103a723593530EBc3b1DF1,1,25094.30,247.03,25341.33,3084412,89066
100,1,0x455a880b9EE5487d8ebceefBA247364c341ffbC7,1,25094.29,259.12,25353.40,3084412,89067
100,1,0xfe8748928D036b659Ba89a6432D05560ccD2BCC1,1,25094.27,271.02,25365.29,3084412,89068
100,1,0x91e57d08B6D59F81f1486Ef7f49daa5729A7331e,1,25094.26,283.22,25377.48,3084412,89069
100,1,0xd566511BAe42c1567F3DE7a451Fe017A9D7C14C5,1,25094.25,295.77,25390.02,3084412,89070
100,1,0x0A5DcA7518206C2dc1c8065DcEaFFc3178EbE090,1,25094.24,308.21,25402.44,3084400,89071
100,1,0x40e333F8B976b22a1aB68B698e4395eB6cD6d44D,1,25094.22,320.62,25414.84,3084412,89072
100,1,0x06dB8A46d9Fd8F8a75B2CC4b9d30E6ad938a0606,1,25094.21,332.92,25427.13,3084412,89073
100,1,0x46B0113a3Fd883fD53b329c6A5Df7F4F361c3dFF,1,25094.20,344.92,25439.11,3084412,89074
100,1,0x51ab9d9447269782Fb614857F77c3ceE57c5050C,1,25094.19,357.02,25451.20,3084412,89075
100,1,0x41F9edb5cEd58f64817385f41feAaBB332cca1D8,1,25094.17,369.31,25463.49,3084412,89076
100,1,0xA727aa7B53E2f9517be4C74227740f60102B9502,1,25094.16,381.61,25475.77,3084412,89078
100,1,0x2508459F7736276641E0A32dF3251d085fE3981F,1,25094.15,393.14,25487.28,3084412,89079
100,1,0xCedCeefd96c228e28bDd6c9c3185F355cC9d8D5b,1,25094.13,405.40,25499.53,3084412,89080
100,1,0x479EF7D711af229E46AdcB6b725753D17cA13533,1,25094.11,416.69,25510.80,3084412,89081
100,1,0x9F03Df1fF29D26c15a2aebe8696B1d4203a5D37c,1,25094.10,428.78,25522.88,3084388,89082
100,1,0x0fe59927EF1782f4CAD5be7D6306c78Aa93348dE,1,25094.08,441.02,25535.10,3084412,89083
100,1,0xC9b015f813A8628d6aCE3b5Ee974c91774495F6E,1,25094.07,453.32,25547.39,3084412,89084
100,1,0x461e50fFE1229c20C6B0419363EC7A3d64C77Bb3,1,25094.05,464.89,25558.94,3084412,89085
100,1,0x8626941bAfC5372Cdb8572cC0E1bD77a5Df7Bf30,1,25094.04,476.99,25571.03,3084400,89086
100,1,0xC0af24da881C7F947b014bC6d5EFC898D643BB75,1,25094.03,489.49,25583.52,3084412,89087
100,1,0xba9da3C1FFBaE219401B56C279842d460c2744d4,1,25094.01,500.56,25594.58,3084412,89088
100,1,0x47C3292385A1c75700d32B6184aaF4fD363D65E1,1,25094.00,511.54,25605.54,3084412,89089
100,1,0x25f9110de2e18CB5EFc121eBec78Cf1F6A5D370C,1,25093.98,524.22,25618.21,3084412,89090
100,1,0x9B4C51B22Ddb402Aaa342D344D1dB10c9ce94d5e,1,25093.97,536.78,25630.75,3084412,89091
100,1,0x32634a8FC3bC3FE3A7f631bbA370b2921A5387A4,1,25093.96,549.16,25643.11,3084412,89092
100,1,0xC5D9e66407AC6aCE25648828a03A20EeeC43a728,1,25093.95,561.92,25655.86,3084412,89093
100,1,0xF7303E2824e8F310Ef1E2a5B8a644168DC61A830,1,25093.93,574.36,25668.29,3084412,89094
100,1,0x19e8d1Df290CD1ECCA2080Ca4FE93353b4C9E737,1,25093.92,586.30,25680.22,3084412,89095
100,1,0xc0cA77dBB44AdB8Ea051Cf0b06DcbbF06bF86ECa,1,25093.91,598.62,25692.53,3084412,89096
100,1,0x0A5B92A625999a3c6d3975Ff1D7dE9070Dea722F,1,25093.89,611.18,25705.07,3084412,89097
100,1,0xa416A4337621f601CBE207cEA00d5bE55705dd94,1,25093.88,623.13,25717.01,3084412,89098
100,1,0x438EFBDc3EbCc61C99F86E4E0F81d99E7aC7782E,1,25093.87,635.53,25729.40,3084412,89099
100,1,0x9e13fA133213F7CfCaAd609F8367E121464EaEB5,1,25093.85,647.45,25741.31,3084412,89100
100,1,0xAD07Eb15495D9B62b0dFE9d54Ebdd196FdC5E997,1,25093.84,659.20,25753.04,3084412,89101
100,1,0x5f28BBDa0fEcBECAe904c9b21cF5a2D5CBed79Aa,1,25093.83,670.97,25764.80,3084412,89102
100,1,0xC0e0752E33f2425e1E3764DAf829a76B69aB1bAA,1,25093.81,683.40,25777.21,3084412,89103
100,1,0x221168372b0BeBAD1E90d1bd02FeC90b869430BB,1,25093.80,694.59,25788.39,3084412,89104
100,1,0x4f7f16B20Dd9b94967DbB76c06d366512d03Ea8D,1,25093.79,705.96,25799.75,3084412,89105
100,1,0x26EE5117B505a680c8129B15A0024dF17dF6F4f4,1,25093.77,718.16,25811.94,3084412,89106
100,1,0xe58DE4AA4936304c458A5c89826b2121eD51Ef20,1,25093.76,730.20,25823.97,3084412,89107
100,1,0x9546bD5A91e27960a5898E67137A8D48049AE1eA,1,25093.75,742.19,25835.94,3084412,89108
100,1,0x4b5457D2DE5A0111A23E3ceAD32e98ce56f806Bb,1,25093.73,754.87,25848.61,3084388,89109
100,1,0xD797dAc6AD760D4A10057E8E5bfCCE1686DF9965,1,25093.72,767.09,25860.82,3084412,89110
100,1,0xC008f4ded52B04b64b1AdFF6d29F0c9541Fbe1c2,1,25093.71,779.10,25872.81,3084412,89111
100,1,0x871A8407CdFC48B1d2ba3a1ce1c70233ff94fB05,1,25093.69,790.99,25884.69,3084412,89112
100,1,0xBa8Ede08C58300D98aE4D2EcF42446B7D8178720,1,25093.68,802.93,25896.62,3084412,89113
100,1,0x58B684d98E75e8097Faf153F4ACdE112812d3370,1,25093.67,815.24,25908.91,3084412,89114
100,1,0x305F01396fDBc674A9a3ec0eA0cA0d9D2E92F68a,1,25093.65,827.13,25920.78,3084412,89115
100,1,0x2832B12B9e02B6408ed715B6eA693994Ae8E8621,1,25093.64,838.87,25932.51,3084412,89116
100,1,0xC7Eeb85A3C164dAe86d30Bf435177F99BCe9c793,1,25093.63,850.48,25944.11,3084412,89117
100,1,0x8e70490B0BcAc93E9BE610CE9cF9a3BE609224Ff,1,25093.61,862.50,25956.11,3084412,89118
100,1,0xE26a9f6Cc004278b87d42FE8c2b9F35e179a9017,1,25093.53,874.84,25968.37,3084412,89119
100,1,0x2b678CFE8d79eaba118D944B7918aB183E76D15D,1,25093.50,886.42,25979.92,3084412,89120
100,1,0x8e5a7cCe99Ad411924c9188910Bc7fEf172e654D,1,25093.48,898.69,25992.17,3084412,89121
100,1,0x2Ea6536e3b99CE00AB9AA2FcdD0dDafc2df2A92d,1,25093.47,910.70,26004.17,3084400,89122
100,1,0x622122145f6Bf38cf6C4fa9BF3DF96208714b11B,1,25093.45,923.10,26016.56,3084412,89123
100,1,0x80E57a69164572F57928908C2776A27dB693b5C5,1,25093.44,935.44,26028.89,3084412,89124
100,1,0xf3efc1C19f87B21c3FB71c03f242b5e578D19e23,1,25093.43,946.26,26039.69,3084412,89125
100,1,0x8eBBbE10cDfd99A6c2491CE635465F1f17fcEE12,1,25093.42,958.19,26051.61,3084412,89126
100,1,0x9658631D6044f1d0e79e5839202255905E44160E,1,25093.40,970.36,26063.76,3084412,89127
100,1,0x73087F6c77E38c1A6FDDe188B07a1B3FBe9Fac16,1,25093.18,982.11,26075.29,3084412,89128
100,1,0xfc9D6A54Fc897952F640A756cC5b1126BeED0090,1,25093.08,993.58,26086.65,3084412,89129
100,1,0x62b567231FF91B98635912c280a3C7970c0ACea4,1,25093.03,1005.58,26098.61,3084400,89130
100,1,0x730B2eb2749a4Ac4B107cC8E37ec42e8A76cAC98,1,25092.99,1017.14,26110.13,3084412,89131
100,1,0xf797e5DE0f14B2fa2207C27fdb1863fBc6DDAFde,1,25092.95,1030.45,26123.41,3084412,89132
100,1,0xF328799E43100FA8EA7116AFedE2940A0aF7efaF,1,25092.91,1044.25,26137.16,3084412,89133
100,1,0x415aa2dD43d9F482cF2C1960B8C6377F0Fd1D6cC,1,25092.87,1056.92,26149.79,3084412,89134
100,1,0x302D5c4446442De86dFa8bA4d5B5DE3F2cd9023b,1,25092.83,1070.05,26162.87,3084412,89135
100,1,0x08ce7AFe7364F0377e483719487658ffCd04548e,1,25091.91,1082.09,26174.00,3084412,89136
100,1,0xeCEc9297D3F8FBBAde66914C39C9EBDe2b3AED67,1,25091.81,1095.00,26186.81,3084412,89137
100,1,0x031593FE3DA9FCA8825F1961C9D8F52782E33439,1,25091.79,1107.02,26198.81,3084412,89138
100,1,0xEdD8181F24b06Ac2Be44714e25dd2EA6fd2d86C2,1,25091.77,1119.27,26211.05,3084412,89139
100,1,0x33288EfE0F3B456E2D10e0CCc154bF70eE9927dA,1,25091.76,1131.63,26223.39,3084412,89140
100,1,0x2c347ecb494c1a2d21D8aB39cD0fC9a3Cd91B975,1,25091.75,1144.38,26236.13,3084412,89141
100,1,0xa65383Ec5C07D240CF9DA2dBCd45ad75c83105E8,1,25091.74,1156.18,26247.92,3084412,89142
100,1,0x82233bb80C421388A4366DCc68D6037b6B01a5Bd,1,25091.72,1168.19,26259.91,3084412,89143
100,1,0x6e56A8C0FF64D2a0EDcD5114725378420169a6a8,1,25091.71,1181.00,26272.70,3084412,89144
100,1,0xEaCDDd3892182E6AF51FaBdAfBccBf9f8af6489c,1,25091.69,1193.18,26284.87,3084412,89145
100,1,0x7ED24e1c0a403785be45D49A6b98F51cCc63ddd1,1,25091.68,1205.00,26296.68,3084412,89046
100,1,0xD460698dD5A64CE0C6c965E73773E0f43Cb5b629,1,25091.66,1216.90,26308.57,3084412,89047
100,2,0xf2688e2DCDA7181471848cF049ec619E1d682303,1,25105.43,12.27,25117.69,3084412,89154
100,2,0x28b6821346e28DDf04A9c83D59ab23F6F9aA217D,1,25105.21,23.87,25129.07,3084412,89155
100,2,0x44C77529e849994EE7fbB20eF0eBc6EBaC0f2B26,1,25105.17,35.65,25140.82,3084412,89156
100,2,0x5AB032806Db4e20154d12A2F47d9176270Cac672,1,25105.15,48.45,25153.60,3084412,89157
100,2,0x4360426eb9B7f13Ef7E0BDc3f2518dAe671BdFb6,1,25105.14,60.99,25166.12,3084412,89158
100,2,0xE3Ce32b446071C37A963E03c0e7c0Cc770df9426,1,25105.12,73.21,25178.33,3084412,89159
100,2,0x72999151675872C24Acd6F6A5bb60f7f956d8e72,1,25105.11,85.38,25190.50,3084412,89160
100,2,0xF6ca91A4998674a3Bb1a1cb0B8ad71D68eC3C058,1,25105.10,97.51,25202.61,3084412,89161
100,2,0xDb6A069BeA4addFe1CdAa6745AB0AAc13dBCE132,1,25105.08,109.12,25214.21,3084412,89162
100,2,0x852FaA83F546bc77669b4B040C0ca26f2e969237,1,25105.07,121.52,25226.59,3084412,89163
100,2,0x0B698941BFE56F30dE604B09c51A84dF00bEcD7E,1,25105.06,133.94,25239.00,3084412,89164
100,2,0xeA0f777F59F69Cf6f985a968927Fa623C1d9e55F,1,25105.04,145.98,25251.03,3084412,89165
100,2,0x6C9978a379a874f69fd6fdd055711f89F0F579E8,1,25105.03,158.29,25263.32,3084412,89166
100,2,0x6ec8bbb7635275b63698CdAd46513D8f067327A8,1,25105.02,170.17,25275.19,3084412,89167
100,2,0x48F9E33289644400490783f38E1FBf9fC1b935E1,1,25105.01,181.94,25286.95,3084412,89168
100,2,0x31760E9cB146bf2F6cbff234fC13E3Ccec07E5C6,1,25104.99,194.41,25299.40,3084412,89169
100,2,0x1Ec94725DD0B6D60E53Be59CaEAa47Bf86Dcb203,1,25104.98,206.26,25311.24,3084412,89170
100,2,0x054092F8fA75D6d9392D11dA3238604ab8cAa40f,1,25104.97,218.22,25323.19,3084412,89171
100,2,0x7246ED5402A46D07513843C89aF924030fB1401d,1,25104.95,230.73,25335.68,3084412,89172
100,2,0xcb443D74D11aa50624103a723593530EBc3b1DF1,1,25104.94,243.04,25347.98,3084412,89173
100,2,0x455a880b9EE5487d8ebceefBA247364c341ffbC7,1,25104.93,255.34,25360.26,3084412,89174
100,2,0xfe8748928D036b659Ba89a6432D05560ccD2BCC1,1,25104.92,267.84,25372.75,3084412,89175
100,2,0x91e57d08B6D59F81f1486Ef7f49daa5729A7331e,1,25104.90,279.70,25384.60,3084412,89176
100,2,0xd566511BAe42c1567F3DE7a451Fe017A9D7C14C5,1,25104.89,291.53,25396.42,3084412,89177
100,2,0x0A5DcA7518206C2dc1c8065DcEaFFc3178EbE090,1,25104.88,304.01,25408.89,3084412,89178
100,2,0x40e333F8B976b22a1aB68B698e4395eB6cD6d44D,1,25104.87,316.60,25421.46,3084400,89179
100,2,0x06dB8A46d9Fd8F8a75B2CC4b9d30E6ad938a0606,1,25104.85,329.58,25434.43,3084412,89180
100,2,0x46B0113a3Fd883fD53b329c6A5Df7F4F361c3dFF,1,25104.84,341.59,25446.43,3084412,89181
100,2,0x51ab9d9447269782Fb614857F77c3ceE57c5050C,1,25104.77,354.81,25459.57,3084412,89182
100,2,0x41F9edb5cEd58f64817385f41feAaBB332cca1D8,1,25104.73,368.17,25472.90,3084412,89183
100,2,0xA727aa7B53E2f9517be4C74227740f60102B9502,1,25104.71,380.69,25485.40,3084412,89184
100,2,0x2508459F7736276641E0A32dF3251d085fE3981F,1,25104.70,392.22,25496.92,3084412,89185
100,2,0xCedCeefd96c228e28bDd6c9c3185F355cC9d8D5b,1,25104.67,405.27,25509.94,3084400,89186
100,2,0x479EF7D711af229E46AdcB6b725753D17cA13533,1,25104.65,417.26,25521.91,3084412,89187
100,2,0x9F03Df1fF29D26c15a2aebe8696B1d4203a5D37c,1,25104.63,430.47,25535.10,3084412,89188
100,2,0x0fe59927EF1782f4CAD5be7D6306c78Aa93348dE,1,25104.62,442.37,25546.99,3084412,89189
100,2,0xC9b015f813A8628d6aCE3b5Ee974c91774495F6E,1,25104.60,454.30,25558.90,3084412,89190
100,2,0x461e50fFE1229c20C6B0419363EC7A3d64C77Bb3,1,25104.59,466.48,25571.07,3084412,89191
100,2,0x8626941bAfC5372Cdb8572cC0E1bD77a5Df7Bf30,1,25104.58,478.76,25583.34,3084412,89192
100,2,0xC0af24da881C7F947b014bC6d5EFC898D643BB75,1,25104.56,490.03,25594.59,3084412,89194
100,2,0xba9da3C1FFBaE219401B56C279842d460c2744d4,1,25104.55,502.21,25606.76,3084412,89195
100,2,0x47C3292385A1c75700d32B6184aaF4fD363D65E1,1,25104.54,513.96,25618.50,3084412,89196
100,2,0x25f9110de2e18CB5EFc121eBec78Cf1F6A5D370C,1,25104.52,525.85,25630.38,3084412,89197
100,2,0x9B4C51B22Ddb402Aaa342D344D1dB10c9ce94d5e,1,25104.51,537.99,25642.50,3084412,89198
100,2,0x32634a8FC3bC3FE3A7f631bbA370b2921A5387A4,1,25104.50,551.16,25655.66,3084412,89199
100,2,0xC5D9e66407AC6aCE25648828a03A20EeeC43a728,1,25104.49,564.18,25668.66,3084400,89200
100,2,0xF7303E2824e8F310Ef1E2a5B8a644168DC61A830,1,25104.47,576.67,25681.15,3084412,89201
100,2,0x19e8d1Df290CD1ECCA2080Ca4FE93353b4C9E737,1,25104.46,587.56,25692.02,3084412,89202
100,2,0xc0cA77dBB44AdB8Ea051Cf0b06DcbbF06bF86ECa,1,25104.45,599.33,25703.77,3084412,89203
100,2,0x0A5B92A625999a3c6d3975Ff1D7dE9070Dea722F,1,25104.44,611.28,25715.71,3084412,89204
100,2,0xa416A4337621f601CBE207cEA00d5bE55705dd94,1,25104.42,623.29,25727.72,3084412,89205
100,2,0x438EFBDc3EbCc61C99F86E4E0F81d99E7aC7782E,1,25104.41,634.90,25739.31,3084400,89206
100,2,0x9e13fA133213F7CfCaAd609F8367E121464EaEB5,1,25104.40,646.86,25751.26,3084412,89207
100,2,0xAD07Eb15495D9B62b0dFE9d54Ebdd196FdC5E997,1,25104.39,659.29,25763.67,3084412,89208
100,2,0x5f28BBDa0fEcBECAe904c9b21cF5a2D5CBed79Aa,1,25104.37,672.55,25776.92,3084412,89209
100,2,0xC0e0752E33f2425e1E3764DAf829a76B69aB1bAA,1,25104.36,683.83,25788.19,3084412,89210
100,2,0x221168372b0BeBAD1E90d1bd02FeC90b869430BB,1,25104.35,695.51,25799.85,3084412,89211
100,2,0x4f7f16B20Dd9b94967DbB76c06d366512d03Ea8D,1,25104.33,709.46,25813.80,3084412,89212
100,2,0x26EE5117B505a680c8129B15A0024dF17dF6F4f4,1,25104.32,722.85,25827.17,3084412,89213
100,2,0xe58DE4AA4936304c458A5c89826b2121eD51Ef20,1,25104.31,734.68,25838.99,3084412,89214
100,2,0x9546bD5A91e27960a5898E67137A8D48049AE1eA,1,25104.29,745.58,25849.87,3084400,89215
100,2,0x4b5457D2DE5A0111A23E3ceAD32e98ce56f806Bb,1,25104.28,756.99,25861.28,3084400,89216
100,2,0xD797dAc6AD760D4A10057E8E5bfCCE1686DF9965,1,25104.27,769.16,25873.43,3084412,89217
100,2,0xC008f4ded52B04b64b1AdFF6d29F0c9541Fbe1c2,1,25104.26,781.13,25885.38,3084412,89218
100,2,0x871A8407CdFC48B1d2ba3a1ce1c70233ff94fB05,1,25104.24,793.36,25897.60,3084412,89219
100,2,0xBa8Ede08C58300D98aE4D2EcF42446B7D8178720,1,25104.23,805.37,25909.60,3084412,89220
100,2,0x58B684d98E75e8097Faf153F4ACdE112812d3370,1,25104.22,818.16,25922.37,3084412,89221
100,2,0x305F01396fDBc674A9a3ec0eA0cA0d9D2E92F68a,1,25104.20,830.47,25934.67,3084412,89222
100,2,0x2832B12B9e02B6408ed715B6eA693994Ae8E8621,1,25104.19,842.46,25946.65,3084412,89223
100,2,0xC7Eeb85A3C164dAe86d30Bf435177F99BCe9c793,1,25104.14,854.59,25958.73,3084412,89224
100,2,0x8e70490B0BcAc93E9BE610CE9cF9a3BE609224Ff,1,25104.13,866.01,25970.14,3084412,89225
100,2,0xE26a9f6Cc004278b87d42FE8c2b9F35e179a9017,1,25104.11,878.47,25982.59,3084412,89226
100,2,0x2b678CFE8d79eaba118D944B7918aB183E76D15D,1,25104.10,890.20,25994.30,3084412,89227
100,2,0x8e5a7cCe99Ad411924c9188910Bc7fEf172e654D,1,25104.09,902.10,26006.19,3084412,89228
100,2,0x2Ea6536e3b99CE00AB9AA2FcdD0dDafc2df2A92d,1,25104.08,914.64,26018.72,3084412,89229
100,2,0x622122145f6Bf38cf6C4fa9BF3DF96208714b11B,1,25104.06,926.56,26030.63,3084412,89230
100,2,0x80E57a69164572F57928908C2776A27dB693b5C5,1,25104.05,938.58,26042.63,3084412,89231
100,2,0xf3efc1C19f87B21c3FB71c03f242b5e578D19e23,1,25104.04,950.38,26054.42,3084412,89232
100,2,0x8eBBbE10cDfd99A6c2491CE635465F1f17fcEE12,1,25104.02,961.95,26065.97,3084412,89233
100,2,0x9658631D6044f1d0e79e5839202255905E44160E,1,25104.01,973.52,26077.53,3084412,89234
100,2,0x73087F6c77E38c1A6FDDe188B07a1B3FBe9Fac16,1,25104.00,985.13,26089.13,3084400,89235
100,2,0xfc9D6A54Fc897952F640A756cC5b1126BeED0090,1,25103.98,996.66,26100.64,3084412,89236
100,2,0x62b567231FF91B98635912c280a3C7970c0ACea4,1,25103.97,1009.37,26113.34,3084412,89237
100,2,0x730B2eb2749a4Ac4B107cC8E37ec42e8A76cAC98,1,25103.96,1022.59,26126.55,3084412,89238
100,2,0xf797e5DE0f14B2fa2207C27fdb1863fBc6DDAFde,1,25103.95,1034.21,26138.15,3084412,89239
100,2,0xF328799E43100FA8EA7116AFedE2940A0aF7efaF,1,25103.93,1046.75,26150.69,3084412,89240
100,2,0x415aa2dD43d9F482cF2C1960B8C6377F0Fd1D6cC,1,25103.92,1058.86,26162.78,3084412,89241
100,2,0x302D5c4446442De86dFa8bA4d5B5DE3F2cd9023b,1,25103.91,1072.34,26176.25,3084412,89242
100,2,0x08ce7AFe7364F0377e483719487658ffCd04548e,1,25103.89,1084.60,26188.49,3084400,89243
100,2,0xeCEc9297D3F8FBBAde66914C39C9EBDe2b3AED67,1,25103.88,1095.34,26199.22,3084412,89244
100,2,0x031593FE3DA9FCA8825F1961C9D8F52782E33439,1,25103.87,1107.67,26211.54,3084412,89245
100,2,0xEdD8181F24b06Ac2Be44714e25dd2EA6fd2d86C2,1,25103.86,1119.59,26223.45,3084412,89246
100,2,0x33288EfE0F3B456E2D10e0CCc154bF70eE9927dA,1,25103.84,1130.58,26234.43,3084412,89247
100,2,0x2c347ecb494c1a2d21D8aB39cD0fC9a3Cd91B975,1,25103.83,1142.53,26246.37,3084412,89248
100,2,0xa65383Ec5C07D240CF9DA2dBCd45ad75c83105E8,1,25103.82,1154.72,26258.54,3084412,89249
100,2,0x82233bb80C421388A4366DCc68D6037b6B01a5Bd,1,25103.81,1167.76,26271.57,3084412,89250
100,2,0x6e56A8C0FF64D2a0EDcD5114725378420169a6a8,1,25103.79,1181.24,26285.03,3084412,89251
100,2,0xEaCDDd3892182E6AF51FaBdAfBccBf9f8af6489c,1,25103.78,1194.33,26298.11,3084412,89252
100,2,0x7ED24e1c0a403785be45D49A6b98F51cCc63ddd1,1,25103.77,1206.87,26310.64,3084412,89153
100,2,0xD460698dD5A64CE0C6c965E73773E0f43Cb5b629,1,25103.75,1219.50,26323.25,3084412,89154
200,0,0xf2688e2DCDA7181471848cF049ec619E1d682303,1,25156.56,506.91,25663.48,3084412,89258
200,0,0x28b6821346e28DDf04A9c83D59ab23F6F9aA217D,1,25156.34,519.39,25675.73,3084412,89259
200,0,0x44C77529e849994EE7fbB20eF0eBc6EBaC0f2B26,1,25156.31,533.16,25689.47,3084412,89260
200,0,0x5AB032806Db4e20154d12A2F47d9176270Cac672,1,25156.29,546.31,25702.59,3084412,89261
200,0,0x4360426eb9B7f13Ef7E0BDc3f2518dAe671BdFb6,1,25156.27,559.09,25715.35,3084412,89262
200,0,0xE3Ce32b446071C37A963E03c0e7c0Cc770df9426,1,25156.25,571.79,25728.04,3084412,89263
200,0,0x72999151675872C24Acd6F6A5bb60f7f956d8e72,1,25156.23,584.47,25740.69,3084412,89264
200,0,0xF6ca91A4998674a3Bb1a1cb0B8ad71D68eC3C058,1,25156.21,597.02,25753.23,3084400,89265
200,0,0xDb6A069BeA4addFe1CdAa6745AB0AAc13dBCE132,1,25156.19,609.67,25765.85,3084412,89266
200,0,0x852FaA83F546bc77669b4B040C0ca26f2e969237,1,25156.17,622.36,25778.53,3084400,89267
200,0,0x0B698941BFE56F30dE604B09c51A84dF00bEcD7E,1,25156.15,634.86,25791.01,3084412,89268
200,0,0xeA0f777F59F69Cf6f985a968927Fa623C1d9e55F,1,25156.13,647.46,25803.59,3084412,89269
200,0,0x6C9978a379a874f69fd6fdd055711f89F0F579E8,1,25156.12,660.20,25816.32,3084412,89270
200,0,0x6ec8bbb7635275b63698CdAd46513D8f067327A8,1,25156.10,672.64,25828.73,3084412,89271
200,0,0x48F9E33289644400490783f38E1FBf9fC1b935E1,1,25156.08,685.39,25841.47,3084412,89272
200,0,0x31760E9cB146bf2F6cbff234fC13E3Ccec07E5C6,1,25156.06,697.96,25854.02,3084412,89273
200,0,0x1Ec94725DD0B6D60E53Be59CaEAa47Bf86Dcb203,1,25156.04,710.39,25866.44,3084412,89274
200,0,0x054092F8fA75D6d9392D11dA3238604ab8cAa40f,1,25156.03,722.65,25878.67,3084412,89275
200,0,0x7246ED5402A46D07513843C89aF924030fB1401d,1,25156.01,735.43,25891.44,3084412,89276
200,0,0xcb443D74D11aa50624103a723593530EBc3b1DF1,1,25155.99,748.65,25904.64,3084412,89277
200,0,0x455a880b9EE5487d8ebceefBA247364c341ffbC7,1,25155.97,761.58,25917.55,3084412,89278
200,0,0xfe8748928D036b659Ba89a6432D05560ccD2BCC1,1,25155.96,775.32,25931.27,3084412,89279
200,0,0x91e57d08B6D59F81f1486Ef7f49daa5729A7331e,1,25155.94,788.85,25944.79,3084412,89280
200,0,0xd566511BAe42c1567F3DE7a451Fe017A9D7C14C5,1,25155.92,800.33,25956.25,3084412,89281
200,0,0x0A5DcA7518206C2dc1c8065DcEaFFc3178EbE090,1,25155.89,813.05,25968.94,3084412,89282
200,0,0x40e333F8B976b22a1aB68B698e4395eB6cD6d44D,1,25155.88,825.33,25981.21,3084400,89283
200,0,0x06dB8A46d9Fd8F8a75B2CC4b9d30E6ad938a0606,1,25155.86,837.91,25993.77,3084412,89284
200,0,0x46B0113a3Fd883fD53b329c6A5Df7F4F361c3dFF,1,25155.84,851.53,26007.36,3084412,89285
200,0,0x51ab9d9447269782Fb614857F77c3ceE57c5050C,1,25155.82,865.43,26021.25,3084412,89286
200,0,0x41F9edb5cEd58f64817385f41feAaBB332cca1D8,1,25155.79,878.04,26033.83,3084412,89287
200,0,0xA727aa7B53E2f9517be4C74227740f60102B9502,1,25155.77,890.35,26046.13,3084412,89288
200,0,0x2508459F7736276641E0A32dF3251d085fE3981F,1,25155.75,903.11,26058.87,3084400,89289
200,0,0xCedCeefd96c228e28bDd6c9c3185F355cC9d8D5b,1,25155.74,917.15,26072.88,3084412,89290
200,0,0x479EF7D711af229E46AdcB6b725753D17cA13533,1,25155.72,929.57,26085.29,3084400,89291
200,0,0x9F03Df1fF29D26c15a2aebe8696B1d4203a5D37c,1,25155.68,941.99,26097.67,3084412,89292
200,0,0x0fe59927EF1782f4CAD5be7D6306c78Aa93348dE,1,25155.65,953.28,26108.93,3084412,89293
200,0,0xC9b015f813A8628d6aCE3b5Ee974c91774495F6E,1,25155.63,965.98,26121.62,3084412,89294
200,0,0x461e50fFE1229c20C6B0419363EC7A3d64C77Bb3,1,25155.61,977.54,26133.15,3084412,89295
200,0,0x8626941bAfC5372Cdb8572cC0E1bD77a5Df7Bf30,1,25155.60,989.97,26145.56,3084412,89296
200,0,0xC0af24da881C7F947b014bC6d5EFC898D643BB75,1,25155.58,1001.40,26156.98,3084412,89297
200,0,0xba9da3C1FFBaE219401B56C279842d460c2744d4,1,25155.57,1014.08,26169.65,3084412,89298
200,0,0x47C3292385A1c75700d32B6184aaF4fD363D65E1,1,25155.55,1026.26,26181.82,3084400,89299
200,0,0x25f9110de2e18CB5EFc121eBec78Cf1F6A5D370C,1,25155.54,1038.55,26194.09,3084412,89300
200,0,0x9B4C51B22Ddb402Aaa342D344D1dB10c9ce94d5e,1,25155.53,1050.65,26206.18,3084412,89301
200,0,0x32634a8FC3bC3FE3A7f631bbA370b2921A5387A4,1,25155.51,1062.94,26218.45,3084412,89302
200,0,0xC5D9e66407AC6aCE25648828a03A20EeeC43a728,1,25155.50,1075.01,26230.50,3084412,89303
200,0,0xF7303E2824e8F310Ef1E2a5B8a644168DC61A830,1,25155.48,1090.03,26245.52,3084412,89304
200,0,0x19e8d1Df290CD1ECCA2080Ca4FE93353b4C9E737,1,25155.47,1102.25,26257.72,3084412,89305
200,0,0xc0cA77dBB44AdB8Ea051Cf0b06DcbbF06bF86ECa,1,25155.45,1115.30,26270.75,3084412,89306
200,0,0x0A5B92A625999a3c6d3975Ff1D7dE9070Dea722F,1,25155.44,1129.57,26285.01,3084412,89307
200,0,0xa416A4337621f601CBE207cEA00d5bE55705dd94,1,25155.42,1141.78,26297.20,3084412,89308
200,0,0x438EFBDc3EbCc61C99F86E4E0F81d99E7aC7782E,1,25155.41,1153.96,26309.37,3084412,89309
200,0,0x9e13fA133213F7CfCaAd609F8367E121464EaEB5,1,25155.39,1166.04,26321.44,3084412,89310
200,0,0xAD07Eb15495D9B62b0dFE9d54Ebdd196FdC5E997,1,25155.38,1177.82,26333.19,3084412,89312
200,0,0x5f28BBDa0fEcBECAe904c9b21cF5a2D5CBed79Aa,1,25155.36,1190.09,26345.46,3084412,89313
200,0,0xC0e0752E33f2425e1E3764DAf829a76B69aB1bAA,1,25155.35,1202.96,26358.30,3084400,89314
200,0,0x221168372b0BeBAD1E90d1bd02FeC90b869430BB,1,25155.33,1214.30,26369.64,3084412,89315
200,0,0x4f7f16B20Dd9b94967DbB76c06d366512d03Ea8D,1,25155.32,1226.61,26381.93,3084412,89316
200,0,0x26EE5117B505a680c8129B15A0024dF17dF6F4f4,1,25155.31,1238.83,26394.13,3084400,89317
200,0,0xe58DE4AA4936304c458A5c89826b2121eD51Ef20,1,25155.29,1251.04,26406.33,3084412,89318
200,0,0x9546bD5A91e27960a5898E67137A8D48049AE1eA,1,25155.28,1262.31,26417.58,3084412,89319
200,0,0x4b5457D2DE5A0111A23E3ceAD32e98ce56f806Bb,1,25155.26,1274.78,26430.04,3084412,89320
200,0,0xD797dAc6AD760D4A10057E8E5bfCCE1686DF9965,1,25155.24,1287.70,26442.95,3084412,89321
200,0,0xC008f4ded52B04b64b1AdFF6d29F0c9541Fbe1c2,1,25155.23,1300.01,26455.24,3084412,89322
200,0,0x871A8407CdFC48B1d2ba3a1ce1c70233ff94fB05,1,25155.22,1311.39,26466.61,3084412,89323
200,0,0xBa8Ede08C58300D98aE4D2EcF42446B7D8178720,1,25155.20,1323.88,26479.08,3084412,89324
200,0,0x58B684d98E75e8097Faf153F4ACdE112812d3370,1,25155.19,1336.06,26491.25,3084400,89325
200,0,0x305F01396fDBc674A9a3ec0eA0cA0d9D2E92F68a,1,25155.18,1347.29,26502.47,3084412,89326
200,0,0x2832B12B9e02B6408ed715B6eA693994Ae8E8621,1,25155.17,1359.55,26514.72,3084412,89327
200,0,0xC7Eeb85A3C164dAe86d30Bf435177F99BCe9c793,1,25155.15,1372.09,26527.25,3084412,89328
200,0,0x8e70490B0BcAc93E9BE610CE9cF9a3BE609224Ff,1,25155.14,1384.80,26539.94,3084412,89329
200,0,0xE26a9f6Cc004278b87d42FE8c2b9F35e179a9017,1,25155.13,1396.89,26552.02,3084412,89330
200,0,0x2b678CFE8d79eaba118D944B7918aB183E76D15D,1,25155.11,1409.11,26564.22,3084412,89331
200,0,0x8e5a7cCe99Ad411924c9188910Bc7fEf172e654D,1,25155.10,1421.45,26576.55,3084412,89332
200,0,0x2Ea6536e3b99CE00AB9AA2FcdD0dDafc2df2A92d,1,25155.09,1434.10,26589.19,3084412,89333
200,0,0x622122145f6Bf38cf6C4fa9BF3DF96208714b11B,1,25155.07,1446.22,26601.29,3084412,89334
200,0,0x80E57a69164572F57928908C2776A27dB693b5C5,1,25155.01,1458.33,26613.34,3084412,89335
200,0,0xf3efc1C19f87B21c3FB71c03f242b5e578D19e23,1,25154.98,1470.73,26625.71,3084412,89336
200,0,0x8eBBbE10cDfd99A6c2491CE635465F1f17fcEE12,1,25154.96,1483.29,26638.25,3084412,89337
200,0,0x9658631D6044f1d0e79e5839202255905E44160E,1,25154.95,1495.61,26650.56,3084412,89338
200,0,0x73087F6c77E38c1A6FDDe188B07a1B3FBe9Fac16,1,25153.90,1507.80,26661.71,3084412,89339
200,0,0xfc9D6A54Fc897952F640A756cC5b1126BeED0090,1,25153.85,1519.80,26673.65,3084412,89340
200,0,0x62b567231FF91B98635912c280a3C7970c0ACea4,1,25153.84,1531.94,26685.78,3084412,89341
200,0,0x730B2eb2749a4Ac4B107cC8E37ec42e8A76cAC98,1,25153.82,1543.00,26696.82,3084412,89342
200,0,0xf797e5DE0f14B2fa2207C27fdb1863fBc6DDAFde,1,25153.81,1554.30,26708.11,3084412,89343
200,0,0xF328799E43100FA8EA7116AFedE2940A0aF7efaF,1,25153.80,1566.66,26720.46,3084412,89344
200,0,0x415aa2dD43d9F482cF2C1960B8C6377F0Fd1D6cC,1,25153.79,1579.72,26733.51,3084412,89345
200,0,0x302D5c4446442De86dFa8bA4d5B5DE3F2cd9023b,1,25153.77,1591.53,26745.31,3084412,89346
200,0,0x08ce7AFe7364F0377e483719487658ffCd04548e,1,25153.76,1604.07,26757.83,3084412,89347
200,0,0xeCEc9297D3F8FBBAde66914C39C9EBDe2b3AED67,1,25153.75,1616.83,26770.57,3084412,89348
200,0,0x031593FE3DA9FCA8825F1961C9D8F52782E33439,1,25153.73,1628.55,26782.29,3084412,89349
200,0,0xEdD8181F24b06Ac2Be44714e25dd2EA6fd2d86C2,1,25153.72,1641.25,26794.97,3084412,89350
200,0,0x33288EfE0F3B456E2D10e0CCc154bF70eE9927dA,1,25153.65,1653.74,26807.39,3084412,89351
200,0,0x2c347ecb494c1a2d21D8aB39cD0fC9a3Cd91B975,1,25153.63,1666.63,26820.26,3084412,89352
200,0,0xa65383Ec5C07D240CF9DA2dBCd45ad75c83105E8,1,25153.62,1678.72,26832.34,3084412,89353
200,0,0x82233bb80C421388A4366DCc68D6037b6B01a5Bd,1,25153.60,1691.72,26845.32,3084412,89354
200,0,0x6e56A8C0FF64D2a0EDcD5114725378420169a6a8,1,25153.58,1704.09,26857.67,3084412,89355
200,0,0xEaCDDd3892182E6AF51FaBdAfBccBf9f8af6489c,1,25153.57,1716.78,26870.34,3084412,89356
200,0,0x7ED24e1c0a403785be45D49A6b98F51cCc63ddd1,1,25646.21,1236.72,26882.93,3084412,89258
200,0,0xD460698dD5A64CE0C6c965E73773E0f43Cb5b629,1,25646.20,1249.57,26895.77,3084412,89260
200,0,0xF9F66D882fec772036DF5cCf3dBb3e670452a039,1,25646.19,1262.94,26909.12,3084412,89261
200,0,0xAa52376184EB0F654531988272443Ab2C8e979D8,1,25646.17,1275.62,26921.80,3084412,89262
200,0,0x723d92Bdd88943A1C6160C7C5601699F43a3063A,1,25646.16,1287.89,26934.05,3084412,89263
200,0,0xaeBE7ba3605f002071372B4597eee033ca04564D,1,25646.15,1300.40,26946.55,3084412,89264
200,0,0xAE21d982cdB7dB15Ef8BAfbfBDcB2d2F6D757A27,1,25646.13,1311.92,26958.05,3084412,89265
200,0,0x2d525E931681D3fb064512BA965877cE0B0b8F72,1,25646.12,1324.67,26970.79,3084412,89266
200,0,0x7c46e52E6c1DeC7cd594FF2Da7FFd5c911D96d0B,1,25646.09,1337.44,26983.52,3084412,89267
200,0,0x3692A71452cc75A45D0878FAdE7596208707e14d,1,25646.01,1349.91,26995.93,3084412,89268
200,0,0x08e278Fff9571dB09674D7Ca9A8a0dF4CfccA469,1,25645.99,1362.07,27008.05,3084412,89269
200,0,0x6eb0d18CA8e28e1FEd658FF438dF75D913bB7182,1,25645.97,1375.09,27021.06,3084412,89270
200,0,0x3CCD5b63bfb2B62e8BA7388A9456E726b0788831,1,25645.96,1388.46,27034.42,3084412,89271
200,0,0x4D894B7039c49481adA988AD960D5497B15640d6,1,25645.95,1400.88,27046.83,3084412,89272
200,0,0x31530d016DFC9896f90AF83855c3dDd43AcAB21d,1,25645.60,1413.82,27059.42,3084412,89273
200,0,0xCf8567bc9fc17573c48105af2A08926677e1839e,1,25645.56,1426.08,27071.64,3084412,89274
200,0,0x4fB8d3C1ee027Db6C1637Cd837D69C1fc1033441,1,25645.50,1438.56,27084.06,3084412,89275
200,0,0x63AF98A75B9C1bB459D24A14CD8dA693c1700DF7,1,25645.49,1451.30,27096.79,3084412,89276
200,0,0x62427BBCdfCEb6100F19fC2254056c013e2c4B82,1,25645.47,1463.92,27109.39,3084400,89277
200,0,0x9B5f43dAec6D9C407c1F3b8b594A20995DDcc92D,1,25645.46,1476.29,27121.75,3084412,89278
200,0,0xA9CEF1272c3510B34b91328C1684c477dF349D73,1,25645.45,1488.81,27134.26,3084412,89279
200,0,0xF4e4279E5CdF67c174e44B335C1F0121c8F06943,1,25645.43,1500.93,27146.36,3084412,89280
200,0,0x0e327fD88989fB183aB56CF93af1C76418f6bbee,1,25645.41,1513.48,27158.89,3084412,89281
200,0,0xDC026FAD835EdceBF8988155B29Ad4Ad021bf35A,1,25645.39,1525.59,27170.98,3084412,89282
200,0,0x36C0d25c32dC340DA6c61DCd17Ad9d0064e6CEac,1,25645.38,1538.05,27183.43,3084412,89283
200,0,0x36E5607252064610bb1F800b1f4CC904114e0C01,1,25645.36,1550.15,27195.52,3084412,89284
200,0,0x08b0944662112506C50a6BB5Aea1d4D1B968d483,1,25645.35,1561.97,27207.32,3084412,89285
200,0,0x4F306d9a9b408Dc64277A0220d784e5D5411ad91,1,25645.34,1573.88,27219.22,3084412,89286
200,0,0x2e89dDd885940bCd7E3f7f383f20b692ca2fcCD7,1,25645.33,1586.25,27231.58,3084412,89287
200,0,0x410908e4A3AC9Bc9afAEea5c338fD7585802FAf8,1,25645.32,1598.22,27243.53,3084412,89288
200,0,0x90Bb3cbFEB1b77127f3090D3A55dFAf06ccA295d,1,25645.28,1608.95,27254.22,3084412,89289
200,0,0xE6a9b880c55A700686579f661D60f2F7b57510D6,1,25645.26,1620.91,27266.17,3084412,89290
200,0,0xbfC789c90A31BA824012786c53EdA9B614b11976,1,25645.25,1633.04,27278.29,3084400,89291
200,0,0xde57cf8e536bb0302f18ab8F774EeB1e862F1813,1,25645.24,1645.29,27290.52,3084412,89292
200,0,0xD42326379702477849cdb027c5840464363072bF,1,25645.23,1656.15,27301.38,3084412,89293
200,0,0x24b33D18910D76c7DF91e0F8Ea6Dcb93AA286453,1,25645.21,1668.12,27313.33,3084412,89294
200,0,0x2c4397d62161CeAc48AAC9E138F1431be48b6C22,1,25645.20,1680.22,27325.42,3084400,89295
200,0,0x5315a5340cD936059e019d6a31418B7A4eA640dF,1,25645.19,1691.56,27336.75,3084412,89296
200,0,0x14775DE4F0Bd0BEEA72c47066E42bA8F24A6D06d,1,25645.18,1704.09,27349.26,3084412,89297
200,0,0x6f1C6F494efe616C5C3920FBd1D2633FfEC1bcDe,1,25645.17,1716.24,27361.40,3084400,89298
200,0,0xffc9FFc082c03c66D12a99956D60691Dd98Be7b5,1,25645.15,1727.94,27373.09,3084400,89299
200,0,0x2dE56701aD2Cc3443D7FC25F2a059deE4Bd9De5f,1,25645.14,1740.49,27385.63,3084412,89300
200,0,0xdfBbd5a64d1abf873E06Dc509255D97fb2731D32,1,25645.13,1752.48,27397.61,3084412,89301
200,0,0xb147fd2D99043b66AD5a27915EA55BC809e92828,1,25645.12,1765.46,27410.58,3084412,89302
200,0,0x1ED8e5aa0Ffc8188Ff6BA8AA14e2B8e2796b3261,1,25645.10,1777.33,27422.44,3084412,89303
200,0,0xA355144f0cCBc47B63Ec0541b70D473a530E331A,1,25645.09,1789.69,27434.78,3084412,89304
200,0,0xe109134d3987E613B0fd2d7f2395Bcf5F755018C,1,25645.08,1802.23,27447.31,3084412,89305
200,0,0x948c2c34E32817EC006CB452B3603b316DF75d18,1,25645.07,1814.21,27459.28,3084412,89306
200,0,0x373bfF995d056cec6F30314F34395375E9AE2E3f,1,25645.06,1826.11,27471.17,3084412,89307
200,0,0xa37704CEc112271E619e8663dB7D18077BE44846,1,25645.04,1838.01,27483.06,3084412,89308
200,0,0x679032D2D78A6Fa72f8EFBAbb807F14963b8Aa73,1,25645.03,1850.05,27495.08,3084412,89309
200,0,0xF8f166BCAE3518bFe3bD02C006F51feE41924Db9,1,25645.02,1862.23,27507.25,3084412,89310
200,0,0x4Db0292F39BC5b996F75328e27f2EAb8239D6783,1,25645.01,1872.92,27517.93,3084412,89312
200,0,0xe41590fa1fea28Bff8a61D754Ab22a17d55bEb14,1,25645.00,1884.85,27529.84,3084412,89313
200,0,0x24320c602C1aE39885C439711C0001034E22C66F,1,25644.98,1896.85,27541.83,3084412,89314
200,0,0x1CD343d054ace10cCfEe9caC26CC3674270f97b4,1,25644.97,1908.67,27553.64,3084412,89315
200,0,0xd9a167693615F18Ccc1f81A66A120240b04BA389,1,25644.96,1920.43,27565.39,3084412,89316
200,0,0x9C84EEEa6fFD84C892a074c12372eD538DBcf00a,1,25644.95,1932.32,27577.27,3084412,89317
200,0,0x7182Ea20b2a1c94b6f845Fc71cDe06FbFEc4299e,1,25644.94,1945.09,27590.03,3084412,89318
200,0,0x9c93485ede01D854C3d7612e1400d86258543439,1,25644.86,1956.27,27601.13,3084412,89319
200,0,0xE0177dE1C64082BcafD0a7e0B9422F921baECB74,1,25644.82,1968.41,27613.23,3084412,89320
200,0,0xf1449544C681e4F3D6fA1020b206448Ae79F5789,1,25644.81,1980.24,27625.05,3084412,89321
200,0,0x89AacEff913C827E2e916B63a28F1bC155724C6e,1,25644.79,1992.24,27637.03,3084412,89322
200,0,0xD8721e8b274Eac6d3A56178463DbA7F539d19A84,1,25644.78,2004.17,27648.95,3084412,89323
200,0,0xDf79eb413B4BA517825895019821652D07011Fcc,1,25644.77,2016.27,27661.04,3084412,89324
200,0,0x0B01Ec96D735312B459520FF1B631908c32BCA54,1,25644.76,2028.15,27672.90,3084400,89325
200,0,0x95e79C6c1D6290Cd86B696eAa9b7FB13077F6e4b,1,25644.74,2040.27,27685.02,3084412,89326
200,0,0xbe831C0eBaD086BC7a40Af8c8E6C2b68C954257c,1,25644.73,2052.39,27697.13,3084412,89327
200,0,0xe8282225Ab15aD45B3a5f3fF9316A0A6D4332214,1,25644.72,2063.23,27707.95,3084412,89328
200,0,0xdbe38a8F87144943acBd4553D6532d694cD96f82,1,25644.71,2074.39,27719.09,3084412,89329
200,0,0xC9540593A1a047379Ec782900841844E58E9Bc89,1,25644.69,2086.75,27731.44,3084412,89330
200,0,0xCBFBa4b01E4aBF44b9Df5F1c89100c38ce90cfC2,1,25644.68,2099.21,27743.89,3084400,89331
200,0,0x113CEc9C2c9dab7AcFc339eD8A29707159c5E189,1,25644.67,2110.63,27755.29,3084412,89332
200,0,0xdc4Be65AfDfca557081EEe14b0EBe625D83371a4,1,25644.66,2122.59,27767.25,3084400,89333
200,0,0xcCc21C25CF64Bfd7a702248017B2D99a00c75539,1,25644.65,2134.47,27779.12,3084412,89334
200,0,0xCE591D9639c2290E7c7708B74324aC969452aaE4,1,25644.63,2146.36,27790.99,3084412,89335
200,0,0x42313C03fA5E9a35262465D3a37c202DB53bBfe7,1,25644.62,2157.52,27802.15,3084412,89336
200,0,0x0415c59EC6f356C1355947e5acCf405d3D534d9c,1,25644.61,2169.61,27814.22,3084412,89337
200,0,0x5372cD30075788acE43d78Fb95B783737Ad0c739,1,25644.60,2181.19,27825.78,3084412,89338
200,0,0xD266BF6B1DE31589f7A7801BB8cD2B0fcC4b638e,1,25644.59,2193.54,27838.13,3084412,89339
200,0,0xeaaBBEeDf924702b24E120e0e8DbaF26446E89FC,1,25644.57,2205.92,27850.49,3084412,89340
200,0,0x42d67B978150d800c7f8b3b04354d2F57737201b,1,25644.56,2217.94,27862.50,3084412,89341
200,0,0x7280E3786Aa7836Fb0DFCe76754d63D2e412724b,1,25644.55,2229.98,27874.53,3084412,89342
200,0,0x41691b7584d8472Bd3799610DbFA60208426ACea,1,25644.54,2242.23,27886.77,3084412,89343
200,0,0xb03fDd24F01fae1C1a23715d2014AB616C027591,1,25644.52,2253.81,27898.33,3084412,89344
200,0,0x0f167cf56015B3FA576b506dF7e99C190E0a6417,1,25644.51,2265.88,27910.39,3084412,89345
200,0,0x0D75DEeD6a8BE0D563d8a84f3e01F217F42c410d,1,25644.50,2277.62,27922.12,3084412,89346
200,0,0x00Ff52034b8DAfDa7731C75b4117257046749914,1,25644.49,2290.11,27934.60,3084412,89347
200,0,0x12fDF5108314cdd537f4E8F0cc615443188d45e0,1,25644.48,2302.58,27947.06,3084412,89348
200,0,0x462c015F9b22335dC8B3000181050d8f9A3774e9,1,25644.46,2314.40,27958.87,3084412,89349
200,0,0xcb7B4d76e984D52C8e8Df1f93a9510Af10695803,1,25644.45,2326.01,27970.46,3084412,89350
200,0,0xA998669102C15bdA79182423328A6350A2822ecC,1,25644.44,2337.91,27982.35,3084400,89351
200,0,0xE6253643589e1087472bf7d9F231edA1fbcb7036,1,25644.43,2349.93,27994.35,3084400,89352
200,0,0x826A1468cEaa3B3096431595A2A2f70B1CD8dDEd,1,25644.41,2361.84,28006.25,3084412,89353
200,0,0x432F7dA33B67A462c6d5E2f5fbfB48c1413211DB,1,25644.40,2373.42,28017.83,3084412,89354
200,0,0xf6c4A8B6Cd683b6c831e27e52A8735d114758436,1,25644.39,2385.29,28029.68,3084412,89355
200,0,0x60900cc837b54db2370845cA94E72E537d3b45e7,1,25644.37,2397.23,28041.60,3084400,89356
200,0,0x610D26d2CCc76A71f7c4B5BC66f8ca0958c5D82A,1,25644.36,2409.02,28053.38,3084412,89357
200,0,0x225Cb198a7c5c59E6b59c3a7d490973FAe8D855f,1,25644.35,2420.91,28065.26,3084412,89358
200,0,0x11b249d519f4cfb7095f557D0003dbEbE1EA3c35,1,25151.65,2925.53,28077.18,3084412,89257
200,0,0x0B4c14774bd97ABAf79F53C1F380553246aCEF3e,1,25151.64,2937.76,28089.40,3084412,89258
200,0,0x4771ADDd03E70C67B4FD08D0aefdCa8037ef2B5c,1,25644.28,2456.96,28101.24,3084412,89259
200,1,0xf2688e2DCDA7181471848cF049ec619E1d682303,1,25216.99,725.39,25942.38,3084412,89369
200,1,0x28b6821346e28DDf04A9c83D59ab23F6F9aA217D,1,25216.81,737.27,25954.07,3084400,89370
200,1,0x44C77529e849994EE7fbB20eF0eBc6EBaC0f2B26,1,25216.78,749.57,25966.36,3084412,89371
200,1,0x5AB032806Db4e20154d12A2F47d9176270Cac672,1,25216.77,762.12,25978.89,3084412,89372
200,1,0x4360426eb9B7f13Ef7E0BDc3f2518dAe671BdFb6,1,25216.76,774.36,25991.12,3084412,89373
200,1,0xE3Ce32b446071C37A963E03c0e7c0Cc770df9426,1,25216.75,787.07,26003.82,3084412,89374
200,1,0x72999151675872C24Acd6F6A5bb60f7f956d8e72,1,25216.74,799.48,26016.22,3084400,89375
200,1,0xF6ca91A4998674a3Bb1a1cb0B8ad71D68eC3C058,1,25216.72,813.61,26030.33,3084412,89376
200,1,0xDb6A069BeA4addFe1CdAa6745AB0AAc13dBCE132,1,25216.71,826.86,26043.57,3084412,89377
200,1,0x852FaA83F546bc77669b4B040C0ca26f2e969237,1,25216.70,839.38,26056.08,3084400,89378
200,1,0x0B698941BFE56F30dE604B09c51A84dF00bEcD7E,1,25216.69,851.63,26068.32,3084412,89379
200,1,0xeA0f777F59F69Cf6f985a968927Fa623C1d9e55F,1,25216.68,864.02,26080.70,3084412,89380
200,1,0x6C9978a379a874f69fd6fdd055711f89F0F579E8,1,25216.66,876.42,26093.08,3084412,89381
200,1,0x6ec8bbb7635275b63698CdAd46513D8f067327A8,1,25216.65,887.75,26104.40,3084412,89382
200,1,0x48F9E33289644400490783f38E1FBf9fC1b935E1,1,25216.64,900.37,26117.00,3084412,89383
200,1,0x31760E9cB146bf2F6cbff234fC13E3Ccec07E5C6,1,25216.62,912.99,26129.61,3084412,89384
200,1,0x1Ec94725DD0B6D60E53Be59CaEAa47Bf86Dcb203,1,25216.61,925.52,26142.13,3084412,89385
200,1,0x054092F8fA75D6d9392D11dA3238604ab8cAa40f,1,25216.60,937.83,26154.43,3084400,89386
200,1,0x7246ED5402A46D07513843C89aF924030fB1401d,1,25216.59,950.39,26166.98,3084412,89387
200,1,0xcb443D74D11aa50624103a723593530EBc3b1DF1,1,25216.58,963.05,26179.62,3084412,89388
200,1,0x455a880b9EE5487d8ebceefBA247364c341ffbC7,1,25216.56,975.38,26191.94,3084412,89389
200,1,0xfe8748928D036b659Ba89a6432D05560ccD2BCC1,1,25216.55,987.75,26204.30,3084412,89390
200,1,0x91e57d08B6D59F81f1486Ef7f49daa5729A7331e,1,25216.54,999.96,26216.50,3084412,89391
200,1,0xd566511BAe42c1567F3DE7a451Fe017A9D7C14C5,1,25216.53,1011.99,26228.52,3084412,89392
200,1,0x0A5DcA7518206C2dc1c8065DcEaFFc3178EbE090,1,25216.52,1024.52,26241.03,3084412,89393
200,1,0x40e333F8B976b22a1aB68B698e4395eB6cD6d44D,1,25216.50,1037.15,26253.66,3084412,89394
200,1,0x06dB8A46d9Fd8F8a75B2CC4b9d30E6ad938a0606,1,25216.49,1049.01,26265.50,3084412,89395
200,1,0x46B0113a3Fd883fD53b329c6A5Df7F4F361c3dFF,1,25216.48,1061.63,26278.11,3084412,89396
200,1,0x51ab9d9447269782Fb614857F77c3ceE57c5050C,1,25216.47,1073.81,26290.28,3084412,89397
200,1,0x41F9edb5cEd58f64817385f41feAaBB332cca1D8,1,25216.46,1086.35,26302.81,3084412,89398
200,1,0xA727aa7B53E2f9517be4C74227740f60102B9502,1,25216.45,1097.70,26314.14,3084412,89399
200,1,0x2508459F7736276641E0A32dF3251d085fE3981F,1,25216.43,1110.32,26326.75,3084412,89400
200,1,0xCedCeefd96c228e28bDd6c9c3185F355cC9d8D5b,1,25216.42,1121.98,26338.40,3084412,89401
200,1,0x479EF7D711af229E46AdcB6b725753D17cA13533,1,25216.41,1134.33,26350.74,3084412,89402
200,1,0x9F03Df1fF29D26c15a2aebe8696B1d4203a5D37c,1,25216.40,1145.45,26361.85,3084412,89403
200,1,0x0fe59927EF1782f4CAD5be7D6306c78Aa93348dE,1,25216.39,1156.69,26373.08,3084412,89404
200,1,0xC9b015f813A8628d6aCE3b5Ee974c91774495F6E,1,25216.38,1169.29,26385.67,3084412,89405
200,1,0x461e50fFE1229c20C6B0419363EC7A3d64C77Bb3,1,25216.36,1180.23,26396.60,3084412,89406
200,1,0x8626941bAfC5372Cdb8572cC0E1bD77a5Df7Bf30,1,25216.35,1192.93,26409.28,3084412,89407
200,1,0xC0af24da881C7F947b014bC6d5EFC898D643BB75,1,25216.34,1205.38,26421.72,3084412,89408
200,1,0xba9da3C1FFBaE219401B56C279842d460c2744d4,1,25216.33,1216.63,26432.96,3084412,89409
200,1,0x47C3292385A1c75700d32B6184aaF4fD363D65E1,1,25216.32,1229.80,26446.12,3084412,89410
200,1,0x25f9110de2e18CB5EFc121eBec78Cf1F6A5D370C,1,25216.30,1242.66,26458.96,3084412,89411
200,1,0x9B4C51B22Ddb402Aaa342D344D1dB10c9ce94d5e,1,25216.29,1255.35,26471.64,3084400,89412
200,1,0x32634a8FC3bC3FE3A7f631bbA370b2921A5387A4,1,25216.28,1267.22,26483.50,3084412,89413
200,1,0xC5D9e66407AC6aCE25648828a03A20EeeC43a728,1,25216.27,1279.90,26496.16,3084412,89414
200,1,0xF7303E2824e8F310Ef1E2a5B8a644168DC61A830,1,25216.26,1293.19,26509.44,3084412,89415
200,1,0x19e8d1Df290CD1ECCA2080Ca4FE93353b4C9E737,1,25216.25,1305.25,26521.50,3084412,89416
200,1,0xc0cA77dBB44AdB8Ea051Cf0b06DcbbF06bF86ECa,1,25216.24,1318.05,26534.29,3084412,89417
200,1,0x0A5B92A625999a3c6d3975Ff1D7dE9070Dea722F,1,25216.22,1330.67,26546.89,3084412,89418
200,1,0xa416A4337621f601CBE207cEA00d5bE55705dd94,1,25216.19,1343.52,26559.71,3084412,89419
200,1,0x438EFBDc3EbCc61C99F86E4E0F81d99E7aC7782E,1,25216.17,1356.02,26572.19,3084412,89420
200,1,0x9e13fA133213F7CfCaAd609F8367E121464EaEB5,1,25216.16,1368.75,26584.91,3084412,89421
200,1,0xAD07Eb15495D9B62b0dFE9d54Ebdd196FdC5E997,1,25216.15,1381.22,26597.36,3084412,89422
200,1,0x5f28BBDa0fEcBECAe904c9b21cF5a2D5CBed79Aa,1,25216.13,1392.32,26608.46,3084412,89423
200,1,0xC0e0752E33f2425e1E3764DAf829a76B69aB1bAA,1,25216.12,1403.96,26620.08,3084412,89425
200,1,0x221168372b0BeBAD1E90d1bd02FeC90b869430BB,1,25216.11,1416.39,26632.50,3084412,89426
200,1,0x4f7f16B20Dd9b94967DbB76c06d366512d03Ea8D,1,25216.10,1427.90,26644.00,3084412,89427
200,1,0x26EE5117B505a680c8129B15A0024dF17dF6F4f4,1,25216.09,1440.31,26656.40,3084412,89428
200,1,0xe58DE4AA4936304c458A5c89826b2121eD51Ef20,1,25216.08,1451.74,26667.82,3084412,89429
200,1,0x9546bD5A91e27960a5898E67137A8D48049AE1eA,1,25216.06,1463.90,26679.96,3084412,89430
200,1,0x4b5457D2DE5A0111A23E3ceAD32e98ce56f806Bb,1,25216.05,1476.43,26692.48,3084412,89431
200,1,0xD797dAc6AD760D4A10057E8E5bfCCE1686DF9965,1,25216.04,1488.18,26704.22,3084412,89432
200,1,0xC008f4ded52B04b64b1AdFF6d29F0c9541Fbe1c2,1,25216.03,1499.57,26715.60,3084412,89433
200,1,0x871A8407CdFC48B1d2ba3a1ce1c70233ff94fB05,1,25216.01,1511.89,26727.91,3084412,89434
200,1,0xBa8Ede08C58300D98aE4D2EcF42446B7D8178720,1,25216.00,1524.46,26740.46,3084412,89435
200,1,0x58B684d98E75e8097Faf153F4ACdE112812d3370,1,25215.99,1537.43,26753.42,3084412,89436
200,1,0x305F01396fDBc674A9a3ec0eA0cA0d9D2E92F68a,1,25215.98,1548.77,26764.75,3084400,89437
200,1,0x2832B12B9e02B6408ed715B6eA693994Ae8E8621,1,25215.97,1561.31,26777.28,3084412,89438
200,1,0xC7Eeb85A3C164dAe86d30Bf435177F99BCe9c793,1,25215.95,1572.76,26788.71,3084412,89439
200,1,0x8e70490B0BcAc93E9BE610CE9cF9a3BE609224Ff,1,25215.94,1585.58,26801.52,3084412,89440
200,1,0xE26a9f6Cc004278b87d42FE8c2b9F35e179a9017,1,25215.93,1597.77,26813.71,3084400,89441
200,1,0x2b678CFE8d79eaba118D944B7918aB183E76D15D,1,25215.92,1610.52,26826.44,3084412,89442
200,1,0x8e5a7cCe99Ad411924c9188910Bc7fEf172e654D,1,25215.91,1622.89,26838.80,3084412,89443
200,1,0x2Ea6536e3b99CE00AB9AA2FcdD0dDafc2df2A92d,1,25215.90,1635.56,26851.46,3084400,89444
200,1,0x622122145f6Bf38cf6C4fa9BF3DF96208714b11B,1,25215.89,1647.96,26863.85,3084412,89445
200,1,0x80E57a69164572F57928908C2776A27dB693b5C5,1,25215.87,1660.81,26876.69,3084412,89446
200,1,0xf3efc1C19f87B21c3FB71c03f242b5e578D19e23,1,25215.86,1673.56,26889.42,3084412,89447
200,1,0x8eBBbE10cDfd99A6c2491CE635465F1f17fcEE12,1,25215.85,1686.16,26902.01,3084412,89448
200,1,0x9658631D6044f1d0e79e5839202255905E44160E,1,25215.84,1698.52,26914.36,3084412,89449
200,1,0x73087F6c77E38c1A6FDDe188B07a1B3FBe9Fac16,1,25215.83,1711.00,26926.83,3084412,89450
200,1,0xfc9D6A54Fc897952F640A756cC5b1126BeED0090,1,25215.82,1723.37,26939.19,3084412,89451
200,1,0x62b567231FF91B98635912c280a3C7970c0ACea4,1,25215.81,1734.76,26950.57,3084412,89452
200,1,0x730B2eb2749a4Ac4B107cC8E37ec42e8A76cAC98,1,25215.80,1746.87,26962.67,3084412,89453
200,1,0xf797e5DE0f14B2fa2207C27fdb1863fBc6DDAFde,1,25215.79,1759.16,26974.94,3084412,89454
200,1,0xF328799E43100FA8EA7116AFedE2940A0aF7efaF,1,25215.77,1771.61,26987.38,3084400,89455
200,1,0x415aa2dD43d9F482cF2C1960B8C6377F0Fd1D6cC,1,25215.76,1784.38,27000.14,3084412,89456
200,1,0x302D5c4446442De86dFa8bA4d5B5DE3F2cd9023b,1,25215.75,1795.53,27011.28,3084412,89457
200,1,0x08ce7AFe7364F0377e483719487658ffCd04548e,1,25215.74,1808.24,27023.98,3084400,89458
200,1,0xeCEc9297D3F8FBBAde66914C39C9EBDe2b3AED67,1,25215.73,1820.03,27035.76,3084400,89459
200,1,0x031593FE3DA9FCA8825F1961C9D8F52782E33439,1,25215.71,1832.53,27048.24,3084412,89460
200,1,0xEdD8181F24b06Ac2Be44714e25dd2EA6fd2d86C2,1,25215.70,1845.17,27060.87,3084400,89461
200,1,0x33288EfE0F3B456E2D10e0CCc154bF70eE9927dA,1,25215.69,1857.57,27073.26,3084412,89462
200,1,0x2c347ecb494c1a2d21D8aB39cD0fC9a3Cd91B975,1,25215.68,1870.41,27086.09,3084400,89463
200,1,0xa65383Ec5C07D240CF9DA2dBCd45ad75c83105E8,1,25215.67,1881.39,27097.06,3084412,89464
200,1,0x82233bb80C421388A4366DCc68D6037b6B01a5Bd,1,25215.66,1892.45,27108.11,3084412,89465
200,1,0x6e56A8C0FF64D2a0EDcD5114725378420169a6a8,1,25215.64,1904.80,27120.45,3084412,89466
200,1,0xEaCDDd3892182E6AF51FaBdAfBccBf9f8af6489c,1,25215.63,1918.06,27133.69,3084412,89467
200,1,0x7ED24e1c0a403785be45D49A6b98F51cCc63ddd1,1,25928.51,1217.37,27145.88,3084400,89370
200,1,0xD460698dD5A64CE0C6c965E73773E0f43Cb5b629,1,25928.50,1228.74,27157.24,3084412,89371
200,1,0xF9F66D882fec772036DF5cCf3dBb3e670452a039,1,25928.49,1241.26,27169.75,3084412,89372
200,1,0xAa52376184EB0F654531988272443Ab2C8e979D8,1,25928.48,1253.90,27182.38,3084412,89373
200,1,0x723d92Bdd88943A1C6160C7C5601699F43a3063A,1,25928.47,1266.15,27194.62,3084412,89374
200,1,0xaeBE7ba3605f002071372B4597eee033ca04564D,1,25928.46,1278.42,27206.87,3084412,89375
200,1,0xAE21d982cdB7dB15Ef8BAfbfBDcB2d2F6D757A27,1,25928.45,1291.55,27220.00,3084412,89376
200,1,0x2d525E931681D3fb064512BA965877cE0B0b8F72,1,25928.43,1304.58,27233.02,3084412,89377
200,1,0x7c46e52E6c1DeC7cd594FF2Da7FFd5c911D96d0B,1,25928.42,1316.96,27245.39,3084412,89378
200,1,0x3692A71452cc75A45D0878FAdE7596208707e14d,1,25928.41,1329.90,27258.31,3084412,89379
200,1,0x08e278Fff9571dB09674D7Ca9A8a0dF4CfccA469,1,25928.40,1342.16,27270.56,3084412,89380
200,1,0x6eb0d18CA8e28e1FEd658FF438dF75D913bB7182,1,25928.39,1354.89,27283.27,3084412,89381
200,1,0x3CCD5b63bfb2B62e8BA7388A9456E726b0788831,1,25928.38,1367.36,27295.74,3084400,89382
200,1,0x4D894B7039c49481adA988AD960D5497B15640d6,1,25928.36,1378.81,27307.18,3084412,89383
200,1,0x31530d016DFC9896f90AF83855c3dDd43AcAB21d,1,25928.35,1391.53,27319.88,3084412,89384
200,1,0xCf8567bc9fc17573c48105af2A08926677e1839e,1,25928.34,1403.68,27332.02,3084412,89385
200,1,0x4fB8d3C1ee027Db6C1637Cd837D69C1fc1033441,1,25928.33,1416.24,27344.57,3084412,89386
200,1,0x63AF98A75B9C1bB459D24A14CD8dA693c1700DF7,1,25928.32,1428.66,27356.98,3084412,89387
200,1,0x62427BBCdfCEb6100F19fC2254056c013e2c4B82,1,25928.31,1441.31,27369.62,3084412,89388
200,1,0x9B5f43dAec6D9C407c1F3b8b594A20995DDcc92D,1,25928.30,1454.15,27382.44,3084412,89389
200,1,0xA9CEF1272c3510B34b91328C1684c477dF349D73,1,25928.28,1466.43,27394.72,3084412,89390
200,1,0xF4e4279E5CdF67c174e44B335C1F0121c8F06943,1,25928.27,1477.92,27406.19,3084412,89391
200,1,0x0e327fD88989fB183aB56CF93af1C76418f6bbee,1,25928.26,1490.74,27419.00,3084400,89392
200,1,0xDC026FAD835EdceBF8988155B29Ad4Ad021bf35A,1,25928.25,1503.04,27431.30,3084400,89393
200,1,0x36C0d25c32dC340DA6c61DCd17Ad9d0064e6CEac,1,25928.24,1515.41,27443.65,3084412,89394
200,1,0x36E5607252064610bb1F800b1f4CC904114e0C01,1,25928.23,1526.83,27455.06,3084412,89395
200,1,0x08b0944662112506C50a6BB5Aea1d4D1B968d483,1,25928.22,1538.64,27466.86,3084412,89396
200,1,0x4F306d9a9b408Dc64277A0220d784e5D5411ad91,1,25928.20,1550.91,27479.11,3084412,89397
200,1,0x2e89dDd885940bCd7E3f7f383f20b692ca2fcCD7,1,25928.19,1563.39,27491.58,3084400,89398
200,1,0x410908e4A3AC9Bc9afAEea5c338fD7585802FAf8,1,25928.18,1574.93,27503.11,3084412,89399
200,1,0x90Bb3cbFEB1b77127f3090D3A55dFAf06ccA295d,1,25928.17,1587.38,27515.55,3084412,89400
200,1,0xE6a9b880c55A700686579f661D60f2F7b57510D6,1,25928.15,1599.52,27527.68,3084412,89401
200,1,0xbfC789c90A31BA824012786c53EdA9B614b11976,1,25928.14,1612.28,27540.43,3084412,89402
200,1,0xde57cf8e536bb0302f18ab8F774EeB1e862F1813,1,25928.13,1625.04,27553.17,3084412,89403
200,1,0xD42326379702477849cdb027c5840464363072bF,1,25928.10,1637.27,27565.37,3084412,89404
200,1,0x24b33D18910D76c7DF91e0F8Ea6Dcb93AA286453,1,25928.08,1649.09,27577.17,3084412,89405
200,1,0x2c4397d62161CeAc48AAC9E138F1431be48b6C22,1,25928.07,1661.71,27589.78,3084412,89406
200,1,0x5315a5340cD936059e019d6a31418B7A4eA640dF,1,25928.06,1674.59,27602.64,3084412,89407
200,1,0x14775DE4F0Bd0BEEA72c47066E42bA8F24A6D06d,1,25928.05,1687.75,27615.80,3084412,89408
200,1,0x6f1C6F494efe616C5C3920FBd1D2633FfEC1bcDe,1,25928.03,1700.44,27628.47,3084412,89409
200,1,0xffc9FFc082c03c66D12a99956D60691Dd98Be7b5,1,25928.02,1712.15,27640.17,3084412,89410
200,1,0x2dE56701aD2Cc3443D7FC25F2a059deE4Bd9De5f,1,25928.01,1724.91,27652.92,3084412,89411
200,1,0xdfBbd5a64d1abf873E06Dc509255D97fb2731D32,1,25928.00,1738.36,27666.36,3084412,89412
200,1,0xb147fd2D99043b66AD5a27915EA55BC809e92828,1,25927.99,1750.04,27678.02,3084400,89413
200,1,0x1ED8e5aa0Ffc8188Ff6BA8AA14e2B8e2796b3261,1,25927.98,1762.67,27690.65,3084412,89414
200,1,0xA355144f0cCBc47B63Ec0541b70D473a530E331A,1,25927.97,1775.13,27703.10,3084412,89415
200,1,0xe109134d3987E613B0fd2d7f2395Bcf5F755018C,1,25927.96,1788.33,27716.29,3084412,89416
200,1,0x948c2c34E32817EC006CB452B3603b316DF75d18,1,25927.94,1799.90,27727.84,3084412,89417
200,1,0x373bfF995d056cec6F30314F34395375E9AE2E3f,1,25927.93,1812.40,27740.34,3084412,89418
200,1,0xa37704CEc112271E619e8663dB7D18077BE44846,1,25927.92,1824.01,27751.93,3084412,89419
200,1,0x679032D2D78A6Fa72f8EFBAbb807F14963b8Aa73,1,25927.91,1836.59,27764.51,3084412,89420
200,1,0xF8f166BCAE3518bFe3bD02C006F51feE41924Db9,1,25927.90,1849.65,27777.55,3084412,89421
200,1,0x4Db0292F39BC5b996F75328e27f2EAb8239D6783,1,25927.89,1862.56,27790.45,3084412,89422
200,1,0xe41590fa1fea28Bff8a61D754Ab22a17d55bEb14,1,25927.88,1875.07,27802.94,3084412,89423
200,1,0x24320c602C1aE39885C439711C0001034E22C66F,1,25927.87,1887.51,27815.37,3084400,89425
200,1,0x1CD343d054ace10cCfEe9caC26CC3674270f97b4,1,25927.85,1899.80,27827.65,3084412,89426
200,1,0xd9a167693615F18Ccc1f81A66A120240b04BA389,1,25927.84,1912.29,27840.14,3084412,89427
200,1,0x9C84EEEa6fFD84C892a074c12372eD538DBcf00a,1,25927.83,1924.45,27852.28,3084412,89428
200,1,0x7182Ea20b2a1c94b6f845Fc71cDe06FbFEc4299e,1,25927.82,1935.83,27863.65,3084412,89429
200,1,0x9c93485ede01D854C3d7612e1400d86258543439,1,25927.81,1948.10,27875.91,3084412,89430
200,1,0xE0177dE1C64082BcafD0a7e0B9422F921baECB74,1,25927.80,1960.85,27888.64,3084412,89431
200,1,0xf1449544C681e4F3D6fA1020b206448Ae79F5789,1,25927.79,1974.18,27901.96,3084412,89432
200,1,0x89AacEff913C827E2e916B63a28F1bC155724C6e,1,25927.77,1986.74,27914.51,3084412,89433
200,1,0xD8721e8b274Eac6d3A56178463DbA7F539d19A84,1,25927.76,1999.24,27927.00,3084412,89434
200,1,0xDf79eb413B4BA517825895019821652D07011Fcc,1,25927.75,2011.77,27939.52,3084412,89435
200,1,0x0B01Ec96D735312B459520FF1B631908c32BCA54,1,25927.74,2024.76,27952.50,3084412,89436
200,1,0x95e79C6c1D6290Cd86B696eAa9b7FB13077F6e4b,1,25927.73,2037.05,27964.78,3084412,89437
200,1,0xbe831C0eBaD086BC7a40Af8c8E6C2b68C954257c,1,25927.72,2050.07,27977.78,3084412,89438
200,1,0xe8282225Ab15aD45B3a5f3fF9316A0A6D4332214,1,25927.71,2062.85,27990.56,3084412,89439
200,1,0xdbe38a8F87144943acBd4553D6532d694cD96f82,1,25927.69,2075.14,28002.83,3084412,89440
200,1,0xC9540593A1a047379Ec782900841844E58E9Bc89,1,25927.68,2087.74,28015.42,3084412,89441
200,1,0xCBFBa4b01E4aBF44b9Df5F1c89100c38ce90cfC2,1,25927.67,2099.66,28027.33,3084412,89442
200,1,0x113CEc9C2c9dab7AcFc339eD8A29707159c5E189,1,25927.66,2111.47,28039.13,3084412,89443
200,1,0xdc4Be65AfDfca557081EEe14b0EBe625D83371a4,1,25927.65,2122.54,28050.18,3084400,89444
200,1,0xcCc21C25CF64Bfd7a702248017B2D99a00c75539,1,25927.64,2134.75,28062.38,3084412,89445
200,1,0xCE591D9639c2290E7c7708B74324aC969452aaE4,1,25927.63,2147.08,28074.70,3084412,89446
200,1,0x42313C03fA5E9a35262465D3a37c202DB53bBfe7,1,25927.61,2159.63,28087.25,3084412,89447
200,1,0x0415c59EC6f356C1355947e5acCf405d3D534d9c,1,25927.60,2172.27,28099.88,3084412,89448
200,1,0x5372cD30075788acE43d78Fb95B783737Ad0c739,1,25927.59,2183.81,28111.40,3084412,89449
200,1,0xD266BF6B1DE31589f7A7801BB8cD2B0fcC4b638e,1,25927.58,2195.66,28123.25,3084400,89450
200,1,0xeaaBBEeDf924702b24E120e0e8DbaF26446E89FC,1,25927.57,2207.60,28135.17,3084412,89451
200,1,0x42d67B978150d800c7f8b3b04354d2F57737201b,1,25927.56,2219.15,28146.71,3084412,89452
200,1,0x7280E3786Aa7836Fb0DFCe76754d63D2e412724b,1,25927.55,2230.62,28158.17,3084412,89453
200,1,0x41691b7584d8472Bd3799610DbFA60208426ACea,1,25927.54,2242.41,28169.95,3084412,89454
200,1,0xb03fDd24F01fae1C1a23715d2014AB616C027591,1,25927.53,2253.86,28181.38,3084400,89455
200,1,0x0f167cf56015B3FA576b506dF7e99C190E0a6417,1,25927.51,2266.71,28194.23,3084412,89456
200,1,0x0D75DEeD6a8BE0D563d8a84f3e01F217F42c410d,1,25927.50,2280.73,28208.24,3084412,89457
200,1,0x00Ff52034b8DAfDa7731C75b4117257046749914,1,25927.49,2292.71,28220.20,3084412,89458
200,1,0x12fDF5108314cdd537f4E8F0cc615443188d45e0,1,25927.48,2304.47,28231.95,3084412,89459
200,1,0x462c015F9b22335dC8B3000181050d8f9A3774e9,1,25927.47,2315.93,28243.40,3084412,89460
200,1,0xcb7B4d76e984D52C8e8Df1f93a9510Af10695803,1,25927.46,2329.02,28256.47,3084412,89461
200,1,0xA998669102C15bdA79182423328A6350A2822ecC,1,25927.45,2341.84,28269.28,3084412,89462
200,1,0xE6253643589e1087472bf7d9F231edA1fbcb7036,1,25927.44,2355.62,28283.06,3084412,89463
200,1,0x826A1468cEaa3B3096431595A2A2f70B1CD8dDEd,1,25927.42,2369.79,28297.21,3084412,89464
200,1,0x432F7dA33B67A462c6d5E2f5fbfB48c1413211DB,1,25927.41,2382.36,28309.77,3084400,89465
200,1,0xf6c4A8B6Cd683b6c831e27e52A8735d114758436,1,25927.40,2393.65,28321.05,3084412,89466
200,1,0x60900cc837b54db2370845cA94E72E537d3b45e7,1,25927.29,2405.40,28332.69,3084412,89467
200,1,0x610D26d2CCc76A71f7c4B5BC66f8ca0958c5D82A,1,25927.27,2416.01,28343.28,3084412,89468
200,1,0x225Cb198a7c5c59E6b59c3a7d490973FAe8D855f,1,25927.25,2428.09,28355.35,3084412,89469
200,1,0x11b249d519f4cfb7095f557D0003dbEbE1EA3c35,1,25927.24,2440.54,28367.78,3084400,89470
200,1,0x0B4c14774bd97ABAf79F53C1F380553246aCEF3e,1,25214.30,3165.36,28379.66,3084412,89368
200,1,0x4771ADDd03E70C67B4FD08D0aefdCa8037ef2B5c,1,25214.29,3176.07,28390.36,3084412,89370
200,2,0xf2688e2DCDA7181471848cF049ec619E1d682303,1,25177.52,494.52,25672.03,3084412,89481
200,2,0x28b6821346e28DDf04A9c83D59ab23F6F9aA217D,1,25177.38,507.40,25684.78,3084412,89482
200,2,0x44C77529e849994EE7fbB20eF0eBc6EBaC0f2B26,1,25177.34,519.48,25696.82,3084412,89483
200,2,0x5AB032806Db4e20154d12A2F47d9176270Cac672,1,25177.32,531.95,25709.28,3084412,89484
200,2,0x4360426eb9B7f13Ef7E0BDc3f2518dAe671BdFb6,1,25177.31,544.33,25721.64,3084412,89485
200,2,0xE3Ce32b446071C37A963E03c0e7c0Cc770df9426,1,25177.30,557.07,25734.37,3084412,89486
200,2,0x72999151675872C24Acd6F6A5bb60f7f956d8e72,1,25177.28,569.26,25746.55,3084412,89487
200,2,0xF6ca91A4998674a3Bb1a1cb0B8ad71D68eC3C058,1,25177.27,581.40,25758.68,3084412,89488
200,2,0xDb6A069BeA4addFe1CdAa6745AB0AAc13dBCE132,1,25177.26,593.59,25770.85,3084412,89489
200,2,0x852FaA83F546bc77669b4B040C0ca26f2e969237,1,25177.25,604.56,25781.81,3084400,89490
200,2,0x0B698941BFE56F30dE604B09c51A84dF00bEcD7E,1,25177.24,617.39,25794.63,3084412,89491
200,2,0xeA0f777F59F69Cf6f985a968927Fa623C1d9e55F,1,25177.22,629.43,25806.65,3084412,89492
200,2,0x6C9978a379a874f69fd6fdd055711f89F0F579E8,1,25177.21,641.63,25818.84,3084412,89493
200,2,0x6ec8bbb7635275b63698CdAd46513D8f067327A8,1,25177.20,653.61,25830.81,3084412,89494
200,2,0x48F9E33289644400490783f38E1FBf9fC1b935E1,1,25177.19,665.95,25843.13,3084412,89495
200,2,0x31760E9cB146bf2F6cbff234fC13E3Ccec07E5C6,1,25177.17,677.87,25855.04,3084412,89496
200,2,0x1Ec94725DD0B6D60E53Be59CaEAa47Bf86Dcb203,1,25177.16,690.03,25867.19,3084412,89497
200,2,0x054092F8fA75D6d9392D11dA3238604ab8cAa40f,1,25177.15,702.13,25879.28,3084412,89498
200,2,0x7246ED5402A46D07513843C89aF924030fB1401d,1,25177.14,714.52,25891.65,3084412,89499
200,2,0xcb443D74D11aa50624103a723593530EBc3b1DF1,1,25177.12,726.68,25903.81,3084412,89500
200,2,0x455a880b9EE5487d8ebceefBA247364c341ffbC7,1,25177.11,739.17,25916.28,3084412,89501
200,2,0xfe8748928D036b659Ba89a6432D05560ccD2BCC1,1,25177.10,751.51,25928.61,3084412,89502
200,2,0x91e57d08B6D59F81f1486Ef7f49daa5729A7331e,1,25177.09,762.46,25939.55,3084412,89503
200,2,0xd566511BAe42c1567F3DE7a451Fe017A9D7C14C5,1,25177.08,774.04,25951.12,3084412,89504
200,2,0x0A5DcA7518206C2dc1c8065DcEaFFc3178EbE090,1,25177.06,786.30,25963.37,3084412,89505
200,2,0x40e333F8B976b22a1aB68B698e4395eB6cD6d44D,1,25177.05,798.44,25975.50,3084412,89506
200,2,0x06dB8A46d9Fd8F8a75B2CC4b9d30E6ad938a0606,1,25177.04,809.35,25986.39,3084412,89507
200,2,0x46B0113a3Fd883fD53b329c6A5Df7F4F361c3dFF,1,25177.03,821.10,25998.13,3084412,89508
200,2,0x51ab9d9447269782Fb614857F77c3ceE57c5050C,1,25177.02,833.14,26010.16,3084412,89509
200,2,0x41F9edb5cEd58f64817385f41feAaBB332cca1D8,1,25177.00,845.03,26022.04,3084412,89510
200,2,0xA727aa7B53E2f9517be4C74227740f60102B9502,1,25176.99,857.14,26034.14,3084412,89511
200,2,0x2508459F7736276641E0A32dF3251d085fE3981F,1,25176.98,869.11,26046.09,3084400,89512
200,2,0xCedCeefd96c228e28bDd6c9c3185F355cC9d8D5b,1,25176.97,881.05,26058.02,3084412,89513
200,2,0x479EF7D711af229E46AdcB6b725753D17cA13533,1,25176.95,893.13,26070.08,3084412,89514
200,2,0x9F03Df1fF29D26c15a2aebe8696B1d4203a5D37c,1,25176.88,908.50,26085.38,3084412,89515
200,2,0x0fe59927EF1782f4CAD5be7D6306c78Aa93348dE,1,25176.86,919.73,26096.59,3084412,89516
200,2,0xC9b015f813A8628d6aCE3b5Ee974c91774495F6E,1,25176.84,932.73,26109.57,3084412,89517
200,2,0x461e50fFE1229c20C6B0419363EC7A3d64C77Bb3,1,25176.83,944.93,26121.76,3084412,89518
200,2,0x8626941bAfC5372Cdb8572cC0E1bD77a5Df7Bf30,1,25176.82,957.40,26134.21,3084412,89519
200,2,0xC0af24da881C7F947b014bC6d5EFC898D643BB75,1,25176.80,969.56,26146.36,3084400,89520
200,2,0xba9da3C1FFBaE219401B56C279842d460c2744d4,1,25176.79,980.53,26157.32,3084412,89521
200,2,0x47C3292385A1c75700d32B6184aaF4fD363D65E1,1,25176.78,991.56,26168.34,3084412,89522
200,2,0x25f9110de2e18CB5EFc121eBec78Cf1F6A5D370C,1,25176.76,1003.61,26180.37,3084412,89523
200,2,0x9B4C51B22Ddb402Aaa342D344D1dB10c9ce94d5e,1,25176.75,1015.76,26192.51,3084412,89524
200,2,0x32634a8FC3bC3FE3A7f631bbA370b2921A5387A4,1,25176.74,1028.05,26204.79,3084412,89525
200,2,0xC5D9e66407AC6aCE25648828a03A20EeeC43a728,1,25176.73,1040.33,26217.05,3084412,89526
200,2,0xF7303E2824e8F310Ef1E2a5B8a644168DC61A830,1,25176.72,1052.61,26229.33,3084412,89527
200,2,0x19e8d1Df290CD1ECCA2080Ca4FE93353b4C9E737,1,25176.70,1065.16,26241.87,3084412,89528
200,2,0xc0cA77dBB44AdB8Ea051Cf0b06DcbbF06bF86ECa,1,25176.69,1077.17,26253.86,3084412,89529
200,2,0x0A5B92A625999a3c6d3975Ff1D7dE9070Dea722F,1,25176.68,1089.84,26266.52,3084412,89530
200,2,0xa416A4337621f601CBE207cEA00d5bE55705dd94,1,25176.67,1101.83,26278.50,3084412,89531
200,2,0x438EFBDc3EbCc61C99F86E4E0F81d99E7aC7782E,1,25176.66,1113.91,26290.56,3084412,89532
200,2,0x9e13fA133213F7CfCaAd609F8367E121464EaEB5,1,25176.64,1126.27,26302.91,3084412,89533
200,2,0xAD07Eb15495D9B62b0dFE9d54Ebdd196FdC5E997,1,25176.63,1138.66,26315.29,3084412,89534
200,2,0x5f28BBDa0fEcBECAe904c9b21cF5a2D5CBed79Aa,1,25176.62,1150.82,26327.44,3084412,89535
200,2,0xC0e0752E33f2425e1E3764DAf829a76B69aB1bAA,1,25176.61,1162.65,26339.25,3084412,89536
200,2,0x221168372b0BeBAD1E90d1bd02FeC90b869430BB,1,25176.59,1175.53,26352.12,3084412,89537
200,2,0x4f7f16B20Dd9b94967DbB76c06d366512d03Ea8D,1,25176.58,1186.56,26363.14,3084412,89538
200,2,0x26EE5117B505a680c8129B15A0024dF17dF6F4f4,1,25176.57,1197.87,26374.44,3084412,89539
200,2,0xe58DE4AA4936304c458A5c89826b2121eD51Ef20,1,25176.56,1210.20,26386.76,3084412,89540
200,2,0x9546bD5A91e27960a5898E67137A8D48049AE1eA,1,25176.54,1222.72,26399.26,3084412,89542
200,2,0x4b5457D2DE5A0111A23E3ceAD32e98ce56f806Bb,1,25176.53,1235.71,26412.25,3084412,89543
200,2,0xD797dAc6AD760D4A10057E8E5bfCCE1686DF9965,1,25176.52,1248.46,26424.98,3084412,89544
200,2,0xC008f4ded52B04b64b1AdFF6d29F0c9541Fbe1c2,1,25176.51,1260.11,26436.62,3084412,89545
200,2,0x871A8407CdFC48B1d2ba3a1ce1c70233ff94fB05,1,25176.50,1272.81,26449.31,3084412,89546
200,2,0xBa8Ede08C58300D98aE4D2EcF42446B7D8178720,1,25176.48,1285.13,26461.62,3084412,89547
200,2,0x58B684d98E75e8097Faf153F4ACdE112812d3370,1,25176.47,1297.37,26473.84,3084412,89548
200,2,0x305F01396fDBc674A9a3ec0eA0cA0d9D2E92F68a,1,25176.45,1309.96,26486.40,3084412,89549
200,2,0x2832B12B9e02B6408ed715B6eA693994Ae8E8621,1,25176.43,1322.89,26499.32,3084412,89550
200,2,0xC7Eeb85A3C164dAe86d30Bf435177F99BCe9c793,1,25176.42,1335.81,26512.23,3084412,89551
200,2,0x8e70490B0BcAc93E9BE610CE9cF9a3BE609224Ff,1,25176.40,1348.86,26525.26,3084412,89552
200,2,0xE26a9f6Cc004278b87d42FE8c2b9F35e179a9017,1,25176.39,1361.60,26537.99,3084412,89553
200,2,0x2b678CFE8d79eaba118D944B7918aB183E76D15D,1,25176.38,1374.67,26551.05,3084400,89554
200,2,0x8e5a7cCe99Ad411924c9188910Bc7fEf172e654D,1,25176.37,1387.53,26563.90,3084412,89555
200,2,0x2Ea6536e3b99CE00AB9AA2FcdD0dDafc2df2A92d,1,25176.31,1399.49,26575.80,3084412,89556
200,2,0x622122145f6Bf38cf6C4fa9BF3DF96208714b11B,1,25176.29,1411.49,26587.78,3084400,89557
200,2,0x80E57a69164572F57928908C2776A27dB693b5C5,1,25176.27,1424.00,26600.27,3084412,89558
200,2,0xf3efc1C19f87B21c3FB71c03f242b5e578D19e23,1,25176.26,1436.71,26612.97,3084412,89559
200,2,0x8eBBbE10cDfd99A6c2491CE635465F1f17fcEE12,1,25176.25,1449.38,26625.63,3084412,89560
200,2,0x9658631D6044f1d0e79e5839202255905E44160E,1,25176.23,1461.60,26637.84,3084412,89561
200,2,0x73087F6c77E38c1A6FDDe188B07a1B3FBe9Fac16,1,25176.22,1475.11,26651.33,3084412,89562
200,2,0xfc9D6A54Fc897952F640A756cC5b1126BeED0090,1,25176.21,1487.80,26664.01,3084412,89563
200,2,0x62b567231FF91B98635912c280a3C7970c0ACea4,1,25176.20,1500.16,26676.36,3084412,89564
200,2,0x730B2eb2749a4Ac4B107cC8E37ec42e8A76cAC98,1,25176.18,1512.44,26688.62,3084412,89565
200,2,0xf797e5DE0f14B2fa2207C27fdb1863fBc6DDAFde,1,25176.17,1524.93,26701.10,3084412,89566
200,2,0xF328799E43100FA8EA7116AFedE2940A0aF7efaF,1,25176.16,1537.09,26713.25,3084412,89567
200,2,0x415aa2dD43d9F482cF2C1960B8C6377F0Fd1D6cC,1,25176.14,1549.66,26725.80,3084412,89568
200,2,0x302D5c4446442De86dFa8bA4d5B5DE3F2cd9023b,1,25176.13,1561.96,26738.09,3084412,89569
200,2,0x08ce7AFe7364F0377e483719487658ffCd04548e,1,25176.12,1574.24,26750.36,3084412,89570
200,2,0xeCEc9297D3F8FBBAde66914C39C9EBDe2b3AED67,1,25176.10,1586.40,26762.50,3084412,89571
200,2,0x031593FE3DA9FCA8825F1961C9D8F52782E33439,1,25176.09,1599.53,26775.62,3084412,89572
200,2,0xEdD8181F24b06Ac2Be44714e25dd2EA6fd2d86C2,1,25176.08,1611.64,26787.72,3084412,89573
200,2,0x33288EfE0F3B456E2D10e0CCc154bF70eE9927dA,1,25176.07,1624.15,26800.21,3084412,89574
200,2,0x2c347ecb494c1a2d21D8aB39cD0fC9a3Cd91B975,1,25176.05,1636.43,26812.49,3084412,89575
200,2,0xa65383Ec5C07D240CF9DA2dBCd45ad75c83105E8,1,25176.04,1648.10,26824.14,3084412,89576
200,2,0x82233bb80C421388A4366DCc68D6037b6B01a5Bd,1,25176.03,1661.80,26837.83,3084412,89577
200,2,0x6e56A8C0FF64D2a0EDcD5114725378420169a6a8,1,25176.02,1674.38,26850.40,3084412,89578
200,2,0xEaCDDd3892182E6AF51FaBdAfBccBf9f8af6489c,1,25176.01,1686.70,26862.71,3084412,89579
200,2,0x7ED24e1c0a403785be45D49A6b98F51cCc63ddd1,1,25657.65,1217.57,26875.22,3084412,89481
200,2,0xD460698dD5A64CE0C6c965E73773E0f43Cb5b629,1,25657.64,1230.17,26887.81,3084412,89483
200,2,0xF9F66D882fec772036DF5cCf3dBb3e670452a039,1,25657.63,1242.68,26900.31,3084412,89484
200,2,0xAa52376184EB0F654531988272443Ab2C8e979D8,1,25657.57,1254.44,26912.01,3084412,89485
200,2,0x723d92Bdd88943A1C6160C7C5601699F43a3063A,1,25657.55,1267.10,26924.65,3084400,89486
200,2,0xaeBE7ba3605f002071372B4597eee033ca04564D,1,25657.54,1279.55,26937.09,3084412,89487
200,2,0xAE21d982cdB7dB15Ef8BAfbfBDcB2d2F6D757A27,1,25657.53,1292.46,26949.98,3084400,89488
200,2,0x2d525E931681D3fb064512BA965877cE0B0b8F72,1,25657.51,1305.15,26962.66,3084412,89489
200,2,0x7c46e52E6c1DeC7cd594FF2Da7FFd5c911D96d0B,1,25657.50,1317.68,26975.18,3084412,89490
200,2,0x3692A71452cc75A45D0878FAdE7596208707e14d,1,25657.44,1329.61,26987.06,3084412,89491
200,2,0x08e278Fff9571dB09674D7Ca9A8a0dF4CfccA469,1,25657.42,1342.10,26999.52,3084412,89492
200,2,0x6eb0d18CA8e28e1FEd658FF438dF75D913bB7182,1,25657.37,1354.45,27011.82,3084412,89493
200,2,0x3CCD5b63bfb2B62e8BA7388A9456E726b0788831,1,25657.17,1366.73,27023.89,3084412,89494
200,2,0x4D894B7039c49481adA988AD960D5497B15640d6,1,25657.12,1378.40,27035.52,3084412,89495
200,2,0x31530d016DFC9896f90AF83855c3dDd43AcAB21d,1,25657.10,1391.01,27048.11,3084412,89496
200,2,0xCf8567bc9fc17573c48105af2A08926677e1839e,1,25657.09,1403.92,27061.00,3084412,89497
200,2,0x4fB8d3C1ee027Db6C1637Cd837D69C1fc1033441,1,25657.07,1416.53,27073.60,3084412,89498
200,2,0x63AF98A75B9C1bB459D24A14CD8dA693c1700DF7,1,25657.03,1428.91,27085.94,3084412,89499
200,2,0x62427BBCdfCEb6100F19fC2254056c013e2c4B82,1,25657.02,1441.55,27098.57,3084412,89500
200,2,0x9B5f43dAec6D9C407c1F3b8b594A20995DDcc92D,1,25657.00,1453.96,27110.96,3084412,89501
200,2,0xA9CEF1272c3510B34b91328C1684c477dF349D73,1,25656.88,1466.30,27123.18,3084412,89502
200,2,0xF4e4279E5CdF67c174e44B335C1F0121c8F06943,1,25656.84,1479.20,27136.03,3084412,89503
200,2,0x0e327fD88989fB183aB56CF93af1C76418f6bbee,1,25656.82,1491.50,27148.32,3084412,89504
200,2,0xDC026FAD835EdceBF8988155B29Ad4Ad021bf35A,1,25656.81,1504.26,27161.06,3084412,89505
200,2,0x36C0d25c32dC340DA6c61DCd17Ad9d0064e6CEac,1,25656.79,1516.95,27173.74,3084412,89506
200,2,0x36E5607252064610bb1F800b1f4CC904114e0C01,1,25656.78,1529.85,27186.63,3084412,89507
200,2,0x08b0944662112506C50a6BB5Aea1d4D1B968d483,1,25656.77,1542.67,27199.43,3084412,89508
200,2,0x4F306d9a9b408Dc64277A0220d784e5D5411ad91,1,25656.76,1555.18,27211.93,3084412,89509
200,2,0x2e89dDd885940bCd7E3f7f383f20b692ca2fcCD7,1,25656.66,1568.16,27224.82,3084412,89510
200,2,0x410908e4A3AC9Bc9afAEea5c338fD7585802FAf8,1,25656.64,1580.98,27237.63,3084412,89511
200,2,0x90Bb3cbFEB1b77127f3090D3A55dFAf06ccA295d,1,25656.62,1593.41,27250.03,3084412,89512
200,2,0xE6a9b880c55A700686579f661D60f2F7b57510D6,1,25656.60,1605.82,27262.43,3084412,89513
200,2,0xbfC789c90A31BA824012786c53EdA9B614b11976,1,25656.59,1618.43,27275.02,3084412,89514
200,2,0xde57cf8e536bb0302f18ab8F774EeB1e862F1813,1,25656.58,1630.67,27287.25,3084412,89515
200,2,0xD42326379702477849cdb027c5840464363072bF,1,25656.54,1643.59,27300.13,3084412,89516
200,2,0x24b33D18910D76c7DF91e0F8Ea6Dcb93AA286453,1,25656.52,1655.93,27312.44,3084412,89517
200,2,0x2c4397d62161CeAc48AAC9E138F1431be48b6C22,1,25656.50,1668.35,27324.86,3084412,89518
200,2,0x5315a5340cD936059e019d6a31418B7A4eA640dF,1,25656.49,1680.82,27337.31,3084400,89519
200,2,0x14775DE4F0Bd0BEEA72c47066E42bA8F24A6D06d,1,25656.48,1693.64,27350.12,3084412,89520
200,2,0x6f1C6F494efe616C5C3920FBd1D2633FfEC1bcDe,1,25656.47,1706.57,27363.04,3084412,89521
200,2,0xffc9FFc082c03c66D12a99956D60691Dd98Be7b5,1,25656.46,1718.87,27375.33,3084412,89522
200,2,0x2dE56701aD2Cc3443D7FC25F2a059deE4Bd9De5f,1,25656.44,1731.12,27387.56,3084412,89523
200,2,0xdfBbd5a64d1abf873E06Dc509255D97fb2731D32,1,25656.43,1743.37,27399.80,3084412,89524
200,2,0xb147fd2D99043b66AD5a27915EA55BC809e92828,1,25656.42,1755.54,27411.96,3084412,89525
200,2,0x1ED8e5aa0Ffc8188Ff6BA8AA14e2B8e2796b3261,1,25656.41,1768.24,27424.65,3084412,89526
200,2,0xA355144f0cCBc47B63Ec0541b70D473a530E331A,1,25656.40,1780.25,27436.65,3084412,89527
200,2,0xe109134d3987E613B0fd2d7f2395Bcf5F755018C,1,25656.39,1792.93,27449.32,3084412,89528
200,2,0x948c2c34E32817EC006CB452B3603b316DF75d18,1,25656.37,1804.94,27461.32,3084412,89529
200,2,0x373bfF995d056cec6F30314F34395375E9AE2E3f,1,25656.36,1817.36,27473.72,3084412,89530
200,2,0xa37704CEc112271E619e8663dB7D18077BE44846,1,25656.35,1830.28,27486.63,3084412,89531
200,2,0x679032D2D78A6Fa72f8EFBAbb807F14963b8Aa73,1,25656.34,1842.92,27499.26,3084412,89532
200,2,0xF8f166BCAE3518bFe3bD02C006F51feE41924Db9,1,25656.33,1855.24,27511.57,3084412,89533
200,2,0x4Db0292F39BC5b996F75328e27f2EAb8239D6783,1,25656.31,1867.66,27523.97,3084412,89534
200,2,0xe41590fa1fea28Bff8a61D754Ab22a17d55bEb14,1,25656.30,1879.21,27535.51,3084412,89535
200,2,0x24320c602C1aE39885C439711C0001034E22C66F,1,25656.29,1891.62,27547.91,3084412,89536
200,2,0x1CD343d054ace10cCfEe9caC26CC3674270f97b4,1,25656.28,1904.14,27560.42,3084412,89537
200,2,0xd9a167693615F18Ccc1f81A66A120240b04BA389,1,25656.24,1916.90,27573.14,3084412,89538
200,2,0x9C84EEEa6fFD84C892a074c12372eD538DBcf00a,1,25656.22,1929.27,27585.49,3084412,89539
200,2,0x7182Ea20b2a1c94b6f845Fc71cDe06FbFEc4299e,1,25656.20,1941.64,27597.84,3084412,89540
200,2,0x9c93485ede01D854C3d7612e1400d86258543439,1,25656.19,1953.05,27609.24,3084412,89542
200,2,0xE0177dE1C64082BcafD0a7e0B9422F921baECB74,1,25656.17,1965.56,27621.73,3084412,89543
200,2,0xf1449544C681e4F3D6fA1020b206448Ae79F5789,1,25656.16,1977.73,27633.89,3084412,89544
200,2,0x89AacEff913C827E2e916B63a28F1bC155724C6e,1,25656.15,1989.28,27645.43,3084412,89545
200,2,0xD8721e8b274Eac6d3A56178463DbA7F539d19A84,1,25656.14,2002.23,27658.36,3084412,89546
200,2,0xDf79eb413B4BA517825895019821652D07011Fcc,1,25656.12,2014.62,27670.74,3084412,89547
200,2,0x0B01Ec96D735312B459520FF1B631908c32BCA54,1,25656.11,2026.77,27682.89,3084412,89548
200,2,0x95e79C6c1D6290Cd86B696eAa9b7FB13077F6e4b,1,25656.10,2038.23,27694.33,3084412,89549
200,2,0xbe831C0eBaD086BC7a40Af8c8E6C2b68C954257c,1,25656.09,2051.19,27707.28,3084412,89550
200,2,0xe8282225Ab15aD45B3a5f3fF9316A0A6D4332214,1,25656.07,2063.46,27719.54,3084412,89551
200,2,0xdbe38a8F87144943acBd4553D6532d694cD96f82,1,25656.06,2075.98,27732.04,3084412,89552
200,2,0xC9540593A1a047379Ec782900841844E58E9Bc89,1,25656.05,2088.41,27744.46,3084412,89553
200,2,0xCBFBa4b01E4aBF44b9Df5F1c89100c38ce90cfC2,1,25656.04,2101.54,27757.58,3084412,89554
200,2,0x113CEc9C2c9dab7AcFc339eD8A29707159c5E189,1,25656.03,2114.37,27770.39,3084412,89555
200,2,0xdc4Be65AfDfca557081EEe14b0EBe625D83371a4,1,25656.01,2127.12,27783.14,3084412,89556
200,2,0xcCc21C25CF64Bfd7a702248017B2D99a00c75539,1,25656.00,2139.68,27795.68,3084412,89557
200,2,0xCE591D9639c2290E7c7708B74324aC969452aaE4,1,25655.99,2151.40,27807.39,3084412,89558
200,2,0x42313C03fA5E9a35262465D3a37c202DB53bBfe7,1,25655.98,2163.88,27819.86,3084412,89559
200,2,0x0415c59EC6f356C1355947e5acCf405d3D534d9c,1,25655.97,2176.58,27832.54,3084412,89560
200,2,0x5372cD30075788acE43d78Fb95B783737Ad0c739,1,25655.96,2189.80,27845.75,3084412,89561
200,2,0xD266BF6B1DE31589f7A7801BB8cD2B0fcC4b638e,1,25655.94,2201.56,27857.50,3084412,89562
200,2,0xeaaBBEeDf924702b24E120e0e8DbaF26446E89FC,1,25655.93,2214.31,27870.24,3084412,89563
200,2,0x42d67B978150d800c7f8b3b04354d2F57737201b,1,25655.92,2226.88,27882.80,3084412,89564
200,2,0x7280E3786Aa7836Fb0DFCe76754d63D2e412724b,1,25655.91,2239.48,27895.38,3084400,89565
200,2,0x41691b7584d8472Bd3799610DbFA60208426ACea,1,25655.89,2252.28,27908.17,3084412,89566
200,2,0xb03fDd24F01fae1C1a23715d2014AB616C027591,1,25655.88,2264.57,27920.46,3084412,89567
200,2,0x0f167cf56015B3FA576b506dF7e99C190E0a6417,1,25655.87,2277.15,27933.02,3084412,89568
200,2,0x0D75DEeD6a8BE0D563d8a84f3e01F217F42c410d,1,25655.86,2289.56,27945.41,3084412,89569
200,2,0x00Ff52034b8DAfDa7731C75b4117257046749914,1,25655.84,2302.25,27958.10,3084412,89570
200,2,0x12fDF5108314cdd537f4E8F0cc615443188d45e0,1,25655.83,2314.62,27970.46,3084412,89571
200,2,0x462c015F9b22335dC8B3000181050d8f9A3774e9,1,25655.82,2327.40,27983.22,3084412,89572
200,2,0xcb7B4d76e984D52C8e8Df1f93a9510Af10695803,1,25655.81,2340.32,27996.13,3084412,89573
200,2,0xA998669102C15bdA79182423328A6350A2822ecC,1,25655.80,2353.10,28008.89,3084412,89574
200,2,0xE6253643589e1087472bf7d9F231edA1fbcb7036,1,25655.78,2365.38,28021.17,3084400,89575
200,2,0x826A1468cEaa3B3096431595A2A2f70B1CD8dDEd,1,25655.77,2377.82,28033.59,3084412,89576
200,2,0x432F7dA33B67A462c6d5E2f5fbfB48c1413211DB,1,25655.76,2390.00,28045.77,3084412,89577
200,2,0xf6c4A8B6Cd683b6c831e27e52A8735d114758436,1,25655.75,2402.63,28058.38,3084388,89578
200,2,0x60900cc837b54db2370845cA94E72E537d3b45e7,1,25655.74,2414.83,28070.57,3084412,89579
200,2,0x610D26d2CCc76A71f7c4B5BC66f8ca0958c5D82A,1,25655.72,2427.22,28082.94,3084400,89580
200,2,0x225Cb198a7c5c59E6b59c3a7d490973FAe8D855f,1,25655.71,2439.65,28095.36,3084400,89581
200,2,0x11b249d519f4cfb7095f557D0003dbEbE1EA3c35,1,25174.00,2934.05,28108.04,3084412,89480
200,2,0x0B4c14774bd97ABAf79F53C1F380553246aCEF3e,1,25173.99,2946.00,28119.98,3084412,89481
200,2,0x4771ADDd03E70C67B4FD08D0aefdCa8037ef2B5c,1,25655.66,2476.84,28132.50,3084412,89482