k,burst,wallet,ok,sendMs,miningMs,totalMs,gasUsed,blockNumber
500,0,0x96d523E648Fd21C41e358Fb6f43954B215Bb122D,1,21669.88,1088.56,22758.45,3084412,94038
500,0,0x71e048C9854640111ecb82c7E9F8C16d4d835566,1,21669.04,1100.73,22769.78,3084412,94039
500,0,0x8fB70363Bb7d9D4c725178d810F7D778A65AECd1,1,21668.95,1113.01,22781.96,3084412,94040
500,0,0xF06990255544136Ab87E79981E61b2F2d98E68e2,1,21668.91,1125.00,22793.90,3084412,94041
500,0,0x23C55a418416B7274ebcF33fB8a75fB01305fDE1,1,21668.79,1137.33,22806.12,3084412,94042
500,0,0x9C82654e9dB5cfF927071ca4d002BF6590a6B141,1,21668.73,1149.68,22818.41,3084412,94043
500,0,0xFd5acD1399547720404EA47B0553d316E9a958df,1,21668.69,1161.81,22830.50,3084412,94044
500,0,0xb5119Dd02cBf32F8eB8d46e01B33fFAc94B54EA3,1,21668.66,1174.09,22842.75,3084412,94045
500,0,0x7CB21a8d8fCd60E6B0b4A3975C97F00EEEC6aA11,1,21668.63,1186.24,22854.87,3084412,94046
500,0,0xf874afA90627dC80ad8216c4A5a44D65FDFE1940,1,21668.56,1198.89,22867.45,3084412,94047
500,0,0x4C01D0a26563C1F8A9E4Ca06cF1A75C9C619210C,1,21668.47,1211.15,22879.62,3084412,94048
500,0,0x20dA6C0a9908c2C8D0D3ca68153fCe1De68897B7,1,21668.39,1223.65,22892.04,3084400,94049
500,0,0x2792eA78E690BF8289700BA885c0932504f11a09,1,21668.36,1236.08,22904.44,3084412,94050
500,0,0x096fe611b3a4e05Eb6c7923e55792E77f051102E,1,21668.34,1252.97,22921.31,3084400,94051
500,0,0x727D10E6BB742904969d3cfE406300F207d408b2,1,21668.32,1265.86,22934.18,3084412,94052
500,0,0xeF05e783127121948D08b741F648Dc485558Fa88,1,21668.30,1278.11,22946.41,3084412,94053
500,0,0x5F40C4c4d098f8Fc5e40d2151E19c824e32384B4,1,21668.28,1290.20,22958.48,3084412,94054
500,0,0xEB4A337c6C6FB21B5bec8Bf6222e7Fc49003EF89,1,21668.26,1302.60,22970.86,3084400,94055
500,0,0x1E8A8F44Ffd8221e2262b7C44a5eb10731B5A851,1,21668.25,1315.00,22983.25,3084412,94056
500,0,0x5BCD941e64050545805fa72DD74e9eD7485c1211,1,21668.23,1327.30,22995.53,3084412,94057
500,0,0x38d251F9CADDA2e34C8353f8585Fca62De6Eb387,1,21668.19,1339.75,23007.93,3084412,94058
500,0,0x2Bc96Da73D2B307Fe0b958977C0Fe6a5bBf330CF,1,21668.16,1351.75,23019.91,3084412,94059
500,0,0xFa0267a0F17dcaf0c1140336723d1f424Ba2EbE6,1,21668.14,1364.34,23032.49,3084412,94060
500,0,0x086eff17F8D24e21D153580BD7323A1D3414619c,1,21668.13,1376.24,23044.37,3084412,94061
500,0,0x7e53d8081057616AadB5eda51bD216536B913490,1,21668.11,1388.37,23056.48,3084412,94062
500,0,0xDD4464E7751899C51247Eac177dB75121e481cb6,1,21668.10,1400.81,23068.91,3084412,94063
500,0,0x6f13Fe82917e5377B8a54E4D011F6208DDFFd190,1,21668.08,1413.08,23081.16,3084412,94064
500,0,0x9697455e805dc57d75cf7A599ed03C7C24B67D09,1,21668.03,1425.37,23093.40,3084412,94065
500,0,0x516FB5C91dF386BE0c27a8Eb20763e1A1563a829,1,21668.01,1437.43,23105.44,3084412,94066
500,0,0x5971e63544B94bD0b42b037C24E4fA468D49D762,1,21667.99,1449.55,23117.54,3084412,94067
500,0,0x9DDe61595A0DCe25CFe30EdE85CEbA06A25Aaa31,1,21667.97,1461.54,23129.51,3084412,94068
500,0,0x45f4faA5D226BCc1dB587f0F028A8d85f61D89bE,1,21667.96,1473.86,23141.81,3084412,94069
500,0,0xdcC0C20d0Aa5C69c244B1a045bd9261B9026D545,1,21667.94,1486.10,23154.04,3084412,94070
500,0,0xe50998a16FA02b5340aA08157d1E1dcA092cfaEE,1,21667.93,1498.11,23166.04,3084412,94071
500,0,0xFF7d003fe3DF13dd8008c0EAe2d4D3F5Ca031520,1,21667.91,1509.69,23177.60,3084412,94072
500,0,0xc2cf84fd0c52E12fa2301e722F30286fbA1eE0fA,1,21667.90,1521.87,23189.77,3084412,94073
500,0,0xD9384E5D77D21Aa972ad8baa1bfC9f57f9DF220E,1,21667.88,1534.35,23202.23,3084412,94074
500,0,0x41DC1fCCc605187b97a8B517f65D02Cf2daE4ebb,1,21667.86,1545.93,23213.79,3084400,94075
500,0,0x6d85A92D60cAA85A4821ab345C3509Ea360F37f3,1,21667.85,1558.26,23226.11,3084412,94076
500,0,0xDF40D48462a23E48502D2c2f07a0c40D30004364,1,21667.83,1569.42,23237.26,3084412,94077
500,0,0x09BA561d0Ad864334f93d5150Ce2507a01e4B051,1,21667.82,1581.63,23249.45,3084400,94078
500,0,0xA899F99c76A578431506D3268B505f2aC961C153,1,21667.81,1594.67,23262.48,3084412,94079
500,0,0x1f4790d6C434D74E8E74376b6f56AED1516C9F53,1,21667.79,1607.14,23274.93,3084412,94080
500,0,0x71490Cd2eFDB09108Af1C31F14758306E31264A6,1,21667.78,1619.35,23287.13,3084412,94081
500,0,0xf7C527E00e6c204DA6AA358e36fAC02e6E9d17a4,1,21667.76,1630.47,23298.23,3084412,94082
500,0,0x02B4dd9130f0E9CD092Ea1A0a4aCD32f640E6eE6,1,21667.75,1643.00,23310.74,3084412,94083
500,0,0x7DA73b241199509d0d73b5a8efC2B257907F1ab6,1,21667.73,1655.41,23323.14,3084412,94084
500,0,0xA16B8F95d4013f4C285d3A2c57108a81Ec7Be0B5,1,21667.72,1668.05,23335.77,3084412,94085
500,0,0x9ccA9F268de6062C62e088D0636378b76755334B,1,21667.70,1680.41,23348.12,3084412,94086
500,0,0x79418D8411C2CC4eba755EEA99297fb88c0F2FD9,1,21667.69,1692.64,23360.33,3084412,94087
500,0,0x9B4D714765A8F7A499c7d47cd0EEc49214C20919,1,21667.67,1704.79,23372.46,3084412,94088
500,0,0x009Cf7f499A7A83073C7aDC6beBAF5105Af2d098,1,21667.66,1717.15,23384.81,3084412,94089
500,0,0xfC60e45Eac5972b82fCD6FF758DC5c032bBaBE17,1,21667.60,1729.77,23397.37,3084412,94091
500,0,0x35e994C175aBdF3829ac5e3EA48Df23BFBe6cd2C,1,21667.59,1742.48,23410.07,3084400,94092
500,0,0xb23F913DDfD65194A16F06AC6EA911eA2E3de3FB,1,21667.57,1754.78,23422.35,3084412,94093
500,0,0x7f085eDc63736201e8BE51fcCF71378525Fb97D6,1,21667.56,1767.27,23434.82,3084412,94094
500,0,0x970C8e270419A07b239b14B962C56A25d1434070,1,21667.54,1778.81,23446.35,3084412,94095
500,0,0xDb8E2C0cE71e5407F6342Fa8D948e71cBfE09E5c,1,21667.53,1791.07,23458.60,3084412,94096
500,0,0xD1561986B2bb6F47eFb9DfA627E7A96C07e8F8fb,1,21667.51,1803.44,23470.95,3084400,94097
500,0,0x266327e3B471F37B36Ff8142307E796364e95e29,1,21667.47,1815.88,23483.36,3084412,94098
500,0,0x8eB19FDCeA0d5Ac867a34b13Ec98aFCB7932718D,1,21667.46,1828.11,23495.57,3084412,94099
500,0,0x79b10837227A6cd69C253C03042Fb9B26c751944,1,21667.44,1839.64,23507.08,3084412,94100
500,0,0x08fB2f066931c3ce98b1E38497B27525717E0986,1,21667.43,1852.27,23519.70,3084412,94101
500,0,0x103917Cf99b509f808C43A164f08267b42B5dcDA,1,21667.42,1863.93,23531.35,3084400,94102
500,0,0xFC7613d07DcfbD929eC3b14542e49E8a4fc29756,1,21667.40,1876.71,23544.11,3084400,94103
500,0,0x570587E42e32e58863FC844b9238e1e1332fA052,1,21667.39,1889.15,23556.53,3084412,94104
500,0,0xe9575c68b7dc73E1AaEFbe10904282679840013e,1,21667.37,1900.89,23568.26,3084412,94105
500,0,0x2817788C48cCE687dDfBC6c35856e40f0AA3399d,1,21667.36,1913.02,23580.38,3084412,94106
500,0,0xC7CC9d283A2Bd72A154Ed5Dee977f24F60255ECF,1,21667.34,1925.18,23592.52,3084412,94107
500,0,0xE8CF5544ddd37c9819a3A50e0E3Ba9426d07df85,1,21667.31,1937.34,23604.65,3084412,94108
500,0,0xF8Fb35F324485BF8D4508eB901D90891A9c0bb29,1,21667.28,1948.46,23615.75,3084412,94109
500,0,0xDbcB0c1E42f3B811d2D7fa9cC15F8295b6296Ab5,1,21667.27,1960.81,23628.07,3084412,94110
500,0,0xE74142c49A54915EC98Da333a4aD8017Cd9a7690,1,21667.25,1973.40,23640.64,3084412,94111
500,0,0x387B07E14FbA7ECCDA2884842bd202e363488715,1,21667.23,1985.47,23652.70,3084412,94112
500,0,0x5f0f5cE10c184c083F55edABe8F61999788C0669,1,21667.22,1997.68,23664.90,3084412,94113
500,0,0x0ce9629D44Db74bd3fA1c048E04092cAd6201bFC,1,21667.20,2010.38,23677.59,3084412,94114
500,0,0x7823F9c7e9255b0a4131dD723fFC93337E100459,1,21667.19,2022.53,23689.72,3084412,94115
500,0,0xDfb01f741872DdE70e9Adf2972b935Ad1c93659C,1,21667.18,2035.10,23702.28,3084412,94116
500,0,0x86aE94C35DD68DFb4e3c6D975d1f40558899001F,1,21667.16,2047.18,23714.35,3084412,94117
500,0,0x9FCAF4E401d93c021272e4F30a74aefac7B7971A,1,21667.15,2059.49,23726.64,3084412,94118
500,0,0x7BEDAbB2795B37783a7538119D22c0Ab41B23ac0,0,,,23726.65,,
500,0,0xeE21B51c4F39b54530048FE414c6F6Ed7bcbba86,0,,,23726.65,,
500,0,0xE63c27A7B62d3c1e22f87c49f592909a3CF653FF,0,,,23726.63,,
500,0,0xA30295d8008fD8C39637514201343ea201538320,0,,,23726.62,,
500,0,0xA41eFf6E540Db66e06d06f512e8203186eA1984D,0,,,23726.60,,
500,0,0x2FC49c3b38463bDCCDd726A3Bb15d03Cf3a36362,0,,,23726.59,,
500,0,0x57CB265708Cf36749f5E4eCECE7b61B9D9b3C8ff,0,,,23726.57,,
500,0,0xaf79e1590C6D9B63F97387694E896F9b25A263Fd,0,,,23726.53,,
500,0,0x849dC30269F40Bd70AB7859A9cBF12DC7271E149,0,,,23726.52,,
500,0,0x1Bed9Bd3d520513e6C808c0Ef45fe6Dca12B9907,0,,,23726.51,,
500,0,0xb842cED54036C776b67F48fc4CB1726050341847,0,,,23726.49,,
500,0,0x5E9C49b5857F57Be39F2930A3534afC1ec439E64,0,,,23726.48,,
500,0,0x8E9f11999d0c508548b3c25D4532c51b3C064941,0,,,23726.46,,
500,0,0x63F7eDd25Ea61addf19c8863F04d610bB7281fDe,0,,,23726.45,,
500,0,0x0c30Fb6D903cD4cCB7b3312A9092d9659BeC4E82,0,,,23726.43,,
500,0,0x34cc6c276440A6127C047554061d214132CeC153,0,,,23726.42,,
500,0,0x53145022e60909543f1DfabE429990D409EdBacC,0,,,23726.41,,
500,0,0xCab7dF9Be6146D0cEb25feae37b6fBaDc8fA323b,0,,,23726.39,,
500,0,0x28Fd397702cBa2ef842089f5737e7C88EFe45D7b,1,22486.44,1252.07,23738.51,3084412,94039
500,0,0x16574c89E6E0C952fBBE235e7A4b9A3e92254fb5,1,22742.87,1008.04,23750.91,3084412,94040
500,0,0x31Eda1ACbBA833e4F4F49355E0c1b158cE87aaa9,1,22742.86,1020.17,23763.02,3084412,94041
500,0,0x70e4e3d35d15870c3B2904724D5A5Fc31791e4Da,1,22742.84,1031.48,23774.33,3084412,94042
500,0,0x091dfa398E1Dd947321563819C9BE64F29786084,1,22742.83,1044.04,23786.86,3084412,94043
500,0,0x3fCA5BE5E0c943F00CCAe642462eC24fAa2d36DD,1,22742.81,1055.63,23798.45,3084412,94044
500,0,0x4af93b171E944b0E8a78003b597D99e5440E9e51,1,22742.80,1068.22,23811.02,3084412,94045
500,0,0x7d2aB7927b6394A68965C44f8980dEf8ddE2f4b5,1,22742.79,1079.72,23822.51,3084412,94046
500,0,0x1d9e02C487d17B7d2c7Cbffc75ba20feBe25AE64,1,22742.77,1092.43,23835.20,3084412,94047
500,0,0x2a4b68737cbD0c34cA30Ef8F3Abefb6ade3D979B,1,22742.76,1104.85,23847.61,3084412,94048
500,0,0x22E1956D148dB06db8D14E0007071a4daae75309,1,22742.75,1117.21,23859.96,3084412,94049
500,0,0xd42A99ACb34F1a7d9347876730f475a40Bf75DE2,1,22742.73,1128.39,23871.13,3084412,94050
500,0,0x3C4558C7Eca977262eC5Ed065A051488744F2fb0,1,22742.72,1140.68,23883.39,3084412,94051
500,0,0x9B2B509Ad950Cf32f893D3F345d0311e32620a2a,1,22742.70,1153.20,23895.91,3084412,94052
500,0,0x061C0BfFc11d7015c11Ba3F587B87b9dD99aCB1D,1,22742.69,1164.55,23907.24,3084412,94053
500,0,0x35dEaCc59ea00E70357EC8134d509973A2f08b02,1,22742.68,1177.52,23920.20,3084412,94054
500,0,0x6d84Ecd9Cc4a4653B2F197AD5A9650e5ea5e2d45,1,22742.66,1189.90,23932.56,3084400,94055
500,0,0x8feb21703F06eb4f634C0E7512E383523dC1aDAd,1,22742.65,1202.39,23945.03,3084412,94056
500,0,0xDf46eC785293f82e369f68412c02917628920EF5,1,22742.63,1214.57,23957.20,3084400,94057
500,0,0xaFFB41c977F6c210d39C99597ED42052E967Fe87,1,22742.60,1226.98,23969.58,3084412,94058
500,0,0xd95BEF0384A121cCa2bA39eeC8A900335690ddbb,1,22742.58,1240.22,23982.81,3084412,94059
500,0,0x383E7735a88C62E74cfc591C0E1c654a454C6D7C,1,22742.54,1251.53,23994.07,3084412,94060
500,0,0x42d35C150fbdDA4a7A1462003151d150feB4697a,1,22742.53,1263.68,24006.21,3084412,94061
500,0,0xc371C9F80a310245A63233BC024F317BbE2240dd,1,22742.52,1276.08,24018.60,3084412,94062
500,0,0x877905B12b8975F48ea766e55993e5E7Fa794a75,1,22742.50,1287.39,24029.90,3084412,94063
500,0,0xE503EaDa209846122C08f2921720DA4B13404668,1,22742.49,1300.26,24042.75,3084412,94064
500,0,0x4b4bC86D6E5c85DC417d80E621c6C3Ab02f5Ac9A,1,22742.48,1311.91,24054.39,3084412,94065
500,0,0xD0aDDf8039662FBBb892F0282fF31D4c67CF3d3D,1,22742.46,1324.16,24066.62,3084412,94066
500,0,0x8Ef84b5d1BC374A56DEaE5D40e1bdFA6895B3cA7,1,22742.45,1335.53,24077.98,3084412,94067
500,0,0x8896B6ffEbC908Cea0943D5619C24c657541E850,1,22742.43,1347.78,24090.21,3084412,94068
500,0,0xf2AB1fe1283cE2279Fd732193886e8B92a129fd5,1,22742.42,1360.24,24102.66,3084412,94069
500,0,0xe6AA102Ef82ED53220499F8c197f749e6d7e7e5D,1,22742.40,1371.52,24113.93,3084412,94070
500,0,0x06e94D6ed83A7AFf23f88EaDcBB02759D27262c9,1,22742.39,1384.24,24126.63,3084400,94071
500,0,0xB22Fd2A7f66D90527d1ae326E6A03DCA70ae933e,1,22742.38,1395.49,24137.87,3084412,94072
500,0,0x5e6d864F24A639A2dD650EcCeDFa4c1BaA9fae1A,1,22742.36,1408.08,24150.44,3084400,94073
500,0,0x08590b02d0CBDc7302C37Ab82172DE2280C0ec99,1,22742.35,1420.27,24162.62,3084412,94074
500,0,0xc90Cd417BDec21Fb69C461077Aa94F72d90181c8,1,22742.33,1431.62,24173.96,3084412,94075
500,0,0xE223B26dbC4189cc279004693ad39545Cd953392,1,22742.32,1443.98,24186.30,3084412,94076
500,0,0xd5f40e8A971233Babf8624d263e18C6c3Daa83d3,1,22742.31,1456.85,24199.16,3084412,94077
500,0,0x507e25cB612CbA19DD4F12B01b94344F00560c81,1,22742.29,1469.65,24211.94,3084412,94078
500,0,0xaD156362dA3b854148f68Fe1E3A2eE6c05fe7Ff7,1,22742.28,1482.27,24224.55,3084412,94079
500,0,0xfc737C75cE60049D18073734bCBbc1BA531CB72f,1,22742.26,1493.81,24236.07,3084412,94080
500,0,0x980fc372f17DE607B153532A3F42C85Fe54C29A1,1,22742.25,1505.56,24247.81,3084412,94081
500,0,0x2ECd96680e34ADEAc52bBC549BeFB3D079bF53Ac,1,22742.24,1518.16,24260.39,3084412,94082
500,0,0xD06836C28295A4f7cF9E0D154dE2AE7C35DD4ADc,1,22742.22,1529.31,24271.53,3084412,94083
500,0,0x9ea17422870d95A93c951BAFD4779eE8C9B9CF32,1,22742.21,1540.74,24282.95,3084412,94084
500,0,0xa6e5457Eb9dD77Ccbe21bEd46C5Fb9F1b207f13D,1,22742.19,1552.82,24295.01,3084412,94085
500,0,0x162A18dcc1E1E80A30b555cB6bB70dFA0e30a08b,1,22742.18,1565.14,24307.32,3084412,94086
500,0,0x9F7FCC1F6d83eEA1d2415DC2fAbfa87551628B39,1,22742.16,1576.38,24318.54,3084412,94087
500,0,0x940B25944a403aE80c633D98bf60eBa4a628Bf82,1,22742.15,1588.55,24330.70,3084412,94088
500,0,0x0317aEF0bAA68dBfd04f199ce486257e71eD4070,1,22742.13,1601.17,24343.31,3084388,94089
500,0,0x76e76200be54Ac23dDE5FAB426676207eF3C96a5,1,22742.12,1612.32,24354.44,3084400,94091
500,0,0xF903984Eb8bbd251c873A84c90F72d2D414fc7e6,1,22742.10,1623.83,24365.93,3084412,94092
500,0,0x0Cf6BF1e3BCdbd3111C5F3bc175f17baC5c0c48c,1,22742.09,1636.16,24378.25,3084412,94093
500,0,0x614Fc559C78d8d8680e6A58C4376D52dB4b7C32B,1,22742.08,1648.67,24390.74,3084412,94094
500,0,0xd600204e3006DD0c21402076a09d18a78F24deE8,1,22742.06,1660.88,24402.94,3084412,94095
500,0,0x6BdeB18172735644909093862CF010fA1d8B21D9,1,22742.05,1673.58,24415.63,3084412,94096
500,0,0x02547fec89B0398a7AA40c5e30eDB207678101e8,1,22742.03,1686.70,24428.73,3084400,94097
500,0,0xD0A9AB4CE4Bd5Ef4eD8B77dE3742Ec9313f387De,1,22742.02,1699.30,24441.32,3084412,94098
500,0,0xA95f8E3491CFfAA7b989Ae8EC1b66c7d4B2eb22a,1,22742.00,1710.39,24452.39,3084400,94099
500,0,0xF91A9A730312dc7EcebF080BCdF8e2be9D3a0a78,1,22741.99,1722.57,24464.56,3084412,94100
500,0,0x1377524e35a96Fbfab4721094D65f5b1891073d6,1,22741.98,1735.09,24477.07,3084412,94101
500,0,0xc47C6Db3Ef2B35d300C4cceFb8A063b4075A4f20,1,22741.96,1747.90,24489.86,3084412,94102
500,0,0x7daC3C0A5ab0BE401439aD480FAB92F2f350189c,1,22741.95,1760.35,24502.29,3084412,94103
500,0,0xC584A180e5B7aF3a96c9C0629b14EdB371566F91,1,22741.93,1772.91,24514.84,3084412,94104
500,0,0xB19511BE11e0a9A00B6BbBc25D316143925a55FF,1,22741.92,1785.21,24527.13,3084412,94105
500,0,0x7BeF3c330400672Bc4648199e3f60569d75f814d,1,22741.90,1796.37,24538.27,3084412,94106
500,0,0xD78C71E1E70a784eD12c9f22715FA519d635cB0D,1,22741.89,1808.98,24550.87,3084412,94107
500,0,0x3F8CC169394bc90A32466760bd8c571f2C0977b2,1,22741.88,1821.22,24563.10,3084400,94108
500,0,0x9567771D58B5ec089DC4303C9F89F0E86B3e2444,1,22741.86,1832.53,24574.39,3084412,94109
500,0,0x2fe5Ff0043232327675584d7Ea1B4A76e622Ee5F,1,22741.85,1844.85,24586.69,3084412,94110
500,0,0xC78dC7D1a4738415250e31eD11fA351C8D0B6c2A,1,22741.83,1857.49,24599.32,3084412,94111
500,0,0x6dDe8a47dEc7fF437ab47CA9ECDaB3c56e732984,1,22741.82,1869.64,24611.46,3084412,94112
500,0,0x8aDEd310bbEeEe6c6C2c470459B801b99c03Dc40,1,22741.79,1881.80,24623.59,3084412,94113
500,0,0xEC97C9c21fF28B731FBf619d323857b0AB15e25A,1,22741.78,1894.00,24635.78,3084412,94114
500,0,0x612519d02fDcA87f9366fF1Dba924ECf7DB7c56D,1,22741.77,1906.08,24647.85,3084412,94115
500,0,0xAC5662CbBA9b2f3fcD631DecDF77B0B2Af9bFeC0,1,22741.75,1918.08,24659.84,3084412,94116
500,0,0x01601377C2e6b603167Ad2844Aab1a58857Ce974,1,22741.74,1930.10,24671.84,3084412,94117
500,0,0xEad8a0c0fEDBB1cb5f0aDFE1Ee495B07f3a40811,1,22741.73,1942.20,24683.93,3084412,94118
500,0,0xb95dEe8bF04B609700bB31efa68f61C68C939017,0,,,24683.92,,
500,0,0xf6AF8D83b00C45A0cB603F66d7FB560281AC16AF,0,,,24683.90,,
500,0,0xa4f6ea39793f7B17B6eD357A66dd9Ae26A53D486,0,,,24683.87,,
500,0,0x70399F26633AA643ACCe3BF140894C466062d12b,0,,,24683.85,,
500,0,0xE39DD22bC9E2816C3d53Fc719ea064F41788C598,0,,,24683.84,,
500,0,0x32d6f33766b1FF2e2e125fc4BB39Da9609B369B0,0,,,24683.82,,
500,0,0xa0157A2054500D0f498Dbd82b86Db1E50aDB8688,0,,,24683.81,,
500,0,0x174CbA2071aEbA8b9F36d5034427687d0EfAA9b7,0,,,24683.80,,
500,0,0x0c0f1aA24826974862fb7DC32f7F16E52eE9fd03,0,,,24683.78,,
500,0,0x62d607D0c5743Bbfc1EE204938719Bde1ee59D82,0,,,24683.77,,
500,0,0x3b4d23A0314432146f2De05b7B825630146766AC,0,,,24683.76,,
500,0,0xF74A9381347599C8d40a0bB5EE7028e66449e5CF,0,,,24683.74,,
500,0,0xBF540e4fD84cD2fC802cFf060EC57403e0ea2Ade,0,,,24683.73,,
500,0,0x36F158A10FCCCB068E1b0cdDAd902a65d6de4603,0,,,24683.71,,
500,0,0xAA6c7eA5b7184b8d21F46d286E064c2981D0338A,0,,,24683.70,,
500,0,0xe1a19ee65AB12182cEe7E7d19a8292a3F8d955d7,0,,,24683.69,,
500,0,0xF3433Fc69E0f3F85Dfe659873133A12E47039D89,0,,,24683.67,,
500,0,0xaFBa8fe74678AC683d216F2436891049Be442Dca,0,,,24683.66,,
500,0,0xf13DaC6845d1fffD9298c81A9eAeEfE58DB78AD0,0,,,24683.64,,
500,0,0xaC0Cde2c79811620286779A5bD5a153f520891BE,0,,,24683.63,,
500,0,0x54229F2110e72189053F1a3a5e2Cd6886eE4F87d,1,22227.17,2467.57,24694.74,3084400,94038
500,0,0xB2944D882613619042F180121CddA9F5E874a83A,1,22227.14,2479.74,24706.88,3084412,94039
500,0,0x111D6729A21a8D124BCDB72c544E3d1d944bcCE8,1,22227.12,2492.32,24719.44,3084412,94040
500,0,0xf8D6B0e56A480E13Dbe4E2862a287688a8b9d7F8,1,22227.10,2503.62,24730.72,3084412,94041
500,0,0xD84Ce69aa73cA17975b2Ce1447C937A14fBA49f2,1,22227.09,2515.88,24742.97,3084412,94042
500,0,0x81Af3e68f7942B07e3cdBD153b1940265b2233f5,1,22227.07,2527.97,24755.04,3084400,94043
500,0,0x814096d2B9bd0Ae5670B0317F2d6F882beF0ddfe,1,22227.06,2540.35,24767.40,3084412,94044
500,0,0x61b1cfc686e851c85F9E665Dd0B16d14ac5c511f,1,22227.04,2551.48,24778.53,3084412,94045
500,0,0xA7B596764Fc893dC708F0CfB012fef8CD3195030,1,22227.03,2563.57,24790.60,3084412,94046
500,0,0x733E930c575f4630F5D300E6fD47267dF1f438eF,1,22227.02,2576.12,24803.14,3084412,94047
500,0,0x24eb144cBba8263161A19efC600e1F7567A7883d,1,22227.00,2588.23,24815.23,3084400,94048
500,0,0xa3EAA6f989b470a230F60b202c06A0a472A84Cb9,1,22226.99,2600.27,24827.26,3084412,94049
500,0,0x914F59821ABfb98F7755b7d0aB5565970cd3C2a7,1,22226.97,2612.47,24839.44,3084412,94050
500,0,0x028DD87DDebc5c74dFAcEEc5cC41A28213752968,1,22226.96,2624.68,24851.64,3084412,94051
500,0,0x695a81A0d4872Db6155F4A2514ee07928f5dfc53,1,22226.95,2637.15,24864.10,3084412,94052
500,0,0x653b3C77fD01659f302882eF17CA57538dBb7844,1,22226.93,2649.07,24876.00,3084412,94053
500,0,0xA8FfbDb81675cA553Cf2F53136E12d0d7B5acaDc,1,22226.92,2661.28,24888.20,3084412,94054
500,0,0x2607d91770D3E3D49B08DA9cC251c109C2B67229,1,22226.90,2673.64,24900.54,3084412,94055
500,0,0xE41ece770a915A1113037B358be3b7553a2D6915,1,22226.89,2685.95,24912.84,3084412,94056
500,0,0xD152566613Ef8Fd7aBb93452eF2e938A8bf2A25B,1,22226.88,2698.52,24925.40,3084412,94057
500,0,0x0cbB6Aa322720cC2664E1B1aB96a6225569b5C63,1,22226.86,2710.64,24937.51,3084412,94058
500,0,0xE0085CFE19e313AB10EA0DC51B4D274C58E502d0,1,22226.85,2723.53,24950.38,3084412,94059
500,0,0x97909Ff1554054b400e15242926f993AA8387F7b,1,22226.84,2734.66,24961.50,3084400,94060
500,0,0x88E1BdfeDf98c1Fb024E7F7e2252Ce23eE511B07,1,22226.82,2747.21,24974.03,3084412,94061
500,0,0xd9041Ff54047Cf5222194BCf306cce25DEe55797,1,22226.81,2759.55,24986.36,3084412,94062
500,0,0x6C14b876bf4A5FAfFcF43E2bbfC55f828Ba83bF0,1,22226.79,2771.98,24998.78,3084412,94063
500,0,0x700b963902fF887dB5aED7e8638d70aD5015DB1D,1,22226.78,2784.44,25011.22,3084412,94064
500,0,0xa5Fc6234c1006A84791F4f1a4758b63337825654,1,22226.77,2795.85,25022.61,3084412,94065
500,0,0x87D259e4F7841111CD98b7208B0608a8b6EEE2C5,1,22226.75,2808.45,25035.20,3084412,94066
500,0,0x7a8c8a573703B229f2BcD3045b673Dc09C5cc835,1,22226.68,2819.74,25046.42,3084412,94067
500,0,0x0fD44122f3b251bb20be1bfbB9823e774D2d2cbd,1,22226.63,2831.91,25058.53,3084412,94068
500,0,0xe40120064f329bBb87D50595BB7E38D4FDCf1dBA,1,22226.61,2844.48,25071.09,3084412,94069
500,0,0x63A90785cF014BEc694d0Fc696347C4C6421cbc6,1,22226.59,2856.23,25082.82,3084412,94070
500,0,0x00a8115Ea85Fc3dAd97Aa2a95fEa0dfb9Fe5176d,1,22226.58,2868.53,25095.11,3084412,94071
500,0,0x216d9DF9DDEEa15eAf56306A567bb7012Ed21F26,1,22226.56,2879.90,25106.47,3084412,94072
500,0,0xFF02466a19Ca90E2AAb9FA90472a4d56C6cdEbEe,1,22226.55,2892.13,25118.68,3084412,94073
500,0,0x7111aF564d60A0742f7886756584656dC9E7240d,1,22226.54,2904.35,25130.88,3084412,94074
500,0,0x37a5b0F8f40D7785c08538E521897A30443080E0,1,22226.52,2916.57,25143.09,3084412,94075
500,0,0x84D03d0ea8C90A982d5f373709Ce7185492bD64D,1,22226.51,2928.97,25155.48,3084412,94076
500,0,0xc8f4bCdfF42bd4E6e684616e969C6cE7A997FCeB,1,22226.49,2941.57,25168.07,3084400,94077
500,0,0x4599D4b407e27323B4e442498ACd46c8998CD62D,1,22226.48,2953.65,25180.13,3084412,94078
500,0,0x7092eA0fB62451FE55F6c731aD53498141E04CF9,1,22226.47,2965.97,25192.43,3084412,94079
500,0,0x01ad40ee83408A7369A94dB618a96705e819935D,1,22226.45,2978.19,25204.64,3084412,94080
500,0,0x3910bD9Cf4488d2e2e7EB222C9C36a3bb5615De1,1,22226.44,2990.57,25217.00,3084412,94081
500,0,0xB03021Cb477acd111Ef89c35D12E58994AEf6091,1,22226.42,3002.88,25229.30,3084412,94082
500,0,0x5Da6A98FDcEeA1496219b824370e1591B27469d3,1,22226.40,3015.07,25241.48,3084412,94083
500,0,0xf05C3e7C2ff31F440676161006097F228C8977F7,1,22226.39,3027.52,25253.91,3084412,94084
500,0,0x125631fb5CA46D98be54De5F97DB92B45a5c8176,1,22226.38,3039.42,25265.80,3084412,94085
500,0,0xaDfEf5Ca7E0a6A13e5f51E41Acb07f8A6A808D8B,1,22226.36,3051.52,25277.88,3084412,94086
500,0,0x2977D408a85D81E38AA07f65bBDE6E71C7be2E06,1,22226.35,3064.10,25290.45,3084412,94087
500,0,0xAc334c0b0063b2ED332568d4c49B22C33f61810D,1,22226.33,3076.81,25303.14,3084412,94088
500,0,0xbF3C48962af0D1c398ccBA5B6Ac6dd918D297436,1,22226.32,3089.19,25315.51,3084412,94089
500,0,0x015A7E7d330aD923a0Fff59036F5b2010baAE2F7,1,22226.31,3101.35,25327.65,3084412,94091
500,0,0x0F8E17e4a0993026e07DaE22B3871DbcCCbEf5fD,1,22226.29,3113.84,25340.14,3084400,94092
500,0,0xbAF29C61E5339eE971bF6e39a359143B13b915f6,1,22226.28,3126.01,25352.29,3084412,94093
500,0,0x9d7003385257c412C488ff767156c7180CDCe894,1,22226.27,3138.37,25364.63,3084400,94094
500,0,0x4B852F8B970B02e126A22495C10CB1D9Ee74AA1A,1,22226.25,3149.41,25375.66,3084412,94095
500,0,0x68B4376282022547f30926426decda4EBCa733cb,1,22226.24,3160.93,25387.16,3084412,94096
500,0,0xd9fE27f2E10D02BE08eEDbbbF6ae14DAff98fA2C,1,22226.22,3173.32,25399.54,3084412,94097
500,0,0xB4A564c4C4caA101F42671D503B4D566020d7D40,1,22226.21,3185.42,25411.63,3084412,94098
500,0,0x118d58f43BBb6373678A81f59725ec3a7Ec666cd,1,22226.19,3196.74,25422.93,3084412,94099
500,0,0xC7dFC0b6f4c8638352142C8529A3bFd7BD7cB55A,1,22226.18,3209.07,25435.25,3084412,94100
500,0,0xfb9e7669c04b0ef318ef192b12cE7Dd8689532A6,1,22226.17,3221.26,25447.43,3084412,94101
500,0,0x871755ac1c5ddf0C781d8636690e24742aAe3011,1,22226.15,3233.62,25459.77,3084412,94102
500,0,0xE29107D8A846669B05259300b3106be590bA9432,1,22226.14,3245.77,25471.91,3084376,94103
500,0,0x346919d3267318D86304b132DECB3f207310e5E3,1,22226.12,3257.94,25484.07,3084412,94104
500,0,0x9E501db8C56B4b56A08bBF05A2349fe07c04f07b,1,22226.09,3269.81,25495.91,3084412,94105
500,0,0x073CD6a26d911B19ba44Fe954a07f4C4Abfa20Ef,1,22226.08,3282.23,25508.31,3084412,94106
500,0,0x054a12F1219a95D2634AEDE72a9b0d3aC1AdcBc0,1,22226.06,3294.58,25520.64,3084400,94107
500,0,0xFcBc9DB6C15352477221aFf63f5A2Ee735D87DF8,1,22226.05,3306.74,25532.79,3084412,94108
500,0,0xD4f445D0afa1877ff506e620cCBb2801b6a47838,1,22226.04,3319.28,25545.32,3084412,94109
500,0,0xddDAC9280c790b64cA2a6FDf29Ca2DA0bE3CbCb5,1,22226.02,3331.76,25557.78,3084412,94110
500,0,0xEe85db3567fDc0CC33cD49C3c09540bb4718F9a1,1,22225.98,3344.04,25570.01,3084412,94111
500,0,0x6a00a3a95743CA09AA439cdd2C46B6BE6b98A13B,1,22225.95,3356.10,25582.05,3084412,94112
500,0,0xD833E604cf7aEFCD74EEb267A5a3F7dFF8A3b4E1,1,22225.94,3368.62,25594.55,3084412,94113
500,0,0xf6Bff2eF9142fDe165c6F59dc9bC935EA61968f0,1,22225.92,3380.92,25606.84,3084412,94114
500,0,0xdF8478ec93183A824513D95e8b30960Bc69002D8,1,22225.91,3393.28,25619.19,3084412,94115
500,0,0x43FCb1a72949730F81179Bbf4c5a6E6e0EDB25b9,1,22225.89,3404.47,25630.36,3084412,94116
500,0,0xA6f8a2996a2ac590e673e02856a4a5b433aAd2e7,1,22225.88,3415.61,25641.49,3084412,94117
500,0,0xf1e8f40F57c008152a6A2Ff2702766F8990c1d23,1,22225.87,3429.09,25654.95,3084412,94118
500,0,0x73F061d128a9f714F5A4eBbdC717b53f9498D246,0,,,25654.95,,
500,0,0x6e80D65bfeF29655DE9c463A078c8d736348DAb0,0,,,25654.94,,
500,0,0x99277dC5DFf694718e6dBdbEcfdf03EB7bD809dD,0,,,25654.92,,
500,0,0xA177191828a08ed1a63A2d3980a948aB8175B4d0,0,,,25654.91,,
500,0,0xB48db665744a57b954c47334E159A00Fd42DCcD2,0,,,25654.89,,
500,0,0xbEdBa6De3edc80516D04A9aC5aB3fe99416b9e23,0,,,25654.87,,
500,0,0x2299A2EB449893FEB7057E3C5Ee603639E5F67F4,0,,,25654.85,,
500,0,0xA2B39c89A59b8B9830B6fF549d0a4764Fc4FDa19,0,,,25654.83,,
500,0,0xf8d9Def3d5279435BD91E80F2C02BFe2E33D9a33,0,,,25654.82,,
500,0,0xb48fD1dd77138615133B161aCe54662652d1E03c,0,,,25654.80,,
500,0,0xd50F0C23F29923C0Ce97aaBFC40582A64B78d9F6,0,,,25654.77,,
500,0,0xb752E09F7dCF0cd9B794C276C3B5f9D5aa1cd2A1,0,,,25654.74,,
500,0,0x1ec06cc448891DD2539262c7F8927e7134b4f7EA,0,,,25654.73,,
500,0,0xffb1ff81cf3D23518365a0067c8A9fC9a6940e31,0,,,25654.72,,
500,0,0xAA7bE3cAD5A9750063cbfE75516e0e48048a5eEb,0,,,25654.70,,
500,0,0xe126093aCE0eEb291c583d653Cb9c383733eDc1d,0,,,25654.55,,
500,0,0xE50Be396195836310924C16E9922cC744333D18B,0,,,25654.51,,
500,0,0x72CFb5cAd81250dF66D1301187bAb445Fb1C3DAF,0,,,25654.50,,
500,0,0xDdf56a702D7E8556fe43fD52FbE1F0ec734DdA91,0,,,25654.48,,
500,0,0x8cF7c06c0cB60Ef4BbAacAbf5ecf306b7e3A963b,0,,,25654.47,,
500,0,0x3af884ED9A86768F998E89b995119D616402D30F,1,21663.30,4003.25,25666.55,3084412,94037
500,0,0xBBCeC77e3c132C637aA17531A0CC72919f179E70,1,21663.21,4014.86,25678.07,3084412,94039
500,0,0x10549aB0Ed35cE9773c34c29785D03BBCBc2495a,1,21949.10,3741.27,25690.36,3084412,94040
500,0,0xa0133e84Ea233703F0C2922C42e837753D371ab1,1,21949.05,3753.41,25702.46,3084412,94041
500,0,0x5B431f78C317aEfAb04F9b3cAF4D0Bb1ECc2A30a,1,21949.02,3764.36,25713.38,3084412,94042
500,0,0xA5bFdBC3AC1b8936b0E12bF832B5145104ea5cBE,1,21949.00,3775.75,25724.75,3084400,94043
500,0,0xCB9A5D1C90faf6a9AE8d481fAc88686383ab6F43,1,21948.99,3788.25,25737.24,3084412,94044
500,0,0xcaC1B8bA17F7B5d30EB1FA8Ef66EEB3B7599B8eb,1,21948.97,3799.69,25748.66,3084412,94045
500,0,0xBe44BDC7ACc252d1fd21ecE099D4f155792c0c7C,1,21948.96,3811.76,25760.71,3084412,94046
500,0,0x28787298499352185370a8A2949De1b15b2f6298,1,21948.94,3824.18,25773.12,3084388,94047
500,0,0x247344106FBeF4Df9cF3E735afa6fE5AD08626AD,1,21948.93,3835.25,25784.18,3084412,94048
500,0,0xAa176d009B8c996d101E53F608a792566466Ac63,1,21948.91,3847.31,25796.23,3084412,94049
500,0,0x98D6c4E845B37807f29973681B3AB521dA2e0629,1,21948.90,3861.89,25810.79,3084412,94050
500,0,0x010F863f6Be13D394A2E2b30b7927FaeC7da9063,1,21948.89,3874.20,25823.08,3084412,94051
500,0,0xb0cE8A50e2a338737b9fDe76B97a477d0694181A,1,21948.87,3886.21,25835.08,3084412,94052
500,0,0xDEd19D61bd05aba6Ee554D72728313bA05928A6b,1,21948.86,3898.38,25847.24,3084400,94053
500,0,0x6AdCa28A667ECaA3069daE6134C025fFb77C98eB,1,21948.84,3909.35,25858.19,3084412,94054
500,0,0x9924ee1f8aac23a4f05cC7Bf45E312B707264f60,1,21948.83,3921.39,25870.23,3084412,94055
500,0,0xeC95098a2E14f64ED3462fbe297406F3d9cE6337,1,21948.82,3932.37,25881.19,3084412,94056
500,0,0x28d9a34c8331d49906a696586f7E7D835455a077,1,21948.80,3944.94,25893.74,3084412,94057
500,0,0x45d6B94f532aFBe7ad2816a7b3Acf5D9D643Cc00,1,21948.79,3957.20,25905.99,3084412,94058
500,0,0x237e97d5Dc3D52722c171cfD0066520F598b0e7b,1,21948.78,3969.33,25918.10,3084412,94059
500,0,0x38F5e6272368Fc5039B619E9c0D6169cccC14419,1,21948.76,3981.49,25930.25,3084412,94060
500,0,0xAF5D0Cd96985E2462a10F3F4D0160A579280240F,1,21948.75,3993.79,25942.54,3084412,94061
500,0,0xfd9B9E84479d1cDec4B0D3695EE8be1F2E8E7750,1,21948.73,4006.73,25955.47,3084412,94062
500,0,0xbb0348aA52Fe8f42DE49B5aA70DF4CBccE9F9BB9,1,21948.72,4019.05,25967.77,3084412,94063
500,0,0xa0e63be5fc4f3FBE2B661A47Ae451FfFeA2484F9,1,21948.71,4031.82,25980.53,3084412,94064
500,0,0x231edf153111Aa5bfFbBF424D5154F7fE5106E77,1,21948.69,4044.62,25993.31,3084412,94065
500,0,0x303d12D11Bea6C051eb50215fe00C6264471f423,1,21948.68,4056.90,26005.58,3084412,94066
500,0,0x245f4C9707f9e1f279582b9CD40b1D82b3bC499a,1,21948.67,4069.43,26018.10,3084412,94067
500,0,0xD05bc3bA648B9Fc5DC2D54470e928d02881865AC,1,21948.65,4081.98,26030.63,3084412,94068
500,0,0x40e579684427930f4a74a5DB5a411179B7c97fff,1,21948.64,4094.21,26042.84,3084412,94069
500,0,0xE20Caf1019610B6225012c2d8e69cC582F7B4213,1,21948.61,4105.89,26054.50,3084412,94070
500,0,0xDdDba1338fb9C0E333340CEe574539CEd73abdb6,1,21948.59,4118.89,26067.48,3084412,94071
500,0,0xCc11751C3DeEd6F6680d0fdA88411f3C036De4A8,1,21948.56,4131.83,26080.39,3084412,94072
500,0,0x0888912ACdCc77F23B9b706F17251fb1c3bd9960,1,21948.52,4144.19,26092.71,3084400,94073
500,0,0xF4991f6Dc555a5Fb8016da97dC5D2D4DC1349548,1,21948.41,4156.09,26104.50,3084412,94074
500,0,0xf0B12Ea630521CE103F56779aC5FAA3E9F91ce46,1,21948.37,4168.86,26117.23,3084412,94075
500,0,0xE6AE2Ee8cc5091d8Ff2bab490A3a9888373cE991,1,21948.27,4181.02,26129.29,3084400,94076
500,0,0xdC28bfF61Bbf6aED96B5497b2a9803E25C5422f5,1,21948.23,4193.43,26141.66,3084412,94077
500,0,0xA885d7AC6b722bef591Ce57888003BDB708466f3,1,21948.22,4205.61,26153.82,3084400,94078
500,0,0x8D59B0B26df30d274fdCe71B184467eACAeB1834,1,21948.12,4217.78,26165.90,3084412,94079
500,0,0xd9880968318E0764D6FCE1EAA0e65be3f986d191,1,21948.01,4230.42,26178.43,3084412,94080
500,0,0x1bD6211cF0C19166ed8B3DF256fd3B4f40264cde,1,21947.90,4243.07,26190.96,3084412,94081
500,0,0xBe954Ed34588b1aAab281428135B57b032dF3C6f,1,21947.70,4255.55,26203.25,3084412,94082
500,0,0x2DD4D4ce7381159FF5B2e8ed9a2476FeDEd8c7fB,1,21947.64,4268.40,26216.04,3084412,94083
500,0,0x39eDa45eFbDDa28193E63C1DCC84D74C32f36c87,1,21947.62,4279.91,26227.53,3084412,94084
500,0,0x74fB3d964B871DD6f9246f6008d2ce4dEde67AF1,1,21947.61,4292.33,26239.93,3084412,94085
500,0,0xb951E5Ac2E3747926FccfEAf4f35ae236ae2A043,1,21947.54,4303.89,26251.43,3084412,94086
500,0,0x2879974F8B622E4a9b2B7c7a6D6a122F6933B0d9,1,21947.52,4316.86,26264.38,3084412,94087
500,0,0x958b1b85ABF7408C3bb1016066713103113ddE89,1,21947.50,4329.50,26276.99,3084412,94088
500,0,0x24cDDCFAc084FfA5ea7B9Bd3726b7683e5424b90,1,21947.47,4341.94,26289.41,3084400,94089
500,0,0x56a89fe59c147b3b5aA2a1548BB527B3ec525a66,1,21947.46,4354.30,26301.75,3084412,94091
500,0,0x057A9c7B5814206BEf2dd7AE5E9D1Ae3718395fb,1,21947.44,4365.43,26312.87,3084412,94092
500,0,0xfF36bcc652ca18A3e92703C12E35954B48C5a9BA,1,21947.43,4378.08,26325.51,3084412,94093
500,0,0xdf7E5a406849bba2e6abb232d43481D2a20a406a,1,21947.42,4390.06,26337.47,3084412,94094
500,0,0xAE0d4b97447eb81675F71b5FdFA17859dc61B5b5,1,21947.40,4402.29,26349.70,3084412,94095
500,0,0x3f4685854C94E4e5987C65b0e9D8EA740aD0E963,1,21947.39,4413.75,26361.14,3084412,94096
500,0,0xf584F44Ddc0B9B236A21f96C0eD4539520FFF446,1,21947.38,4425.89,26373.27,3084412,94097
500,0,0x2d57681a56b133a1d9a9A7b8da79295355f03bd1,1,21947.36,4438.21,26385.58,3084412,94098
500,0,0x388014806857b93c97EFE7e59D7Ed541583A0445,1,21947.35,4449.64,26396.99,3084412,94099
500,0,0x7B22BE6dC86A387155dfFF6D60b683c9dcCc7622,1,21947.33,4461.97,26409.30,3084412,94100
500,0,0x9760B50042503F00804d17063Fd83E4Dfe12A9EA,1,21947.32,4474.45,26421.77,3084412,94101
500,0,0x49c90c9c9f47913Ff33D52c95D9DE63792536086,1,21947.30,4486.96,26434.26,3084412,94102
500,0,0x6CcB03934e3C808E0FaCe85859c9cFCfe2BEcAA5,1,21947.28,4499.27,26446.55,3084412,94103
500,0,0x80a8B00F969c225cd0037daA2E5F33A3Cb7Ac31c,1,21947.26,4511.52,26458.79,3084412,94104
500,0,0x30A4d14e789A1C5767Aec4D82DB0888A860D8b02,1,21947.25,4524.00,26471.25,3084412,94105
500,0,0x47aC5D56FDFF6920CE595dB196381706550D72Ee,1,21947.23,4536.26,26483.49,3084412,94106
500,0,0xFd568688711B13E8b8cdDbF214A0B7e607737e16,1,21947.22,4547.57,26494.79,3084412,94107
500,0,0x42011f22EE0066ca500dcc7Ca3dD3fc34d1C90A2,1,21947.21,4559.95,26507.16,3084412,94108
500,0,0x6efF713Ad88B0d9860C1165fDC1C6D48dd460B7a,1,21947.19,4572.95,26520.15,3084412,94109
500,0,0x6861dFF7bb0f6cd5d6Ae9cFD8eDCb342f02e3C55,1,21947.18,4585.41,26532.59,3084412,94110
500,0,0xFf93839d9c785E3be5B316726984A813B009f31a,1,21947.17,4596.35,26543.52,3084400,94111
500,0,0xF53246E009d5B7CeeE948c43E5191b034A739783,1,21947.15,4608.11,26555.26,3084412,94112
500,0,0x0Abed5A2a0DB9D8c55fBC2489027f9288A9a9b60,1,21947.14,4619.40,26566.54,3084412,94113
500,0,0xA63Abc5e395a1b60e0986d2E7C977507588CCD7b,1,21947.12,4630.51,26577.63,3084412,94114
500,0,0x9eF5Da2f578961245269d5aBcF067d682eEd373A,1,21947.11,4642.89,26590.00,3084412,94115
500,0,0xb1430e70A2eA8f4eEF99d6BF5e448DaE9E8a3Db1,1,21947.10,4654.93,26602.03,3084412,94116
500,0,0x6a6F69eB5971d1385d26C6a16beac618d26e4C07,1,21947.08,4667.64,26614.72,3084412,94117
500,0,0x6f0a6A8B602fe45D8F128FD10c1B87A58f1cc41b,1,21947.07,4680.34,26627.41,3084412,94118
500,0,0x3D4AA5cea7EAf9703Ebf05f6Bab4F653F1D36F0c,0,,,26627.41,,
500,0,0x0e99B78735b2e39Da3d91f78f65d0A6028EB15e2,0,,,26627.39,,
500,0,0x291157D3D853c2E1b2a2E78a9628e0708B1cB1b1,0,,,26627.38,,
500,0,0x8d005ce58585B086bCF5CD3d1DBfeC0275e11DbF,0,,,26627.37,,
500,0,0x9543aF8574FE71E79F3E8583EBE749BEd0bd987a,0,,,26627.35,,
500,0,0x00C1B0d2D91F9D78eD7203E8aB8974CB418E35D9,0,,,26627.34,,
500,0,0x1a43AEb4190C8ec7b61bd4Da7e063bc02F8080eA,0,,,26627.33,,
500,0,0xd74866802De2998aB3205f9Fc0b0a9306f68c001,0,,,26627.31,,
500,0,0x27f95d3A2D7Bf0a37f2365BbACD194c9beeC8579,0,,,26627.30,,
500,0,0xF921886ca8ba4f949d3F80738a327AD147Afc724,0,,,26627.29,,
500,0,0x50CB1570117d54E599d9dB8dB827Ab85B444233e,0,,,26627.26,,
500,0,0x563b6b52a9d7fCd638Decd03C41F3743D84CfB43,0,,,26627.24,,
500,0,0x3B83b5ef3eCFE7C764E3F2400851d159C1a09230,0,,,26627.22,,
500,0,0x45603766adD8468a67D7a755496a82d45b21382b,0,,,26627.21,,
500,0,0xfBd085420e6F02be15dA6e084bAe2ee2Ea6A2A70,0,,,26627.19,,
500,0,0x10b40C53cB11cC704cB226bE12777aC7A7965769,0,,,26627.17,,
500,0,0x4510968ca585F0149A38098122aF336B56bca0aD,0,,,26627.15,,
500,0,0xee023b32E38A6EcC1F1708ceac597631e1031fD0,0,,,26627.13,,
500,0,0xd57A43758e7a70A99a065FA516A2A6b697f0D50d,0,,,26627.11,,
500,0,0x352B61DA1A58017cEf2D96878FAD4dE7fa540022,0,,,26627.09,,
500,0,0x73d746353a720B4729d5D88d8bF125D7396889E7,1,22736.79,3901.51,26638.30,3084412,94038
500,0,0x19A5f7850084C2CEe57DC2485928Ef54b610D43F,1,22736.77,3914.05,26650.82,3084400,94039
500,0,0xd2d42e99d6274cf3E8b236f71Ce73caabF766857,1,22480.31,4182.85,26663.16,3084412,94041
500,0,0xC3C336B15896b8418A7238e58148Fa68b4B67dA2,1,22480.29,4195.39,26675.68,3084412,94042
500,0,0xdA36c8eecccCfA174f8C0F6e8B0B559F9Dd21064,1,22480.28,4207.52,26687.79,3084412,94043
500,0,0x06627a7A20D05A709757016a151D3c23a76C8eF9,1,22480.26,4219.78,26700.04,3084412,94044
500,0,0x90c034C007530c0E35C96c1EC42cD3a7Ed932113,1,22480.01,4232.80,26712.81,3084412,94045
500,0,0x2707023e58BFf93d44fA4a8c583200B7DB1129fC,1,22479.95,4245.64,26725.59,3084412,94046
500,0,0x5Ccd82E998E3Da06080355845DCe483530878c45,1,22479.86,4257.59,26737.45,3084412,94047
500,0,0xa466eB6B353876BBCb6E1EEB61200524A067d8d6,1,22479.83,4268.79,26748.62,3084412,94048
500,0,0xd57A4be2a9F2A1A123e060b43aD3F355f694d673,1,22479.80,4281.04,26760.84,3084412,94049
500,0,0xcc8C573F9d6201f4Ed4190a22a7A73cADb9aBB70,1,22479.78,4293.31,26773.09,3084400,94050
500,0,0x331d966e7A9a4AB6f3B33d235AD34F093d2fC26f,1,22479.67,4306.50,26786.17,3084400,94051
500,0,0x7AF26722C0934d95666Af4F564eBaBAfA21078E4,1,22479.61,4318.71,26798.33,3084412,94052
500,0,0x03dAeD8DAC24B0Ca317beeeE673418d5ed8B46Bf,1,22479.53,4329.77,26809.30,3084412,94053
500,0,0xb8A9b701B41d939Ead229B05711fe620500F2725,1,22479.25,4341.32,26820.58,3084412,94054
500,0,0x3851A57B3F436A60134352eBB04269251092E0eB,1,22479.16,4353.36,26832.52,3084412,94055
500,0,0xDf3fc8323f09e09bA31F1ef0A0017ae375a0837A,1,22479.05,4366.16,26845.21,3084400,94056
500,0,0xaca4e98Cdc95581fA8F9e6D5B9858e7018A9a500,1,22479.00,4378.59,26857.59,3084412,94057
500,0,0x056479ffcA7205a7Af11563bDE9F7b64FFbfb991,1,22478.77,4390.66,26869.43,3084412,94058
500,0,0x55af2E5d11e87A910549cb5AACf3173761467d01,1,22478.65,4401.99,26880.63,3084412,94059
500,0,0xed402aF62E9563e4B6CAFec03EcA02376215BA93,1,22478.51,4414.52,26893.03,3084412,94060
500,0,0xD082Dc35b41c2d9248e269192c8f82e01BC1976a,1,22478.41,4427.20,26905.61,3084412,94061
500,0,0xe699F6DE58d0a3dB9D786afCe2399f0D6f5279ea,1,22478.28,4439.45,26917.74,3084412,94062
500,0,0x198af11D3e9A1aF7Eee598c926109346A4451C58,1,22478.26,4451.56,26929.82,3084400,94063
500,0,0xDDA44b4e3b0eB9d9839641db6C7f8f994438b66B,1,22478.24,4463.79,26942.03,3084412,94064
500,0,0xA7F64dec91718eE2A8a58dC53B8Ed2ca4Cb9e097,1,22478.22,4476.09,26954.31,3084412,94065
500,0,0xe0132bC84BcE30FED1b23B7c3b2FD75E9b880f9f,1,22478.20,4488.23,26966.43,3084412,94066
500,0,0xf32Bf150BD434D893D090a62e1Fe3E430EDdAd19,1,22478.07,4500.60,26978.67,3084412,94067
500,0,0xC0E09fe895B8e74e73A3A6031EBd4f270EdC9111,1,22478.02,4512.79,26990.80,3084412,94068
500,0,0x78017B9DE432490052b50148101B48147EF34078,1,22478.00,4525.92,27003.91,3084412,94069
500,0,0x7Ca423CE717FC7b717e85f2D567E1Dae02437B03,1,22477.98,4538.72,27016.70,3084412,94070
500,0,0xfCa5af9D6f5f9347cffE948a51B095bad2A566F7,1,22477.96,4549.93,27027.89,3084412,94071
500,0,0xAb6DdC44bc7A8DcC394274DC9B5dcd5cB545e61D,1,22477.94,4562.43,27040.38,3084412,94072
500,0,0xf6587aCDCB61068A3992B2C55F6e6d0c401a2558,1,22477.93,4575.01,27052.93,3084412,94073
500,0,0x65f360B30196515148661DDfe8BDe1EfdF7001Bd,1,22477.91,4587.55,27065.46,3084412,94074
500,0,0x8A99De0348475b507AD93525D4D59E29ba900fD9,1,22477.89,4598.89,27076.79,3084412,94075
500,0,0x0c576a257df5a5565dA51843FD6FB76F76163051,1,22477.88,4611.05,27088.93,3084412,94076
500,0,0xe293c04b647ABA3F717A55cD06aD2148c7Cc9906,1,22477.86,4623.28,27101.14,3084412,94077
500,0,0xEb9Bebf9A23F23348627D5a25d43f996db4f7126,1,22477.85,4635.96,27113.81,3084412,94078
500,0,0x694be74466eEAA6276f2B414ad95259282120A3B,1,22477.83,4648.06,27125.89,3084412,94079
500,0,0xF12A90dAc1D87166bCDb4aB064Fb10743Ce3C375,1,22477.81,4660.71,27138.53,3084412,94080
500,0,0xC56b39D7D23c1C2D566B36A882Fd78D62d4754b6,1,22477.80,4672.20,27149.99,3084412,94081
500,0,0x93ca36aebceAD519F2a33061299e0a85204a0A3b,1,22477.78,4684.51,27162.29,3084412,94082
500,0,0x0af278946555CF2CeEb9D8358a549Ca3C5F6c26e,1,22477.76,4696.63,27174.40,3084412,94083
500,0,0x5C4AF32e310e3D50261972F1972167294ce264Da,1,22477.75,4707.74,27185.48,3084400,94084
500,0,0xcAB3352e75B803efBF90b56F06c10b47Fa94E1ee,1,22477.73,4719.07,27196.80,3084400,94085
500,0,0x93104818494262793e568Ae2E6BDac6b5CE64D46,1,22477.66,4731.39,27209.05,3084412,94086
500,0,0xaDD742171CCC95bEf5E68A34A8F7444387dEfA0F,1,22477.63,4744.22,27221.85,3084412,94087
500,0,0xa1D4530f0EF89D48B0444D04b66AD320467435ed,1,22477.62,4756.42,27234.03,3084412,94088
500,0,0xc7DacB2635Ddf207220fa820367E46dDAfeD3bB6,1,22477.60,4768.54,27246.14,3084412,94089
500,0,0x25Da9f10a6C048d56F5A4A6DBD9b05e06002ced6,1,22477.59,4780.25,27257.84,3084412,94091
500,0,0x51536bd466a91d5028eBC0ce74fF2c358801B982,1,22477.57,4792.41,27269.98,3084412,94092
500,0,0x6243928f6C6dAE2C71575EF51EBd96Bc89da89bf,1,22477.55,4804.77,27282.32,3084412,94093
500,0,0x1B120Ae4Ea9622D0CFB324bAef018C75CE4C9e51,1,22477.54,4815.74,27293.28,3084412,94094
500,0,0x0e2A070cdC5c2ad6c9f769E5e2180813564a0C61,1,22477.52,4828.36,27305.88,3084412,94095
500,0,0x3B9eA7BA432f72006a429729AbF333564f648774,1,22477.50,4840.46,27317.96,3084412,94096
500,0,0xB9E01526A564de7dC1390DB7223Fa63b9dbE396c,1,22477.49,4852.57,27330.06,3084412,94097
500,0,0x1836eb714B59Ba85128B8B4E9881e0FfFF25cc9e,1,22477.47,4865.01,27342.48,3084412,94098
500,0,0xA741242e6d4504bF6738E5c0E29191Ede178F386,1,22477.46,4877.32,27354.77,3084412,94099
500,0,0xd387cED0d35187345278D5d80DA2CcD68491eA30,1,22477.44,4889.53,27366.97,3084412,94100
500,0,0xEc305242231382De8Cf19E698858Dec24065284d,1,22477.42,4901.88,27379.30,3084412,94101
500,0,0xA19dc7bf46DB3A9d2b9CB1369D9af0386b12f293,1,22477.41,4914.52,27391.93,3084400,94102
500,0,0x07f4221fCBf708E35c485DBdF10fb065DeDfDe38,1,22477.39,4925.97,27403.36,3084412,94103
500,0,0xC3f96000E2E041945a7e1B227036f58580B1510D,1,22477.38,4938.50,27415.88,3084412,94104
500,0,0x0a594dBE4f707e9963Eb15776488934FcbddD5c8,1,22477.36,4950.01,27427.37,3084412,94105
500,0,0x13cd5b3995e6E6474c22435aA9258494b8cbFBFb,1,22477.34,4962.30,27439.65,3084412,94106
500,0,0xB17D321a175f03b972B305612A979387009Fa262,1,22477.28,4974.52,27451.80,3084412,94107
500,0,0x757BaA243b9478b3fCe3272BB4411DfcC86c4e63,1,22477.24,4986.62,27463.85,3084412,94108
500,0,0xF50F1BF9626654072C9399ae4B6575956f89a11e,1,22477.22,4997.79,27475.02,3084412,94109
500,0,0x3C7CB923C5aB85feeFa6AFc5518ad7D954CbA297,1,22477.20,5010.35,27487.56,3084400,94110
500,0,0x7ab1bB04E349e638c124CbA9cC7487efd66b9D61,1,22477.19,5022.87,27500.05,3084412,94111
500,0,0xCb2f1DF70fbb33200E34BAF29eae363Ec4C900DD,1,22477.17,5035.05,27512.22,3084412,94112
500,0,0xe7E9755dEbc6A962b3E6dbd9a245adCb7006d1D0,1,22477.09,5047.49,27524.58,3084412,94113
500,0,0x6895360C437Ad993ebe71CbD5ecc0aD0296410c2,1,22477.07,5058.62,27535.69,3084412,94114
500,0,0xFA93f104c65a9F94a8bC31943ea6bF02Cd4C5b57,1,22477.05,5069.60,27546.65,3084400,94115
500,0,0xC69b841F7F27410FcAD13BfB1076e5696c27b37d,1,22477.03,5080.70,27557.73,3084412,94116
500,0,0x1e3C2712FD32Fb7C21D3a298D424b108e1F91869,1,22476.96,5092.55,27569.52,3084412,94117
500,0,0x443308e7AD523170AdF163E3Ee3CdD19DF708c1a,1,22476.91,5104.45,27581.36,3084412,94118
500,0,0x76d80EddAA4bd44dA6cbFDe8d61CE2eDda01de50,0,,,27581.34,,
500,0,0x7d036e5031BCDC77CEDB1e8FC634Dd5D1274A3CA,0,,,27581.31,,
500,0,0x9B4f49592e75eCfF589CF77fE414f8cd1C23Fc10,0,,,27581.30,,
500,0,0x773846Ee3CcaC51E3e4849DE3ca196344985742B,0,,,27581.28,,
500,0,0x572D61cb19A0c3C718b6a2167E39DD5e306825f7,0,,,27581.27,,
500,0,0xEBa2Bee5412fd7E427699A00E56322279449a66A,0,,,27581.25,,
500,0,0x582e69a00f54a5917531C7986Ac62667bB3bd849,0,,,27579.44,,
500,0,0xA0765D716C04F3a74AC63A57A449bD5aCa4B24EE,0,,,27579.16,,
500,0,0xc8706115ec93300D5740B7f1aBFee114A4B203f1,0,,,27579.12,,
500,0,0x632eA23a144C2D41481D514e25EF6773350F3782,0,,,27579.11,,
500,0,0x9b9A874ed73Bf4381D100A6109DE998a30607f03,0,,,27579.09,,
500,0,0x8f4899F37BcaAF0cC000527cAf66966C00Bb2FE7,0,,,27579.08,,
500,0,0x6853A044d60acADF7DdE0033a7D5bc1cD72eaa22,0,,,27579.06,,
500,0,0xB743Bdc953113878606c93043F76bDADB2ea9844,0,,,27579.05,,
500,0,0x7f07Ee2589Fc4C7F6fA75cfA6B4Edbf63a6f72cE,0,,,27579.01,,
500,0,0xC7b89600E3e5bAdce5eD03ABD337EA9986645992,0,,,27579.00,,
500,0,0x59994B4Ed3f7E17750ba9eC558211ccAf2376061,0,,,27578.99,,
500,0,0xf17460c4DD6d475D0ed697596aDc9592F1d357B9,0,,,27578.98,,
500,0,0x3Fd82cB074AA7701d4AEd9bd64650013D56c95dD,0,,,27578.97,,
500,0,0xEEeb5f416879490a9210c5Ed16D2C5E23057D219,0,,,27578.95,,
500,0,0x087d79E9D8E20a5e305169a4cE6412D4eF456F6E,0,,,27578.94,,
500,0,0x567e7eD1c2A46E12563ED533522149DBD321cCE5,1,21940.80,5650.29,27591.09,3084412,94038
500,0,0xf2bd55C87313c359631e98e05B9dD0e4d7Eb62F3,1,21940.79,5662.45,27603.24,3084412,94039
500,0,0xe075dcBC703E50aaD8936DbDbb64F8CaA78aE859,1,22474.42,5140.83,27615.25,3084412,94040
500,1,0x96d523E648Fd21C41e358Fb6f43954B215Bb122D,1,2700.34,46.90,2747.24,3084412,94138
500,1,0x71e048C9854640111ecb82c7E9F8C16d4d835566,1,2700.16,59.43,2759.59,3084412,94139
500,1,0x8fB70363Bb7d9D4c725178d810F7D778A65AECd1,1,2700.13,71.89,2772.02,3084412,94140
500,1,0xF06990255544136Ab87E79981E61b2F2d98E68e2,1,2700.12,84.11,2784.23,3084412,94141
500,1,0x23C55a418416B7274ebcF33fB8a75fB01305fDE1,0,,,2784.22,,
500,1,0x9C82654e9dB5cfF927071ca4d002BF6590a6B141,0,,,2784.21,,
500,1,0xFd5acD1399547720404EA47B0553d316E9a958df,0,,,2784.20,,
500,1,0xb5119Dd02cBf32F8eB8d46e01B33fFAc94B54EA3,0,,,2784.19,,
500,1,0x7CB21a8d8fCd60E6B0b4A3975C97F00EEEC6aA11,0,,,2784.18,,
500,1,0xf874afA90627dC80ad8216c4A5a44D65FDFE1940,0,,,2784.17,,
500,1,0x4C01D0a26563C1F8A9E4Ca06cF1A75C9C619210C,0,,,2784.16,,
500,1,0x20dA6C0a9908c2C8D0D3ca68153fCe1De68897B7,0,,,2784.14,,
500,1,0x2792eA78E690BF8289700BA885c0932504f11a09,0,,,2784.13,,
500,1,0x096fe611b3a4e05Eb6c7923e55792E77f051102E,0,,,2784.12,,
500,1,0x727D10E6BB742904969d3cfE406300F207d408b2,0,,,2784.11,,
500,1,0xeF05e783127121948D08b741F648Dc485558Fa88,0,,,2784.09,,
500,1,0x5F40C4c4d098f8Fc5e40d2151E19c824e32384B4,0,,,2784.08,,
500,1,0xEB4A337c6C6FB21B5bec8Bf6222e7Fc49003EF89,0,,,2784.07,,
500,1,0x1E8A8F44Ffd8221e2262b7C44a5eb10731B5A851,0,,,2784.06,,
500,1,0x5BCD941e64050545805fa72DD74e9eD7485c1211,0,,,2784.05,,
500,1,0x38d251F9CADDA2e34C8353f8585Fca62De6Eb387,0,,,2784.04,,
500,1,0x2Bc96Da73D2B307Fe0b958977C0Fe6a5bBf330CF,0,,,2784.03,,
500,1,0xFa0267a0F17dcaf0c1140336723d1f424Ba2EbE6,0,,,2784.02,,
500,1,0x086eff17F8D24e21D153580BD7323A1D3414619c,0,,,2784.01,,
500,1,0x7e53d8081057616AadB5eda51bD216536B913490,0,,,2784.00,,
500,1,0xDD4464E7751899C51247Eac177dB75121e481cb6,0,,,2783.99,,
500,1,0x6f13Fe82917e5377B8a54E4D011F6208DDFFd190,0,,,2783.98,,
500,1,0x9697455e805dc57d75cf7A599ed03C7C24B67D09,0,,,2783.96,,
500,1,0x516FB5C91dF386BE0c27a8Eb20763e1A1563a829,0,,,2783.95,,
500,1,0x5971e63544B94bD0b42b037C24E4fA468D49D762,0,,,2783.94,,
500,1,0x9DDe61595A0DCe25CFe30EdE85CEbA06A25Aaa31,0,,,2783.93,,
500,1,0x45f4faA5D226BCc1dB587f0F028A8d85f61D89bE,0,,,2783.92,,
500,1,0xdcC0C20d0Aa5C69c244B1a045bd9261B9026D545,0,,,2783.91,,
500,1,0xe50998a16FA02b5340aA08157d1E1dcA092cfaEE,0,,,2783.90,,
500,1,0xFF7d003fe3DF13dd8008c0EAe2d4D3F5Ca031520,0,,,2783.89,,
500,1,0xc2cf84fd0c52E12fa2301e722F30286fbA1eE0fA,0,,,2783.87,,
500,1,0xD9384E5D77D21Aa972ad8baa1bfC9f57f9DF220E,0,,,2783.86,,
500,1,0x41DC1fCCc605187b97a8B517f65D02Cf2daE4ebb,0,,,2783.85,,
500,1,0x6d85A92D60cAA85A4821ab345C3509Ea360F37f3,0,,,2783.84,,
500,1,0xDF40D48462a23E48502D2c2f07a0c40D30004364,0,,,2783.82,,
500,1,0x09BA561d0Ad864334f93d5150Ce2507a01e4B051,0,,,2783.81,,
500,1,0xA899F99c76A578431506D3268B505f2aC961C153,0,,,2783.79,,
500,1,0x1f4790d6C434D74E8E74376b6f56AED1516C9F53,0,,,2783.78,,
500,1,0x71490Cd2eFDB09108Af1C31F14758306E31264A6,0,,,2783.77,,
500,1,0xf7C527E00e6c204DA6AA358e36fAC02e6E9d17a4,0,,,2783.76,,
500,1,0x02B4dd9130f0E9CD092Ea1A0a4aCD32f640E6eE6,0,,,2783.75,,
500,1,0x7DA73b241199509d0d73b5a8efC2B257907F1ab6,0,,,2783.74,,
500,1,0xA16B8F95d4013f4C285d3A2c57108a81Ec7Be0B5,0,,,2783.71,,
500,1,0x9ccA9F268de6062C62e088D0636378b76755334B,0,,,2783.70,,
500,1,0x79418D8411C2CC4eba755EEA99297fb88c0F2FD9,0,,,2783.69,,
500,1,0x9B4D714765A8F7A499c7d47cd0EEc49214C20919,0,,,2783.68,,
500,1,0x009Cf7f499A7A83073C7aDC6beBAF5105Af2d098,0,,,2783.67,,
500,1,0xfC60e45Eac5972b82fCD6FF758DC5c032bBaBE17,0,,,2783.66,,
500,1,0x35e994C175aBdF3829ac5e3EA48Df23BFBe6cd2C,0,,,2783.64,,
500,1,0xb23F913DDfD65194A16F06AC6EA911eA2E3de3FB,0,,,2783.63,,
500,1,0x7f085eDc63736201e8BE51fcCF71378525Fb97D6,0,,,2783.62,,
500,1,0x970C8e270419A07b239b14B962C56A25d1434070,0,,,2783.61,,
500,1,0xDb8E2C0cE71e5407F6342Fa8D948e71cBfE09E5c,0,,,2783.60,,
500,1,0xD1561986B2bb6F47eFb9DfA627E7A96C07e8F8fb,0,,,2783.59,,
500,1,0x266327e3B471F37B36Ff8142307E796364e95e29,0,,,2783.57,,
500,1,0x8eB19FDCeA0d5Ac867a34b13Ec98aFCB7932718D,0,,,2783.56,,
500,1,0x79b10837227A6cd69C253C03042Fb9B26c751944,0,,,2783.55,,
500,1,0x08fB2f066931c3ce98b1E38497B27525717E0986,0,,,2783.54,,
500,1,0x103917Cf99b509f808C43A164f08267b42B5dcDA,0,,,2783.53,,
500,1,0xFC7613d07DcfbD929eC3b14542e49E8a4fc29756,0,,,2783.52,,
500,1,0x570587E42e32e58863FC844b9238e1e1332fA052,0,,,2783.50,,
500,1,0xe9575c68b7dc73E1AaEFbe10904282679840013e,0,,,2783.49,,
500,1,0x2817788C48cCE687dDfBC6c35856e40f0AA3399d,0,,,2783.48,,
500,1,0xC7CC9d283A2Bd72A154Ed5Dee977f24F60255ECF,0,,,2783.47,,
500,1,0xE8CF5544ddd37c9819a3A50e0E3Ba9426d07df85,0,,,2783.46,,
500,1,0xF8Fb35F324485BF8D4508eB901D90891A9c0bb29,0,,,2783.45,,
500,1,0xDbcB0c1E42f3B811d2D7fa9cC15F8295b6296Ab5,0,,,2783.44,,
500,1,0xE74142c49A54915EC98Da333a4aD8017Cd9a7690,0,,,2783.43,,
500,1,0x387B07E14FbA7ECCDA2884842bd202e363488715,0,,,2783.42,,
500,1,0x5f0f5cE10c184c083F55edABe8F61999788C0669,0,,,2783.41,,
500,1,0x0ce9629D44Db74bd3fA1c048E04092cAd6201bFC,0,,,2783.40,,
500,1,0x7823F9c7e9255b0a4131dD723fFC93337E100459,0,,,2783.39,,
500,1,0xDfb01f741872DdE70e9Adf2972b935Ad1c93659C,0,,,2783.37,,
500,1,0x86aE94C35DD68DFb4e3c6D975d1f40558899001F,0,,,2783.36,,
500,1,0x9FCAF4E401d93c021272e4F30a74aefac7B7971A,0,,,2783.35,,
500,1,0x7BEDAbB2795B37783a7538119D22c0Ab41B23ac0,0,,,2783.34,,
500,1,0xeE21B51c4F39b54530048FE414c6F6Ed7bcbba86,0,,,2783.33,,
500,1,0xE63c27A7B62d3c1e22f87c49f592909a3CF653FF,0,,,2783.32,,
500,1,0xA30295d8008fD8C39637514201343ea201538320,0,,,2783.31,,
500,1,0xA41eFf6E540Db66e06d06f512e8203186eA1984D,0,,,2783.30,,
500,1,0x2FC49c3b38463bDCCDd726A3Bb15d03Cf3a36362,0,,,2783.29,,
500,1,0x57CB265708Cf36749f5E4eCECE7b61B9D9b3C8ff,0,,,2783.27,,
500,1,0xaf79e1590C6D9B63F97387694E896F9b25A263Fd,0,,,2783.26,,
500,1,0x849dC30269F40Bd70AB7859A9cBF12DC7271E149,0,,,2783.25,,
500,1,0x1Bed9Bd3d520513e6C808c0Ef45fe6Dca12B9907,0,,,2783.24,,
500,1,0xb842cED54036C776b67F48fc4CB1726050341847,0,,,2783.23,,
500,1,0x5E9C49b5857F57Be39F2930A3534afC1ec439E64,0,,,2783.22,,
500,1,0x8E9f11999d0c508548b3c25D4532c51b3C064941,0,,,2783.21,,
500,1,0x63F7eDd25Ea61addf19c8863F04d610bB7281fDe,0,,,2783.20,,
500,1,0x0c30Fb6D903cD4cCB7b3312A9092d9659BeC4E82,0,,,2783.19,,
500,1,0x34cc6c276440A6127C047554061d214132CeC153,0,,,2783.18,,
500,1,0x53145022e60909543f1DfabE429990D409EdBacC,0,,,2783.17,,
500,1,0xCab7dF9Be6146D0cEb25feae37b6fBaDc8fA323b,0,,,2783.15,,
500,1,0x28Fd397702cBa2ef842089f5737e7C88EFe45D7b,1,2698.99,96.48,2795.48,3084412,94138
500,1,0x16574c89E6E0C952fBBE235e7A4b9A3e92254fb5,1,2732.97,74.71,2807.68,3084412,94140
500,1,0x31Eda1ACbBA833e4F4F49355E0c1b158cE87aaa9,1,2732.94,86.96,2819.90,3084388,94141
500,1,0x70e4e3d35d15870c3B2904724D5A5Fc31791e4Da,0,,,2819.89,,
500,1,0x091dfa398E1Dd947321563819C9BE64F29786084,0,,,2819.85,,
500,1,0x3fCA5BE5E0c943F00CCAe642462eC24fAa2d36DD,0,,,2819.82,,
500,1,0x4af93b171E944b0E8a78003b597D99e5440E9e51,0,,,2819.80,,
500,1,0x7d2aB7927b6394A68965C44f8980dEf8ddE2f4b5,0,,,2819.79,,
500,1,0x1d9e02C487d17B7d2c7Cbffc75ba20feBe25AE64,0,,,2819.77,,
500,1,0x2a4b68737cbD0c34cA30Ef8F3Abefb6ade3D979B,0,,,2819.76,,
500,1,0x22E1956D148dB06db8D14E0007071a4daae75309,0,,,2819.75,,
500,1,0xd42A99ACb34F1a7d9347876730f475a40Bf75DE2,0,,,2819.74,,
500,1,0x3C4558C7Eca977262eC5Ed065A051488744F2fb0,0,,,2819.72,,
500,1,0x9B2B509Ad950Cf32f893D3F345d0311e32620a2a,0,,,2819.71,,
500,1,0x061C0BfFc11d7015c11Ba3F587B87b9dD99aCB1D,0,,,2819.70,,
500,1,0x35dEaCc59ea00E70357EC8134d509973A2f08b02,0,,,2819.69,,
500,1,0x6d84Ecd9Cc4a4653B2F197AD5A9650e5ea5e2d45,0,,,2819.68,,
500,1,0x8feb21703F06eb4f634C0E7512E383523dC1aDAd,0,,,2819.66,,
500,1,0xDf46eC785293f82e369f68412c02917628920EF5,0,,,2819.65,,
500,1,0xaFFB41c977F6c210d39C99597ED42052E967Fe87,0,,,2819.64,,
500,1,0xd95BEF0384A121cCa2bA39eeC8A900335690ddbb,0,,,2819.63,,
500,1,0x383E7735a88C62E74cfc591C0E1c654a454C6D7C,0,,,2819.61,,
500,1,0x42d35C150fbdDA4a7A1462003151d150feB4697a,0,,,2819.59,,
500,1,0xc371C9F80a310245A63233BC024F317BbE2240dd,0,,,2819.58,,
500,1,0x877905B12b8975F48ea766e55993e5E7Fa794a75,0,,,2819.57,,
500,1,0xE503EaDa209846122C08f2921720DA4B13404668,0,,,2819.56,,
500,1,0x4b4bC86D6E5c85DC417d80E621c6C3Ab02f5Ac9A,0,,,2819.55,,
500,1,0xD0aDDf8039662FBBb892F0282fF31D4c67CF3d3D,0,,,2819.54,,
500,1,0x8Ef84b5d1BC374A56DEaE5D40e1bdFA6895B3cA7,0,,,2819.52,,
500,1,0x8896B6ffEbC908Cea0943D5619C24c657541E850,0,,,2819.51,,
500,1,0xf2AB1fe1283cE2279Fd732193886e8B92a129fd5,0,,,2819.50,,
500,1,0xe6AA102Ef82ED53220499F8c197f749e6d7e7e5D,0,,,2819.48,,
500,1,0x06e94D6ed83A7AFf23f88EaDcBB02759D27262c9,0,,,2819.47,,
500,1,0xB22Fd2A7f66D90527d1ae326E6A03DCA70ae933e,0,,,2819.46,,
500,1,0x5e6d864F24A639A2dD650EcCeDFa4c1BaA9fae1A,0,,,2819.45,,
500,1,0x08590b02d0CBDc7302C37Ab82172DE2280C0ec99,0,,,2819.44,,
500,1,0xc90Cd417BDec21Fb69C461077Aa94F72d90181c8,0,,,2819.43,,
500,1,0xE223B26dbC4189cc279004693ad39545Cd953392,0,,,2819.41,,
500,1,0xd5f40e8A971233Babf8624d263e18C6c3Daa83d3,0,,,2819.40,,
500,1,0x507e25cB612CbA19DD4F12B01b94344F00560c81,0,,,2819.39,,
500,1,0xaD156362dA3b854148f68Fe1E3A2eE6c05fe7Ff7,0,,,2819.38,,
500,1,0xfc737C75cE60049D18073734bCBbc1BA531CB72f,0,,,2819.37,,
500,1,0x980fc372f17DE607B153532A3F42C85Fe54C29A1,0,,,2819.36,,
500,1,0x2ECd96680e34ADEAc52bBC549BeFB3D079bF53Ac,0,,,2819.35,,
500,1,0xD06836C28295A4f7cF9E0D154dE2AE7C35DD4ADc,0,,,2819.33,,
500,1,0x9ea17422870d95A93c951BAFD4779eE8C9B9CF32,0,,,2819.32,,
500,1,0xa6e5457Eb9dD77Ccbe21bEd46C5Fb9F1b207f13D,0,,,2819.31,,
500,1,0x162A18dcc1E1E80A30b555cB6bB70dFA0e30a08b,0,,,2819.30,,
500,1,0x9F7FCC1F6d83eEA1d2415DC2fAbfa87551628B39,0,,,2819.29,,
500,1,0x940B25944a403aE80c633D98bf60eBa4a628Bf82,0,,,2819.28,,
500,1,0x0317aEF0bAA68dBfd04f199ce486257e71eD4070,0,,,2819.27,,
500,1,0x76e76200be54Ac23dDE5FAB426676207eF3C96a5,0,,,2819.25,,
500,1,0xF903984Eb8bbd251c873A84c90F72d2D414fc7e6,0,,,2819.24,,
500,1,0x0Cf6BF1e3BCdbd3111C5F3bc175f17baC5c0c48c,0,,,2819.23,,
500,1,0x614Fc559C78d8d8680e6A58C4376D52dB4b7C32B,0,,,2819.22,,
500,1,0xd600204e3006DD0c21402076a09d18a78F24deE8,0,,,2819.21,,
500,1,0x6BdeB18172735644909093862CF010fA1d8B21D9,0,,,2819.20,,
500,1,0x02547fec89B0398a7AA40c5e30eDB207678101e8,0,,,2819.16,,
500,1,0xD0A9AB4CE4Bd5Ef4eD8B77dE3742Ec9313f387De,0,,,2819.14,,
500,1,0xA95f8E3491CFfAA7b989Ae8EC1b66c7d4B2eb22a,0,,,2819.13,,
500,1,0xF91A9A730312dc7EcebF080BCdF8e2be9D3a0a78,0,,,2819.12,,
500,1,0x1377524e35a96Fbfab4721094D65f5b1891073d6,0,,,2819.10,,
500,1,0xc47C6Db3Ef2B35d300C4cceFb8A063b4075A4f20,0,,,2819.09,,
500,1,0x7daC3C0A5ab0BE401439aD480FAB92F2f350189c,0,,,2819.08,,
500,1,0xC584A180e5B7aF3a96c9C0629b14EdB371566F91,0,,,2819.07,,
500,1,0xB19511BE11e0a9A00B6BbBc25D316143925a55FF,0,,,2819.05,,
500,1,0x7BeF3c330400672Bc4648199e3f60569d75f814d,0,,,2819.03,,
500,1,0xD78C71E1E70a784eD12c9f22715FA519d635cB0D,0,,,2816.64,,
500,1,0x3F8CC169394bc90A32466760bd8c571f2C0977b2,0,,,2816.53,,
500,1,0x9567771D58B5ec089DC4303C9F89F0E86B3e2444,0,,,2816.51,,
500,1,0x2fe5Ff0043232327675584d7Ea1B4A76e622Ee5F,0,,,2816.49,,
500,1,0xC78dC7D1a4738415250e31eD11fA351C8D0B6c2A,0,,,2816.47,,
500,1,0x6dDe8a47dEc7fF437ab47CA9ECDaB3c56e732984,0,,,2816.46,,
500,1,0x8aDEd310bbEeEe6c6C2c470459B801b99c03Dc40,0,,,2816.45,,
500,1,0xEC97C9c21fF28B731FBf619d323857b0AB15e25A,0,,,2816.41,,
500,1,0x612519d02fDcA87f9366fF1Dba924ECf7DB7c56D,0,,,2816.35,,
500,1,0xAC5662CbBA9b2f3fcD631DecDF77B0B2Af9bFeC0,0,,,2816.34,,
500,1,0x01601377C2e6b603167Ad2844Aab1a58857Ce974,0,,,2816.32,,
500,1,0xEad8a0c0fEDBB1cb5f0aDFE1Ee495B07f3a40811,0,,,2816.31,,
500,1,0xb95dEe8bF04B609700bB31efa68f61C68C939017,0,,,2816.30,,
500,1,0xf6AF8D83b00C45A0cB603F66d7FB560281AC16AF,0,,,2816.29,,
500,1,0xa4f6ea39793f7B17B6eD357A66dd9Ae26A53D486,0,,,2816.28,,
500,1,0x70399F26633AA643ACCe3BF140894C466062d12b,0,,,2816.27,,
500,1,0xE39DD22bC9E2816C3d53Fc719ea064F41788C598,0,,,2816.26,,
500,1,0x32d6f33766b1FF2e2e125fc4BB39Da9609B369B0,0,,,2816.25,,
500,1,0xa0157A2054500D0f498Dbd82b86Db1E50aDB8688,0,,,2816.23,,
500,1,0x174CbA2071aEbA8b9F36d5034427687d0EfAA9b7,0,,,2816.22,,
500,1,0x0c0f1aA24826974862fb7DC32f7F16E52eE9fd03,0,,,2816.21,,
500,1,0x62d607D0c5743Bbfc1EE204938719Bde1ee59D82,0,,,2816.20,,
500,1,0x3b4d23A0314432146f2De05b7B825630146766AC,0,,,2816.19,,
500,1,0xF74A9381347599C8d40a0bB5EE7028e66449e5CF,0,,,2816.17,,
500,1,0xBF540e4fD84cD2fC802cFf060EC57403e0ea2Ade,0,,,2816.16,,
500,1,0x36F158A10FCCCB068E1b0cdDAd902a65d6de4603,0,,,2816.15,,
500,1,0xAA6c7eA5b7184b8d21F46d286E064c2981D0338A,0,,,2816.14,,
500,1,0xe1a19ee65AB12182cEe7E7d19a8292a3F8d955d7,0,,,2816.13,,
500,1,0xF3433Fc69E0f3F85Dfe659873133A12E47039D89,0,,,2816.12,,
500,1,0xaFBa8fe74678AC683d216F2436891049Be442Dca,0,,,2816.11,,
500,1,0xf13DaC6845d1fffD9298c81A9eAeEfE58DB78AD0,0,,,2816.10,,
500,1,0xaC0Cde2c79811620286779A5bD5a153f520891BE,0,,,2816.08,,
500,1,0x54229F2110e72189053F1a3a5e2Cd6886eE4F87d,1,2695.10,132.89,2827.99,3084400,94137
500,1,0xB2944D882613619042F180121CddA9F5E874a83A,1,2695.09,144.77,2839.86,3084412,94138
500,1,0x111D6729A21a8D124BCDB72c544E3d1d944bcCE8,1,2695.07,156.92,2851.99,3084412,94140
500,1,0xf8D6B0e56A480E13Dbe4E2862a287688a8b9d7F8,1,2695.06,169.06,2864.13,3084412,94141
500,1,0xD84Ce69aa73cA17975b2Ce1447C937A14fBA49f2,0,,,2864.12,,
500,1,0x81Af3e68f7942B07e3cdBD153b1940265b2233f5,0,,,2864.11,,
500,1,0x814096d2B9bd0Ae5670B0317F2d6F882beF0ddfe,0,,,2864.10,,
500,1,0x61b1cfc686e851c85F9E665Dd0B16d14ac5c511f,0,,,2864.09,,
500,1,0xA7B596764Fc893dC708F0CfB012fef8CD3195030,0,,,2864.08,,
500,1,0x733E930c575f4630F5D300E6fD47267dF1f438eF,0,,,2864.07,,
500,1,0x24eb144cBba8263161A19efC600e1F7567A7883d,0,,,2864.06,,
500,1,0xa3EAA6f989b470a230F60b202c06A0a472A84Cb9,0,,,2864.05,,
500,1,0x914F59821ABfb98F7755b7d0aB5565970cd3C2a7,0,,,2864.04,,
500,1,0x028DD87DDebc5c74dFAcEEc5cC41A28213752968,0,,,2864.03,,
500,1,0x695a81A0d4872Db6155F4A2514ee07928f5dfc53,0,,,2864.01,,
500,1,0x653b3C77fD01659f302882eF17CA57538dBb7844,0,,,2864.00,,
500,1,0xA8FfbDb81675cA553Cf2F53136E12d0d7B5acaDc,0,,,2863.99,,
500,1,0x2607d91770D3E3D49B08DA9cC251c109C2B67229,0,,,2863.87,,
500,1,0xE41ece770a915A1113037B358be3b7553a2D6915,0,,,2863.84,,
500,1,0xD152566613Ef8Fd7aBb93452eF2e938A8bf2A25B,0,,,2863.82,,
500,1,0x0cbB6Aa322720cC2664E1B1aB96a6225569b5C63,0,,,2863.81,,
500,1,0xE0085CFE19e313AB10EA0DC51B4D274C58E502d0,0,,,2863.80,,
500,1,0x97909Ff1554054b400e15242926f993AA8387F7b,0,,,2863.79,,
500,1,0x88E1BdfeDf98c1Fb024E7F7e2252Ce23eE511B07,0,,,2863.78,,
500,1,0xd9041Ff54047Cf5222194BCf306cce25DEe55797,0,,,2863.76,,
500,1,0x6C14b876bf4A5FAfFcF43E2bbfC55f828Ba83bF0,0,,,2863.69,,
500,1,0x700b963902fF887dB5aED7e8638d70aD5015DB1D,0,,,2863.65,,
500,1,0xa5Fc6234c1006A84791F4f1a4758b63337825654,0,,,2863.64,,
500,1,0x87D259e4F7841111CD98b7208B0608a8b6EEE2C5,0,,,2863.63,,
500,1,0x7a8c8a573703B229f2BcD3045b673Dc09C5cc835,0,,,2863.62,,
500,1,0x0fD44122f3b251bb20be1bfbB9823e774D2d2cbd,0,,,2863.61,,
500,1,0xe40120064f329bBb87D50595BB7E38D4FDCf1dBA,0,,,2863.60,,
500,1,0x63A90785cF014BEc694d0Fc696347C4C6421cbc6,0,,,2863.59,,
500,1,0x00a8115Ea85Fc3dAd97Aa2a95fEa0dfb9Fe5176d,0,,,2863.58,,
500,1,0x216d9DF9DDEEa15eAf56306A567bb7012Ed21F26,0,,,2863.56,,
500,1,0xFF02466a19Ca90E2AAb9FA90472a4d56C6cdEbEe,0,,,2863.53,,
500,1,0x7111aF564d60A0742f7886756584656dC9E7240d,0,,,2863.51,,
500,1,0x37a5b0F8f40D7785c08538E521897A30443080E0,0,,,2863.50,,
500,1,0x84D03d0ea8C90A982d5f373709Ce7185492bD64D,0,,,2863.49,,
500,1,0xc8f4bCdfF42bd4E6e684616e969C6cE7A997FCeB,0,,,2863.48,,
500,1,0x4599D4b407e27323B4e442498ACd46c8998CD62D,0,,,2863.46,,
500,1,0x7092eA0fB62451FE55F6c731aD53498141E04CF9,0,,,2863.45,,
500,1,0x01ad40ee83408A7369A94dB618a96705e819935D,0,,,2863.44,,
500,1,0x3910bD9Cf4488d2e2e7EB222C9C36a3bb5615De1,0,,,2863.43,,
500,1,0xB03021Cb477acd111Ef89c35D12E58994AEf6091,0,,,2863.42,,
500,1,0x5Da6A98FDcEeA1496219b824370e1591B27469d3,0,,,2863.40,,
500,1,0xf05C3e7C2ff31F440676161006097F228C8977F7,0,,,2863.39,,
500,1,0x125631fb5CA46D98be54De5F97DB92B45a5c8176,0,,,2863.38,,
500,1,0xaDfEf5Ca7E0a6A13e5f51E41Acb07f8A6A808D8B,0,,,2863.32,,
500,1,0x2977D408a85D81E38AA07f65bBDE6E71C7be2E06,0,,,2863.30,,
500,1,0xAc334c0b0063b2ED332568d4c49B22C33f61810D,0,,,2863.28,,
500,1,0xbF3C48962af0D1c398ccBA5B6Ac6dd918D297436,0,,,2863.27,,
500,1,0x015A7E7d330aD923a0Fff59036F5b2010baAE2F7,0,,,2863.26,,
500,1,0x0F8E17e4a0993026e07DaE22B3871DbcCCbEf5fD,0,,,2863.25,,
500,1,0xbAF29C61E5339eE971bF6e39a359143B13b915f6,0,,,2863.24,,
500,1,0x9d7003385257c412C488ff767156c7180CDCe894,0,,,2863.22,,
500,1,0x4B852F8B970B02e126A22495C10CB1D9Ee74AA1A,0,,,2863.21,,
500,1,0x68B4376282022547f30926426decda4EBCa733cb,0,,,2863.20,,
500,1,0xd9fE27f2E10D02BE08eEDbbbF6ae14DAff98fA2C,0,,,2863.19,,
500,1,0xB4A564c4C4caA101F42671D503B4D566020d7D40,0,,,2863.18,,
500,1,0x118d58f43BBb6373678A81f59725ec3a7Ec666cd,0,,,2863.16,,
500,1,0xC7dFC0b6f4c8638352142C8529A3bFd7BD7cB55A,0,,,2863.15,,
500,1,0xfb9e7669c04b0ef318ef192b12cE7Dd8689532A6,0,,,2863.13,,
500,1,0x871755ac1c5ddf0C781d8636690e24742aAe3011,0,,,2863.12,,
500,1,0xE29107D8A846669B05259300b3106be590bA9432,0,,,2863.11,,
500,1,0x346919d3267318D86304b132DECB3f207310e5E3,0,,,2863.10,,
500,1,0x9E501db8C56B4b56A08bBF05A2349fe07c04f07b,0,,,2863.09,,
500,1,0x073CD6a26d911B19ba44Fe954a07f4C4Abfa20Ef,0,,,2863.07,,
500,1,0x054a12F1219a95D2634AEDE72a9b0d3aC1AdcBc0,0,,,2863.06,,
500,1,0xFcBc9DB6C15352477221aFf63f5A2Ee735D87DF8,0,,,2863.05,,
500,1,0xD4f445D0afa1877ff506e620cCBb2801b6a47838,0,,,2863.04,,
500,1,0xddDAC9280c790b64cA2a6FDf29Ca2DA0bE3CbCb5,0,,,2863.03,,
500,1,0xEe85db3567fDc0CC33cD49C3c09540bb4718F9a1,0,,,2863.02,,
500,1,0x6a00a3a95743CA09AA439cdd2C46B6BE6b98A13B,0,,,2863.01,,
500,1,0xD833E604cf7aEFCD74EEb267A5a3F7dFF8A3b4E1,0,,,2862.99,,
500,1,0xf6Bff2eF9142fDe165c6F59dc9bC935EA61968f0,0,,,2862.98,,
500,1,0xdF8478ec93183A824513D95e8b30960Bc69002D8,0,,,2862.97,,
500,1,0x43FCb1a72949730F81179Bbf4c5a6E6e0EDB25b9,0,,,2862.96,,
500,1,0xA6f8a2996a2ac590e673e02856a4a5b433aAd2e7,0,,,2862.95,,
500,1,0xf1e8f40F57c008152a6A2Ff2702766F8990c1d23,0,,,2862.91,,
500,1,0x73F061d128a9f714F5A4eBbdC717b53f9498D246,0,,,2862.89,,
500,1,0x6e80D65bfeF29655DE9c463A078c8d736348DAb0,0,,,2862.88,,
500,1,0x99277dC5DFf694718e6dBdbEcfdf03EB7bD809dD,0,,,2862.87,,
500,1,0xA177191828a08ed1a63A2d3980a948aB8175B4d0,0,,,2862.86,,
500,1,0xB48db665744a57b954c47334E159A00Fd42DCcD2,0,,,2862.85,,
500,1,0xbEdBa6De3edc80516D04A9aC5aB3fe99416b9e23,0,,,2862.84,,
500,1,0x2299A2EB449893FEB7057E3C5Ee603639E5F67F4,0,,,2862.82,,
500,1,0xA2B39c89A59b8B9830B6fF549d0a4764Fc4FDa19,0,,,2862.81,,
500,1,0xf8d9Def3d5279435BD91E80F2C02BFe2E33D9a33,0,,,2862.80,,
500,1,0xb48fD1dd77138615133B161aCe54662652d1E03c,0,,,2862.76,,
500,1,0xd50F0C23F29923C0Ce97aaBFC40582A64B78d9F6,0,,,2862.75,,
500,1,0xb752E09F7dCF0cd9B794C276C3B5f9D5aa1cd2A1,0,,,2862.74,,
500,1,0x1ec06cc448891DD2539262c7F8927e7134b4f7EA,0,,,2862.73,,
500,1,0xffb1ff81cf3D23518365a0067c8A9fC9a6940e31,0,,,2862.72,,
500,1,0xAA7bE3cAD5A9750063cbfE75516e0e48048a5eEb,0,,,2862.70,,
500,1,0xe126093aCE0eEb291c583d653Cb9c383733eDc1d,0,,,2862.69,,
500,1,0xE50Be396195836310924C16E9922cC744333D18B,0,,,2862.68,,
500,1,0x72CFb5cAd81250dF66D1301187bAb445Fb1C3DAF,0,,,2862.67,,
500,1,0xDdf56a702D7E8556fe43fD52FbE1F0ec734DdA91,0,,,2862.66,,
500,1,0x8cF7c06c0cB60Ef4BbAacAbf5ecf306b7e3A963b,0,,,2862.64,,
500,1,0x3af884ED9A86768F998E89b995119D616402D30F,1,2727.52,147.06,2874.58,3084412,94138
500,1,0xBBCeC77e3c132C637aA17531A0CC72919f179E70,1,2727.51,159.33,2886.84,3084412,94139
500,1,0x10549aB0Ed35cE9773c34c29785D03BBCBc2495a,1,2709.18,189.87,2899.05,3084412,94140
500,1,0xa0133e84Ea233703F0C2922C42e837753D371ab1,1,2709.17,201.70,2910.87,3084412,94141
500,1,0x5B431f78C317aEfAb04F9b3cAF4D0Bb1ECc2A30a,0,,,2910.87,,
500,1,0xA5bFdBC3AC1b8936b0E12bF832B5145104ea5cBE,0,,,2910.85,,
500,1,0xCB9A5D1C90faf6a9AE8d481fAc88686383ab6F43,0,,,2910.84,,
500,1,0xcaC1B8bA17F7B5d30EB1FA8Ef66EEB3B7599B8eb,0,,,2910.83,,
500,1,0xBe44BDC7ACc252d1fd21ecE099D4f155792c0c7C,0,,,2910.82,,
500,1,0x28787298499352185370a8A2949De1b15b2f6298,0,,,2910.81,,
500,1,0x247344106FBeF4Df9cF3E735afa6fE5AD08626AD,0,,,2910.80,,
500,1,0xAa176d009B8c996d101E53F608a792566466Ac63,0,,,2910.78,,
500,1,0x98D6c4E845B37807f29973681B3AB521dA2e0629,0,,,2910.77,,
500,1,0x010F863f6Be13D394A2E2b30b7927FaeC7da9063,0,,,2910.76,,
500,1,0xb0cE8A50e2a338737b9fDe76B97a477d0694181A,0,,,2910.75,,
500,1,0xDEd19D61bd05aba6Ee554D72728313bA05928A6b,0,,,2910.71,,
500,1,0x6AdCa28A667ECaA3069daE6134C025fFb77C98eB,0,,,2910.70,,
500,1,0x9924ee1f8aac23a4f05cC7Bf45E312B707264f60,0,,,2910.69,,
500,1,0xeC95098a2E14f64ED3462fbe297406F3d9cE6337,0,,,2910.68,,
500,1,0x28d9a34c8331d49906a696586f7E7D835455a077,0,,,2910.66,,
500,1,0x45d6B94f532aFBe7ad2816a7b3Acf5D9D643Cc00,0,,,2910.65,,
500,1,0x237e97d5Dc3D52722c171cfD0066520F598b0e7b,0,,,2910.56,,
500,1,0x38F5e6272368Fc5039B619E9c0D6169cccC14419,0,,,2910.53,,
500,1,0xAF5D0Cd96985E2462a10F3F4D0160A579280240F,0,,,2910.52,,
500,1,0xfd9B9E84479d1cDec4B0D3695EE8be1F2E8E7750,0,,,2910.50,,
500,1,0xbb0348aA52Fe8f42DE49B5aA70DF4CBccE9F9BB9,0,,,2910.49,,
500,1,0xa0e63be5fc4f3FBE2B661A47Ae451FfFeA2484F9,0,,,2910.48,,
500,1,0x231edf153111Aa5bfFbBF424D5154F7fE5106E77,0,,,2910.47,,
500,1,0x303d12D11Bea6C051eb50215fe00C6264471f423,0,,,2910.46,,
500,1,0x245f4C9707f9e1f279582b9CD40b1D82b3bC499a,0,,,2910.45,,
500,1,0xD05bc3bA648B9Fc5DC2D54470e928d02881865AC,0,,,2910.43,,
500,1,0x40e579684427930f4a74a5DB5a411179B7c97fff,0,,,2910.42,,
500,1,0xE20Caf1019610B6225012c2d8e69cC582F7B4213,0,,,2910.41,,
500,1,0xDdDba1338fb9C0E333340CEe574539CEd73abdb6,0,,,2910.40,,
500,1,0xCc11751C3DeEd6F6680d0fdA88411f3C036De4A8,0,,,2910.39,,
500,1,0x0888912ACdCc77F23B9b706F17251fb1c3bd9960,0,,,2910.38,,
500,1,0xF4991f6Dc555a5Fb8016da97dC5D2D4DC1349548,0,,,2910.36,,
500,1,0xf0B12Ea630521CE103F56779aC5FAA3E9F91ce46,0,,,2910.35,,
500,1,0xE6AE2Ee8cc5091d8Ff2bab490A3a9888373cE991,0,,,2910.34,,
500,1,0xdC28bfF61Bbf6aED96B5497b2a9803E25C5422f5,0,,,2910.37,,
500,1,0xA885d7AC6b722bef591Ce57888003BDB708466f3,0,,,2910.36,,
500,1,0x8D59B0B26df30d274fdCe71B184467eACAeB1834,0,,,2910.34,,
500,1,0xd9880968318E0764D6FCE1EAA0e65be3f986d191,0,,,2910.33,,
500,1,0x1bD6211cF0C19166ed8B3DF256fd3B4f40264cde,0,,,2910.30,,
500,1,0xBe954Ed34588b1aAab281428135B57b032dF3C6f,0,,,2910.29,,
500,1,0x2DD4D4ce7381159FF5B2e8ed9a2476FeDEd8c7fB,0,,,2910.27,,
500,1,0x39eDa45eFbDDa28193E63C1DCC84D74C32f36c87,0,,,2910.26,,
500,1,0x74fB3d964B871DD6f9246f6008d2ce4dEde67AF1,0,,,2910.25,,
500,1,0xb951E5Ac2E3747926FccfEAf4f35ae236ae2A043,0,,,2910.24,,
500,1,0x2879974F8B622E4a9b2B7c7a6D6a122F6933B0d9,0,,,2910.22,,
500,1,0x958b1b85ABF7408C3bb1016066713103113ddE89,0,,,2910.21,,
500,1,0x24cDDCFAc084FfA5ea7B9Bd3726b7683e5424b90,0,,,2910.20,,
500,1,0x56a89fe59c147b3b5aA2a1548BB527B3ec525a66,0,,,2910.19,,
500,1,0x057A9c7B5814206BEf2dd7AE5E9D1Ae3718395fb,0,,,2910.18,,
500,1,0xfF36bcc652ca18A3e92703C12E35954B48C5a9BA,0,,,2910.17,,
500,1,0xdf7E5a406849bba2e6abb232d43481D2a20a406a,0,,,2910.16,,
500,1,0xAE0d4b97447eb81675F71b5FdFA17859dc61B5b5,0,,,2910.14,,
500,1,0x3f4685854C94E4e5987C65b0e9D8EA740aD0E963,0,,,2910.13,,
500,1,0xf584F44Ddc0B9B236A21f96C0eD4539520FFF446,0,,,2910.12,,
500,1,0x2d57681a56b133a1d9a9A7b8da79295355f03bd1,0,,,2910.11,,
500,1,0x388014806857b93c97EFE7e59D7Ed541583A0445,0,,,2910.10,,
500,1,0x7B22BE6dC86A387155dfFF6D60b683c9dcCc7622,0,,,2910.09,,
500,1,0x9760B50042503F00804d17063Fd83E4Dfe12A9EA,0,,,2910.08,,
500,1,0x49c90c9c9f47913Ff33D52c95D9DE63792536086,0,,,2910.06,,
500,1,0x6CcB03934e3C808E0FaCe85859c9cFCfe2BEcAA5,0,,,2910.05,,
500,1,0x80a8B00F969c225cd0037daA2E5F33A3Cb7Ac31c,0,,,2910.04,,
500,1,0x30A4d14e789A1C5767Aec4D82DB0888A860D8b02,0,,,2910.03,,
500,1,0x47aC5D56FDFF6920CE595dB196381706550D72Ee,0,,,2910.02,,
500,1,0xFd568688711B13E8b8cdDbF214A0B7e607737e16,0,,,2910.01,,
500,1,0x42011f22EE0066ca500dcc7Ca3dD3fc34d1C90A2,0,,,2910.00,,
500,1,0x6efF713Ad88B0d9860C1165fDC1C6D48dd460B7a,0,,,2909.97,,
500,1,0x6861dFF7bb0f6cd5d6Ae9cFD8eDCb342f02e3C55,0,,,2909.95,,
500,1,0xFf93839d9c785E3be5B316726984A813B009f31a,0,,,2909.94,,
500,1,0xF53246E009d5B7CeeE948c43E5191b034A739783,0,,,2909.93,,
500,1,0x0Abed5A2a0DB9D8c55fBC2489027f9288A9a9b60,0,,,2909.92,,
500,1,0xA63Abc5e395a1b60e0986d2E7C977507588CCD7b,0,,,2909.90,,
500,1,0x9eF5Da2f578961245269d5aBcF067d682eEd373A,0,,,2909.89,,
500,1,0xb1430e70A2eA8f4eEF99d6BF5e448DaE9E8a3Db1,0,,,2909.88,,
500,1,0x6a6F69eB5971d1385d26C6a16beac618d26e4C07,0,,,2909.87,,
500,1,0x6f0a6A8B602fe45D8F128FD10c1B87A58f1cc41b,0,,,2909.81,,
500,1,0x3D4AA5cea7EAf9703Ebf05f6Bab4F653F1D36F0c,0,,,2909.78,,
500,1,0x0e99B78735b2e39Da3d91f78f65d0A6028EB15e2,0,,,2909.77,,
500,1,0x291157D3D853c2E1b2a2E78a9628e0708B1cB1b1,0,,,2909.76,,
500,1,0x8d005ce58585B086bCF5CD3d1DBfeC0275e11DbF,0,,,2909.75,,
500,1,0x9543aF8574FE71E79F3E8583EBE749BEd0bd987a,0,,,2909.74,,
500,1,0x00C1B0d2D91F9D78eD7203E8aB8974CB418E35D9,0,,,2909.72,,
500,1,0x1a43AEb4190C8ec7b61bd4Da7e063bc02F8080eA,0,,,2909.71,,
500,1,0xd74866802De2998aB3205f9Fc0b0a9306f68c001,0,,,2909.70,,
500,1,0x27f95d3A2D7Bf0a37f2365BbACD194c9beeC8579,0,,,2909.69,,
500,1,0xF921886ca8ba4f949d3F80738a327AD147Afc724,0,,,2909.64,,
500,1,0x50CB1570117d54E599d9dB8dB827Ab85B444233e,0,,,2909.62,,
500,1,0x563b6b52a9d7fCd638Decd03C41F3743D84CfB43,0,,,2909.60,,
500,1,0x3B83b5ef3eCFE7C764E3F2400851d159C1a09230,0,,,2909.59,,
500,1,0x45603766adD8468a67D7a755496a82d45b21382b,0,,,2909.58,,
500,1,0xfBd085420e6F02be15dA6e084bAe2ee2Ea6A2A70,0,,,2909.57,,
500,1,0x10b40C53cB11cC704cB226bE12777aC7A7965769,0,,,2909.56,,
500,1,0x4510968ca585F0149A38098122aF336B56bca0aD,0,,,2909.54,,
500,1,0xee023b32E38A6EcC1F1708ceac597631e1031fD0,0,,,2909.53,,
500,1,0xd57A43758e7a70A99a065FA516A2A6b697f0D50d,0,,,2909.52,,
500,1,0x352B61DA1A58017cEf2D96878FAD4dE7fa540022,0,,,2909.51,,
500,1,0x73d746353a720B4729d5D88d8bF125D7396889E7,1,2692.06,229.45,2921.50,3084412,94138
500,1,0x19A5f7850084C2CEe57DC2485928Ef54b610D43F,1,2692.05,241.65,2933.69,3084412,94139
500,1,0xd2d42e99d6274cf3E8b236f71Ce73caabF766857,1,2692.03,253.73,2945.77,3084412,94140
500,1,0xC3C336B15896b8418A7238e58148Fa68b4B67dA2,1,2692.02,265.78,2957.80,3084412,94141
500,1,0xdA36c8eecccCfA174f8C0F6e8B0B559F9Dd21064,0,,,2957.79,,
500,1,0x06627a7A20D05A709757016a151D3c23a76C8eF9,0,,,2957.78,,
500,1,0x90c034C007530c0E35C96c1EC42cD3a7Ed932113,0,,,2957.77,,
500,1,0x2707023e58BFf93d44fA4a8c583200B7DB1129fC,0,,,2957.76,,
500,1,0x5Ccd82E998E3Da06080355845DCe483530878c45,0,,,2957.75,,
500,1,0xa466eB6B353876BBCb6E1EEB61200524A067d8d6,0,,,2957.74,,
500,1,0xd57A4be2a9F2A1A123e060b43aD3F355f694d673,0,,,2957.73,,
500,1,0xcc8C573F9d6201f4Ed4190a22a7A73cADb9aBB70,0,,,2957.71,,
500,1,0x331d966e7A9a4AB6f3B33d235AD34F093d2fC26f,0,,,2957.70,,
500,1,0x7AF26722C0934d95666Af4F564eBaBAfA21078E4,0,,,2957.69,,
500,1,0x03dAeD8DAC24B0Ca317beeeE673418d5ed8B46Bf,0,,,2957.68,,
500,1,0xb8A9b701B41d939Ead229B05711fe620500F2725,0,,,2957.67,,
500,1,0x3851A57B3F436A60134352eBB04269251092E0eB,0,,,2957.66,,
500,1,0xDf3fc8323f09e09bA31F1ef0A0017ae375a0837A,0,,,2957.65,,
500,1,0xaca4e98Cdc95581fA8F9e6D5B9858e7018A9a500,0,,,2957.64,,
500,1,0x056479ffcA7205a7Af11563bDE9F7b64FFbfb991,0,,,2957.62,,
500,1,0x55af2E5d11e87A910549cb5AACf3173761467d01,0,,,2957.61,,
500,1,0xed402aF62E9563e4B6CAFec03EcA02376215BA93,0,,,2957.60,,
500,1,0xD082Dc35b41c2d9248e269192c8f82e01BC1976a,0,,,2957.59,,
500,1,0xe699F6DE58d0a3dB9D786afCe2399f0D6f5279ea,0,,,2957.58,,
500,1,0x198af11D3e9A1aF7Eee598c926109346A4451C58,0,,,2957.57,,
500,1,0xDDA44b4e3b0eB9d9839641db6C7f8f994438b66B,0,,,2957.55,,
500,1,0xA7F64dec91718eE2A8a58dC53B8Ed2ca4Cb9e097,0,,,2957.54,,
500,1,0xe0132bC84BcE30FED1b23B7c3b2FD75E9b880f9f,0,,,2957.47,,
500,1,0xf32Bf150BD434D893D090a62e1Fe3E430EDdAd19,0,,,2957.43,,
500,1,0xC0E09fe895B8e74e73A3A6031EBd4f270EdC9111,0,,,2957.42,,
500,1,0x78017B9DE432490052b50148101B48147EF34078,0,,,2957.40,,
500,1,0x7Ca423CE717FC7b717e85f2D567E1Dae02437B03,0,,,2957.39,,
500,1,0xfCa5af9D6f5f9347cffE948a51B095bad2A566F7,0,,,2957.38,,
500,1,0xAb6DdC44bc7A8DcC394274DC9B5dcd5cB545e61D,0,,,2957.37,,
500,1,0xf6587aCDCB61068A3992B2C55F6e6d0c401a2558,0,,,2957.35,,
500,1,0x65f360B30196515148661DDfe8BDe1EfdF7001Bd,0,,,2957.34,,
500,1,0x8A99De0348475b507AD93525D4D59E29ba900fD9,0,,,2957.33,,
500,1,0x0c576a257df5a5565dA51843FD6FB76F76163051,0,,,2957.32,,
500,1,0xe293c04b647ABA3F717A55cD06aD2148c7Cc9906,0,,,2957.31,,
500,1,0xEb9Bebf9A23F23348627D5a25d43f996db4f7126,0,,,2957.29,,
500,1,0x694be74466eEAA6276f2B414ad95259282120A3B,0,,,2957.28,,
500,1,0xF12A90dAc1D87166bCDb4aB064Fb10743Ce3C375,0,,,2957.27,,
500,1,0xC56b39D7D23c1C2D566B36A882Fd78D62d4754b6,0,,,2957.25,,
500,1,0x93ca36aebceAD519F2a33061299e0a85204a0A3b,0,,,2957.24,,
500,1,0x0af278946555CF2CeEb9D8358a549Ca3C5F6c26e,0,,,2957.23,,
500,1,0x5C4AF32e310e3D50261972F1972167294ce264Da,0,,,2957.22,,
500,1,0xcAB3352e75B803efBF90b56F06c10b47Fa94E1ee,0,,,2957.21,,
500,1,0x93104818494262793e568Ae2E6BDac6b5CE64D46,0,,,2957.20,,
500,1,0xaDD742171CCC95bEf5E68A34A8F7444387dEfA0F,0,,,2957.19,,
500,1,0xa1D4530f0EF89D48B0444D04b66AD320467435ed,0,,,2957.17,,
500,1,0xc7DacB2635Ddf207220fa820367E46dDAfeD3bB6,0,,,2957.16,,
500,1,0x25Da9f10a6C048d56F5A4A6DBD9b05e06002ced6,0,,,2957.15,,
500,1,0x51536bd466a91d5028eBC0ce74fF2c358801B982,0,,,2957.13,,
500,1,0x6243928f6C6dAE2C71575EF51EBd96Bc89da89bf,0,,,2957.12,,
500,1,0x1B120Ae4Ea9622D0CFB324bAef018C75CE4C9e51,0,,,2957.11,,
500,1,0x0e2A070cdC5c2ad6c9f769E5e2180813564a0C61,0,,,2957.10,,
500,1,0x3B9eA7BA432f72006a429729AbF333564f648774,0,,,2957.09,,
500,1,0xB9E01526A564de7dC1390DB7223Fa63b9dbE396c,0,,,2957.08,,
500,1,0x1836eb714B59Ba85128B8B4E9881e0FfFF25cc9e,0,,,2957.06,,
500,1,0xA741242e6d4504bF6738E5c0E29191Ede178F386,0,,,2957.05,,
500,1,0xd387cED0d35187345278D5d80DA2CcD68491eA30,0,,,2957.04,,
500,1,0xEc305242231382De8Cf19E698858Dec24065284d,0,,,2957.03,,
500,1,0xA19dc7bf46DB3A9d2b9CB1369D9af0386b12f293,0,,,2957.02,,
500,1,0x07f4221fCBf708E35c485DBdF10fb065DeDfDe38,0,,,2957.01,,
500,1,0xC3f96000E2E041945a7e1B227036f58580B1510D,0,,,2957.00,,
500,1,0x0a594dBE4f707e9963Eb15776488934FcbddD5c8,0,,,2956.99,,
500,1,0x13cd5b3995e6E6474c22435aA9258494b8cbFBFb,0,,,2956.98,,
500,1,0xB17D321a175f03b972B305612A979387009Fa262,0,,,2956.97,,
500,1,0x757BaA243b9478b3fCe3272BB4411DfcC86c4e63,0,,,2956.96,,
500,1,0xF50F1BF9626654072C9399ae4B6575956f89a11e,0,,,2956.79,,
500,1,0x3C7CB923C5aB85feeFa6AFc5518ad7D954CbA297,0,,,2956.76,,
500,1,0x7ab1bB04E349e638c124CbA9cC7487efd66b9D61,0,,,2956.75,,
500,1,0xCb2f1DF70fbb33200E34BAF29eae363Ec4C900DD,0,,,2956.74,,
500,1,0xe7E9755dEbc6A962b3E6dbd9a245adCb7006d1D0,0,,,2956.72,,
500,1,0x6895360C437Ad993ebe71CbD5ecc0aD0296410c2,0,,,2956.52,,
500,1,0xFA93f104c65a9F94a8bC31943ea6bF02Cd4C5b57,0,,,2956.49,,
500,1,0xC69b841F7F27410FcAD13BfB1076e5696c27b37d,0,,,2956.42,,
500,1,0x1e3C2712FD32Fb7C21D3a298D424b108e1F91869,0,,,2956.38,,
500,1,0x443308e7AD523170AdF163E3Ee3CdD19DF708c1a,0,,,2956.36,,
500,1,0x76d80EddAA4bd44dA6cbFDe8d61CE2eDda01de50,0,,,2956.35,,
500,1,0x7d036e5031BCDC77CEDB1e8FC634Dd5D1274A3CA,0,,,2956.34,,
500,1,0x9B4f49592e75eCfF589CF77fE414f8cd1C23Fc10,0,,,2956.33,,
500,1,0x773846Ee3CcaC51E3e4849DE3ca196344985742B,0,,,2956.31,,
500,1,0x572D61cb19A0c3C718b6a2167E39DD5e306825f7,0,,,2956.30,,
500,1,0xEBa2Bee5412fd7E427699A00E56322279449a66A,0,,,2956.29,,
500,1,0x582e69a00f54a5917531C7986Ac62667bB3bd849,0,,,2956.28,,
500,1,0xA0765D716C04F3a74AC63A57A449bD5aCa4B24EE,0,,,2956.26,,
500,1,0xc8706115ec93300D5740B7f1aBFee114A4B203f1,0,,,2956.25,,
500,1,0x632eA23a144C2D41481D514e25EF6773350F3782,0,,,2956.24,,
500,1,0x9b9A874ed73Bf4381D100A6109DE998a30607f03,0,,,2956.23,,
500,1,0x8f4899F37BcaAF0cC000527cAf66966C00Bb2FE7,0,,,2956.22,,
500,1,0x6853A044d60acADF7DdE0033a7D5bc1cD72eaa22,0,,,2956.21,,
500,1,0xB743Bdc953113878606c93043F76bDADB2ea9844,0,,,2956.19,,
500,1,0x7f07Ee2589Fc4C7F6fA75cfA6B4Edbf63a6f72cE,0,,,2956.18,,
500,1,0xC7b89600E3e5bAdce5eD03ABD337EA9986645992,0,,,2956.17,,
500,1,0x59994B4Ed3f7E17750ba9eC558211ccAf2376061,0,,,2956.16,,
500,1,0xf17460c4DD6d475D0ed697596aDc9592F1d357B9,0,,,2956.15,,
500,1,0x3Fd82cB074AA7701d4AEd9bd64650013D56c95dD,0,,,2956.13,,
500,1,0xEEeb5f416879490a9210c5Ed16D2C5E23057D219,0,,,2956.12,,
500,1,0x087d79E9D8E20a5e305169a4cE6412D4eF456F6E,0,,,2956.11,,
500,1,0x567e7eD1c2A46E12563ED533522149DBD321cCE5,1,2705.97,262.39,2968.36,3084412,94138
500,1,0xf2bd55C87313c359631e98e05B9dD0e4d7Eb62F3,1,2705.92,274.98,2980.90,3084412,94139
500,1,0xe075dcBC703E50aaD8936DbDbb64F8CaA78aE859,1,2690.23,302.77,2993.00,3084412,94139
1000,0,0x96d523E648Fd21C41e358Fb6f43954B215Bb122D,0,,,2557.58,,
1000,0,0x71e048C9854640111ecb82c7E9F8C16d4d835566,0,,,2557.45,,
1000,0,0x8fB70363Bb7d9D4c725178d810F7D778A65AECd1,0,,,2557.43,,
1000,0,0xF06990255544136Ab87E79981E61b2F2d98E68e2,0,,,2557.42,,
1000,0,0x23C55a418416B7274ebcF33fB8a75fB01305fDE1,0,,,2557.40,,
1000,0,0x9C82654e9dB5cfF927071ca4d002BF6590a6B141,0,,,2557.39,,
1000,0,0xFd5acD1399547720404EA47B0553d316E9a958df,0,,,2557.38,,
1000,0,0xb5119Dd02cBf32F8eB8d46e01B33fFAc94B54EA3,0,,,2557.34,,
1000,0,0x7CB21a8d8fCd60E6B0b4A3975C97F00EEEC6aA11,0,,,2557.33,,
1000,0,0xf874afA90627dC80ad8216c4A5a44D65FDFE1940,0,,,2557.31,,
1000,0,0x4C01D0a26563C1F8A9E4Ca06cF1A75C9C619210C,0,,,2557.30,,
1000,0,0x20dA6C0a9908c2C8D0D3ca68153fCe1De68897B7,0,,,2557.29,,
1000,0,0x2792eA78E690BF8289700BA885c0932504f11a09,0,,,2557.28,,
1000,0,0x096fe611b3a4e05Eb6c7923e55792E77f051102E,0,,,2557.27,,
1000,0,0x727D10E6BB742904969d3cfE406300F207d408b2,0,,,2557.25,,
1000,0,0xeF05e783127121948D08b741F648Dc485558Fa88,0,,,2557.24,,
1000,0,0x5F40C4c4d098f8Fc5e40d2151E19c824e32384B4,0,,,2557.23,,
1000,0,0xEB4A337c6C6FB21B5bec8Bf6222e7Fc49003EF89,0,,,2557.22,,
1000,0,0x1E8A8F44Ffd8221e2262b7C44a5eb10731B5A851,0,,,2557.21,,
1000,0,0x5BCD941e64050545805fa72DD74e9eD7485c1211,0,,,2557.19,,
1000,0,0x38d251F9CADDA2e34C8353f8585Fca62De6Eb387,0,,,2557.18,,
1000,0,0x2Bc96Da73D2B307Fe0b958977C0Fe6a5bBf330CF,0,,,2557.17,,
1000,0,0xFa0267a0F17dcaf0c1140336723d1f424Ba2EbE6,0,,,2557.16,,
1000,0,0x086eff17F8D24e21D153580BD7323A1D3414619c,0,,,2557.15,,
1000,0,0x7e53d8081057616AadB5eda51bD216536B913490,0,,,2557.14,,
1000,0,0xDD4464E7751899C51247Eac177dB75121e481cb6,0,,,2557.13,,
1000,0,0x6f13Fe82917e5377B8a54E4D011F6208DDFFd190,0,,,2557.11,,
1000,0,0x9697455e805dc57d75cf7A599ed03C7C24B67D09,0,,,2557.10,,
1000,0,0x516FB5C91dF386BE0c27a8Eb20763e1A1563a829,0,,,2557.09,,
1000,0,0x5971e63544B94bD0b42b037C24E4fA468D49D762,0,,,2557.08,,
1000,0,0x9DDe61595A0DCe25CFe30EdE85CEbA06A25Aaa31,0,,,2557.07,,
1000,0,0x45f4faA5D226BCc1dB587f0F028A8d85f61D89bE,0,,,2557.06,,
1000,0,0xdcC0C20d0Aa5C69c244B1a045bd9261B9026D545,0,,,2557.05,,
1000,0,0xe50998a16FA02b5340aA08157d1E1dcA092cfaEE,0,,,2557.03,,
1000,0,0xFF7d003fe3DF13dd8008c0EAe2d4D3F5Ca031520,0,,,2557.02,,
1000,0,0xc2cf84fd0c52E12fa2301e722F30286fbA1eE0fA,0,,,2557.01,,
1000,0,0xD9384E5D77D21Aa972ad8baa1bfC9f57f9DF220E,0,,,2557.00,,
1000,0,0x41DC1fCCc605187b97a8B517f65D02Cf2daE4ebb,0,,,2556.99,,
1000,0,0x6d85A92D60cAA85A4821ab345C3509Ea360F37f3,0,,,2556.98,,
1000,0,0xDF40D48462a23E48502D2c2f07a0c40D30004364,0,,,2556.97,,
1000,0,0x09BA561d0Ad864334f93d5150Ce2507a01e4B051,0,,,2556.95,,
1000,0,0xA899F99c76A578431506D3268B505f2aC961C153,0,,,2556.94,,
1000,0,0x1f4790d6C434D74E8E74376b6f56AED1516C9F53,0,,,2556.93,,
1000,0,0x71490Cd2eFDB09108Af1C31F14758306E31264A6,0,,,2556.92,,
1000,0,0xf7C527E00e6c204DA6AA358e36fAC02e6E9d17a4,0,,,2556.91,,
1000,0,0x02B4dd9130f0E9CD092Ea1A0a4aCD32f640E6eE6,0,,,2556.90,,
1000,0,0x7DA73b241199509d0d73b5a8efC2B257907F1ab6,0,,,2556.89,,
1000,0,0xA16B8F95d4013f4C285d3A2c57108a81Ec7Be0B5,0,,,2556.88,,
1000,0,0x9ccA9F268de6062C62e088D0636378b76755334B,0,,,2556.86,,
1000,0,0x79418D8411C2CC4eba755EEA99297fb88c0F2FD9,0,,,2556.75,,
1000,0,0x9B4D714765A8F7A499c7d47cd0EEc49214C20919,0,,,2556.73,,
1000,0,0x009Cf7f499A7A83073C7aDC6beBAF5105Af2d098,0,,,2556.72,,
1000,0,0xfC60e45Eac5972b82fCD6FF758DC5c032bBaBE17,0,,,2556.71,,
1000,0,0x35e994C175aBdF3829ac5e3EA48Df23BFBe6cd2C,0,,,2556.70,,
1000,0,0xb23F913DDfD65194A16F06AC6EA911eA2E3de3FB,0,,,2556.68,,
1000,0,0x7f085eDc63736201e8BE51fcCF71378525Fb97D6,0,,,2556.67,,
1000,0,0x970C8e270419A07b239b14B962C56A25d1434070,0,,,2556.66,,
1000,0,0xDb8E2C0cE71e5407F6342Fa8D948e71cBfE09E5c,0,,,2556.65,,
1000,0,0xD1561986B2bb6F47eFb9DfA627E7A96C07e8F8fb,0,,,2556.64,,
1000,0,0x266327e3B471F37B36Ff8142307E796364e95e29,0,,,2556.63,,
1000,0,0x8eB19FDCeA0d5Ac867a34b13Ec98aFCB7932718D,0,,,2556.62,,
1000,0,0x79b10837227A6cd69C253C03042Fb9B26c751944,0,,,2556.59,,
1000,0,0x08fB2f066931c3ce98b1E38497B27525717E0986,0,,,2556.57,,
1000,0,0x103917Cf99b509f808C43A164f08267b42B5dcDA,0,,,2556.56,,
1000,0,0xFC7613d07DcfbD929eC3b14542e49E8a4fc29756,0,,,2556.55,,
1000,0,0x570587E42e32e58863FC844b9238e1e1332fA052,0,,,2556.54,,
1000,0,0xe9575c68b7dc73E1AaEFbe10904282679840013e,0,,,2556.52,,
1000,0,0x2817788C48cCE687dDfBC6c35856e40f0AA3399d,0,,,2556.51,,
1000,0,0xC7CC9d283A2Bd72A154Ed5Dee977f24F60255ECF,0,,,2556.50,,
1000,0,0xE8CF5544ddd37c9819a3A50e0E3Ba9426d07df85,0,,,2556.49,,
1000,0,0xF8Fb35F324485BF8D4508eB901D90891A9c0bb29,0,,,2556.48,,
1000,0,0xDbcB0c1E42f3B811d2D7fa9cC15F8295b6296Ab5,0,,,2556.46,,
1000,0,0xE74142c49A54915EC98Da333a4aD8017Cd9a7690,0,,,2556.45,,
1000,0,0x387B07E14FbA7ECCDA2884842bd202e363488715,0,,,2556.44,,
1000,0,0x5f0f5cE10c184c083F55edABe8F61999788C0669,0,,,2556.29,,
1000,0,0x0ce9629D44Db74bd3fA1c048E04092cAd6201bFC,0,,,2556.25,,
1000,0,0x7823F9c7e9255b0a4131dD723fFC93337E100459,0,,,2556.23,,
1000,0,0xDfb01f741872DdE70e9Adf2972b935Ad1c93659C,0,,,2556.21,,
1000,0,0x86aE94C35DD68DFb4e3c6D975d1f40558899001F,0,,,2556.19,,
1000,0,0x9FCAF4E401d93c021272e4F30a74aefac7B7971A,0,,,2556.17,,
1000,0,0x7BEDAbB2795B37783a7538119D22c0Ab41B23ac0,0,,,2556.16,,
1000,0,0xeE21B51c4F39b54530048FE414c6F6Ed7bcbba86,0,,,2556.13,,
1000,0,0xE63c27A7B62d3c1e22f87c49f592909a3CF653FF,0,,,2556.12,,
1000,0,0xA30295d8008fD8C39637514201343ea201538320,0,,,2556.10,,
1000,0,0xA41eFf6E540Db66e06d06f512e8203186eA1984D,0,,,2556.03,,
1000,0,0x2FC49c3b38463bDCCDd726A3Bb15d03Cf3a36362,0,,,2556.01,,
1000,0,0x57CB265708Cf36749f5E4eCECE7b61B9D9b3C8ff,0,,,2555.99,,
1000,0,0xaf79e1590C6D9B63F97387694E896F9b25A263Fd,0,,,2555.98,,
1000,0,0x849dC30269F40Bd70AB7859A9cBF12DC7271E149,0,,,2555.97,,
1000,0,0x1Bed9Bd3d520513e6C808c0Ef45fe6Dca12B9907,0,,,2555.96,,
1000,0,0xb842cED54036C776b67F48fc4CB1726050341847,0,,,2555.95,,
1000,0,0x5E9C49b5857F57Be39F2930A3534afC1ec439E64,0,,,2555.93,,
1000,0,0x8E9f11999d0c508548b3c25D4532c51b3C064941,0,,,2555.87,,
1000,0,0x63F7eDd25Ea61addf19c8863F04d610bB7281fDe,0,,,2555.85,,
1000,0,0x0c30Fb6D903cD4cCB7b3312A9092d9659BeC4E82,0,,,2555.83,,
1000,0,0x34cc6c276440A6127C047554061d214132CeC153,0,,,2555.82,,
1000,0,0x53145022e60909543f1DfabE429990D409EdBacC,0,,,2555.81,,
1000,0,0xCab7dF9Be6146D0cEb25feae37b6fBaDc8fA323b,0,,,2555.80,,
1000,0,0x28Fd397702cBa2ef842089f5737e7C88EFe45D7b,0,,,2555.79,,
1000,0,0x16574c89E6E0C952fBBE235e7A4b9A3e92254fb5,0,,,2555.77,,
1000,0,0x31Eda1ACbBA833e4F4F49355E0c1b158cE87aaa9,0,,,2555.76,,
1000,0,0x70e4e3d35d15870c3B2904724D5A5Fc31791e4Da,0,,,2555.75,,
1000,0,0x091dfa398E1Dd947321563819C9BE64F29786084,0,,,2555.74,,
1000,0,0x3fCA5BE5E0c943F00CCAe642462eC24fAa2d36DD,0,,,2555.73,,
1000,0,0x4af93b171E944b0E8a78003b597D99e5440E9e51,0,,,2555.72,,
1000,0,0x7d2aB7927b6394A68965C44f8980dEf8ddE2f4b5,0,,,2555.71,,
1000,0,0x1d9e02C487d17B7d2c7Cbffc75ba20feBe25AE64,0,,,2555.68,,
1000,0,0x2a4b68737cbD0c34cA30Ef8F3Abefb6ade3D979B,0,,,2555.67,,
1000,0,0x22E1956D148dB06db8D14E0007071a4daae75309,0,,,2555.66,,
1000,0,0xd42A99ACb34F1a7d9347876730f475a40Bf75DE2,0,,,2555.65,,
1000,0,0x3C4558C7Eca977262eC5Ed065A051488744F2fb0,0,,,2555.64,,
1000,0,0x9B2B509Ad950Cf32f893D3F345d0311e32620a2a,0,,,2555.59,,
1000,0,0x061C0BfFc11d7015c11Ba3F587B87b9dD99aCB1D,0,,,2555.58,,
1000,0,0x35dEaCc59ea00E70357EC8134d509973A2f08b02,0,,,2555.56,,
1000,0,0x6d84Ecd9Cc4a4653B2F197AD5A9650e5ea5e2d45,0,,,2555.55,,
1000,0,0x8feb21703F06eb4f634C0E7512E383523dC1aDAd,0,,,2555.54,,
1000,0,0xDf46eC785293f82e369f68412c02917628920EF5,0,,,2555.52,,
1000,0,0xaFFB41c977F6c210d39C99597ED42052E967Fe87,0,,,2555.51,,
1000,0,0xd95BEF0384A121cCa2bA39eeC8A900335690ddbb,0,,,2555.50,,
1000,0,0x383E7735a88C62E74cfc591C0E1c654a454C6D7C,0,,,2555.49,,
1000,0,0x42d35C150fbdDA4a7A1462003151d150feB4697a,0,,,2555.48,,
1000,0,0xc371C9F80a310245A63233BC024F317BbE2240dd,0,,,2555.47,,
1000,0,0x877905B12b8975F48ea766e55993e5E7Fa794a75,0,,,2555.45,,
1000,0,0xE503EaDa209846122C08f2921720DA4B13404668,0,,,2555.44,,
1000,0,0x4b4bC86D6E5c85DC417d80E621c6C3Ab02f5Ac9A,0,,,2555.43,,
1000,0,0xD0aDDf8039662FBBb892F0282fF31D4c67CF3d3D,0,,,2555.42,,
1000,0,0x8Ef84b5d1BC374A56DEaE5D40e1bdFA6895B3cA7,0,,,2555.39,,
1000,0,0x8896B6ffEbC908Cea0943D5619C24c657541E850,0,,,2555.38,,
1000,0,0xf2AB1fe1283cE2279Fd732193886e8B92a129fd5,0,,,2555.36,,
1000,0,0xe6AA102Ef82ED53220499F8c197f749e6d7e7e5D,0,,,2555.35,,
1000,0,0x06e94D6ed83A7AFf23f88EaDcBB02759D27262c9,0,,,2555.34,,
1000,0,0xB22Fd2A7f66D90527d1ae326E6A03DCA70ae933e,0,,,2555.33,,
1000,0,0x5e6d864F24A639A2dD650EcCeDFa4c1BaA9fae1A,0,,,2555.32,,
1000,0,0x08590b02d0CBDc7302C37Ab82172DE2280C0ec99,0,,,2555.31,,
1000,0,0xc90Cd417BDec21Fb69C461077Aa94F72d90181c8,0,,,2555.29,,
1000,0,0xE223B26dbC4189cc279004693ad39545Cd953392,0,,,2555.28,,
1000,0,0xd5f40e8A971233Babf8624d263e18C6c3Daa83d3,0,,,2555.27,,
1000,0,0x507e25cB612CbA19DD4F12B01b94344F00560c81,0,,,2555.26,,
1000,0,0xaD156362dA3b854148f68Fe1E3A2eE6c05fe7Ff7,0,,,2555.25,,
1000,0,0xfc737C75cE60049D18073734bCBbc1BA531CB72f,0,,,2555.24,,
1000,0,0x980fc372f17DE607B153532A3F42C85Fe54C29A1,0,,,2555.23,,
1000,0,0x2ECd96680e34ADEAc52bBC549BeFB3D079bF53Ac,0,,,2555.21,,
1000,0,0xD06836C28295A4f7cF9E0D154dE2AE7C35DD4ADc,0,,,2555.20,,
1000,0,0x9ea17422870d95A93c951BAFD4779eE8C9B9CF32,0,,,2555.19,,
1000,0,0xa6e5457Eb9dD77Ccbe21bEd46C5Fb9F1b207f13D,0,,,2555.18,,
1000,0,0x162A18dcc1E1E80A30b555cB6bB70dFA0e30a08b,0,,,2555.17,,
1000,0,0x9F7FCC1F6d83eEA1d2415DC2fAbfa87551628B39,0,,,2555.16,,
1000,0,0x940B25944a403aE80c633D98bf60eBa4a628Bf82,0,,,2555.14,,
1000,0,0x0317aEF0bAA68dBfd04f199ce486257e71eD4070,0,,,2555.13,,
1000,0,0x76e76200be54Ac23dDE5FAB426676207eF3C96a5,0,,,2555.12,,
1000,0,0xF903984Eb8bbd251c873A84c90F72d2D414fc7e6,0,,,2555.11,,
1000,0,0x0Cf6BF1e3BCdbd3111C5F3bc175f17baC5c0c48c,0,,,2555.10,,
1000,0,0x614Fc559C78d8d8680e6A58C4376D52dB4b7C32B,0,,,2555.09,,
1000,0,0xd600204e3006DD0c21402076a09d18a78F24deE8,0,,,2555.08,,
1000,0,0x6BdeB18172735644909093862CF010fA1d8B21D9,0,,,2555.06,,
1000,0,0x02547fec89B0398a7AA40c5e30eDB207678101e8,0,,,2555.05,,
1000,0,0xD0A9AB4CE4Bd5Ef4eD8B77dE3742Ec9313f387De,0,,,2555.03,,
1000,0,0xA95f8E3491CFfAA7b989Ae8EC1b66c7d4B2eb22a,0,,,2555.02,,
1000,0,0xF91A9A730312dc7EcebF080BCdF8e2be9D3a0a78,0,,,2555.01,,
1000,0,0x1377524e35a96Fbfab4721094D65f5b1891073d6,0,,,2555.00,,
1000,0,0xc47C6Db3Ef2B35d300C4cceFb8A063b4075A4f20,0,,,2554.99,,
1000,0,0x7daC3C0A5ab0BE401439aD480FAB92F2f350189c,0,,,2554.98,,
1000,0,0xC584A180e5B7aF3a96c9C0629b14EdB371566F91,0,,,2554.97,,
1000,0,0xB19511BE11e0a9A00B6BbBc25D316143925a55FF,0,,,2554.96,,
1000,0,0x7BeF3c330400672Bc4648199e3f60569d75f814d,0,,,2554.95,,
1000,0,0xD78C71E1E70a784eD12c9f22715FA519d635cB0D,0,,,2554.93,,
1000,0,0x3F8CC169394bc90A32466760bd8c571f2C0977b2,0,,,2554.92,,
1000,0,0x9567771D58B5ec089DC4303C9F89F0E86B3e2444,0,,,2554.91,,
1000,0,0x2fe5Ff0043232327675584d7Ea1B4A76e622Ee5F,0,,,2554.90,,
1000,0,0xC78dC7D1a4738415250e31eD11fA351C8D0B6c2A,0,,,2554.89,,
1000,0,0x6dDe8a47dEc7fF437ab47CA9ECDaB3c56e732984,0,,,2554.88,,
1000,0,0x8aDEd310bbEeEe6c6C2c470459B801b99c03Dc40,0,,,2554.87,,
1000,0,0xEC97C9c21fF28B731FBf619d323857b0AB15e25A,0,,,2554.85,,
1000,0,0x612519d02fDcA87f9366fF1Dba924ECf7DB7c56D,0,,,2554.84,,
1000,0,0xAC5662CbBA9b2f3fcD631DecDF77B0B2Af9bFeC0,0,,,2554.83,,
1000,0,0x01601377C2e6b603167Ad2844Aab1a58857Ce974,0,,,2554.82,,
1000,0,0xEad8a0c0fEDBB1cb5f0aDFE1Ee495B07f3a40811,0,,,2554.81,,
1000,0,0xb95dEe8bF04B609700bB31efa68f61C68C939017,0,,,2554.80,,
1000,0,0xf6AF8D83b00C45A0cB603F66d7FB560281AC16AF,0,,,2554.79,,
1000,0,0xa4f6ea39793f7B17B6eD357A66dd9Ae26A53D486,0,,,2554.78,,
1000,0,0x70399F26633AA643ACCe3BF140894C466062d12b,0,,,2554.77,,
1000,0,0xE39DD22bC9E2816C3d53Fc719ea064F41788C598,0,,,2554.75,,
1000,0,0x32d6f33766b1FF2e2e125fc4BB39Da9609B369B0,0,,,2554.74,,
1000,0,0xa0157A2054500D0f498Dbd82b86Db1E50aDB8688,0,,,2554.62,,
1000,0,0x174CbA2071aEbA8b9F36d5034427687d0EfAA9b7,0,,,2554.60,,
1000,0,0x0c0f1aA24826974862fb7DC32f7F16E52eE9fd03,0,,,2554.59,,
1000,0,0x62d607D0c5743Bbfc1EE204938719Bde1ee59D82,0,,,2554.58,,
1000,0,0x3b4d23A0314432146f2De05b7B825630146766AC,0,,,2554.56,,
1000,0,0xF74A9381347599C8d40a0bB5EE7028e66449e5CF,0,,,2554.55,,
1000,0,0xBF540e4fD84cD2fC802cFf060EC57403e0ea2Ade,0,,,2554.54,,
1000,0,0x36F158A10FCCCB068E1b0cdDAd902a65d6de4603,0,,,2554.53,,
1000,0,0xAA6c7eA5b7184b8d21F46d286E064c2981D0338A,0,,,2554.52,,
1000,0,0xe1a19ee65AB12182cEe7E7d19a8292a3F8d955d7,0,,,2554.51,,
1000,0,0xF3433Fc69E0f3F85Dfe659873133A12E47039D89,0,,,2554.49,,
1000,0,0xaFBa8fe74678AC683d216F2436891049Be442Dca,0,,,2554.48,,
1000,0,0xf13DaC6845d1fffD9298c81A9eAeEfE58DB78AD0,0,,,2554.47,,
1000,0,0xaC0Cde2c79811620286779A5bD5a153f520891BE,0,,,2554.46,,
1000,0,0x54229F2110e72189053F1a3a5e2Cd6886eE4F87d,0,,,2554.45,,
1000,0,0xB2944D882613619042F180121CddA9F5E874a83A,0,,,2554.44,,
1000,0,0x111D6729A21a8D124BCDB72c544E3d1d944bcCE8,0,,,2554.41,,
1000,0,0xf8D6B0e56A480E13Dbe4E2862a287688a8b9d7F8,0,,,2554.39,,
1000,0,0xD84Ce69aa73cA17975b2Ce1447C937A14fBA49f2,0,,,2554.38,,
1000,0,0x81Af3e68f7942B07e3cdBD153b1940265b2233f5,0,,,2554.37,,
1000,0,0x814096d2B9bd0Ae5670B0317F2d6F882beF0ddfe,0,,,2554.35,,
1000,0,0x61b1cfc686e851c85F9E665Dd0B16d14ac5c511f,0,,,2554.34,,
1000,0,0xA7B596764Fc893dC708F0CfB012fef8CD3195030,0,,,2554.33,,
1000,0,0x733E930c575f4630F5D300E6fD47267dF1f438eF,0,,,2554.32,,
1000,0,0x24eb144cBba8263161A19efC600e1F7567A7883d,0,,,2554.31,,
1000,0,0xa3EAA6f989b470a230F60b202c06A0a472A84Cb9,0,,,2554.30,,
1000,0,0x914F59821ABfb98F7755b7d0aB5565970cd3C2a7,0,,,2554.29,,
1000,0,0x028DD87DDebc5c74dFAcEEc5cC41A28213752968,0,,,2554.28,,
1000,0,0x695a81A0d4872Db6155F4A2514ee07928f5dfc53,0,,,2554.27,,
1000,0,0x653b3C77fD01659f302882eF17CA57538dBb7844,0,,,2554.25,,
1000,0,0xA8FfbDb81675cA553Cf2F53136E12d0d7B5acaDc,0,,,2554.24,,
1000,0,0x2607d91770D3E3D49B08DA9cC251c109C2B67229,0,,,2554.23,,
1000,0,0xE41ece770a915A1113037B358be3b7553a2D6915,0,,,2554.22,,
1000,0,0xD152566613Ef8Fd7aBb93452eF2e938A8bf2A25B,0,,,2554.21,,
1000,0,0x0cbB6Aa322720cC2664E1B1aB96a6225569b5C63,0,,,2554.20,,
1000,0,0xE0085CFE19e313AB10EA0DC51B4D274C58E502d0,0,,,2554.19,,
1000,0,0x97909Ff1554054b400e15242926f993AA8387F7b,0,,,2554.18,,
1000,0,0x88E1BdfeDf98c1Fb024E7F7e2252Ce23eE511B07,0,,,2554.16,,
1000,0,0xd9041Ff54047Cf5222194BCf306cce25DEe55797,0,,,2554.15,,
1000,0,0x6C14b876bf4A5FAfFcF43E2bbfC55f828Ba83bF0,0,,,2554.14,,
1000,0,0x700b963902fF887dB5aED7e8638d70aD5015DB1D,0,,,2554.13,,
1000,0,0xa5Fc6234c1006A84791F4f1a4758b63337825654,0,,,2554.12,,
1000,0,0x87D259e4F7841111CD98b7208B0608a8b6EEE2C5,0,,,2554.11,,
1000,0,0x7a8c8a573703B229f2BcD3045b673Dc09C5cc835,0,,,2554.10,,
1000,0,0x0fD44122f3b251bb20be1bfbB9823e774D2d2cbd,0,,,2554.09,,
1000,0,0xe40120064f329bBb87D50595BB7E38D4FDCf1dBA,0,,,2554.07,,
1000,0,0x63A90785cF014BEc694d0Fc696347C4C6421cbc6,0,,,2554.06,,
1000,0,0x00a8115Ea85Fc3dAd97Aa2a95fEa0dfb9Fe5176d,0,,,2554.05,,
1000,0,0x216d9DF9DDEEa15eAf56306A567bb7012Ed21F26,0,,,2554.04,,
1000,0,0xFF02466a19Ca90E2AAb9FA90472a4d56C6cdEbEe,0,,,2554.03,,
1000,0,0x7111aF564d60A0742f7886756584656dC9E7240d,0,,,2554.02,,
1000,0,0x37a5b0F8f40D7785c08538E521897A30443080E0,0,,,2554.01,,
1000,0,0x84D03d0ea8C90A982d5f373709Ce7185492bD64D,0,,,2554.00,,
1000,0,0xc8f4bCdfF42bd4E6e684616e969C6cE7A997FCeB,0,,,2553.99,,
1000,0,0x4599D4b407e27323B4e442498ACd46c8998CD62D,0,,,2553.96,,
1000,0,0x7092eA0fB62451FE55F6c731aD53498141E04CF9,0,,,2553.95,,
1000,0,0x01ad40ee83408A7369A94dB618a96705e819935D,0,,,2553.94,,
1000,0,0x3910bD9Cf4488d2e2e7EB222C9C36a3bb5615De1,0,,,2553.93,,
1000,0,0xB03021Cb477acd111Ef89c35D12E58994AEf6091,0,,,2553.91,,
1000,0,0x5Da6A98FDcEeA1496219b824370e1591B27469d3,0,,,2553.90,,
1000,0,0xf05C3e7C2ff31F440676161006097F228C8977F7,0,,,2553.89,,
1000,0,0x125631fb5CA46D98be54De5F97DB92B45a5c8176,0,,,2553.88,,
1000,0,0xaDfEf5Ca7E0a6A13e5f51E41Acb07f8A6A808D8B,0,,,2553.87,,
1000,0,0x2977D408a85D81E38AA07f65bBDE6E71C7be2E06,0,,,2553.86,,
1000,0,0xAc334c0b0063b2ED332568d4c49B22C33f61810D,0,,,2553.85,,
1000,0,0xbF3C48962af0D1c398ccBA5B6Ac6dd918D297436,0,,,2553.84,,
1000,0,0x015A7E7d330aD923a0Fff59036F5b2010baAE2F7,0,,,2553.82,,
1000,0,0x0F8E17e4a0993026e07DaE22B3871DbcCCbEf5fD,0,,,2553.81,,
1000,0,0xbAF29C61E5339eE971bF6e39a359143B13b915f6,0,,,2553.80,,
1000,0,0x9d7003385257c412C488ff767156c7180CDCe894,0,,,2553.79,,
1000,0,0x4B852F8B970B02e126A22495C10CB1D9Ee74AA1A,0,,,2553.78,,
1000,0,0x68B4376282022547f30926426decda4EBCa733cb,0,,,2553.77,,
1000,0,0xd9fE27f2E10D02BE08eEDbbbF6ae14DAff98fA2C,0,,,2553.76,,
1000,0,0xB4A564c4C4caA101F42671D503B4D566020d7D40,0,,,2553.75,,
1000,0,0x118d58f43BBb6373678A81f59725ec3a7Ec666cd,0,,,2553.74,,
1000,0,0xC7dFC0b6f4c8638352142C8529A3bFd7BD7cB55A,0,,,2553.72,,
1000,0,0xfb9e7669c04b0ef318ef192b12cE7Dd8689532A6,0,,,2553.65,,
1000,0,0x871755ac1c5ddf0C781d8636690e24742aAe3011,0,,,2553.63,,
1000,0,0xE29107D8A846669B05259300b3106be590bA9432,0,,,2553.62,,
1000,0,0x346919d3267318D86304b132DECB3f207310e5E3,0,,,2553.61,,
1000,0,0x9E501db8C56B4b56A08bBF05A2349fe07c04f07b,0,,,2553.60,,
1000,0,0x073CD6a26d911B19ba44Fe954a07f4C4Abfa20Ef,0,,,2553.59,,
1000,0,0x054a12F1219a95D2634AEDE72a9b0d3aC1AdcBc0,0,,,2553.58,,
1000,0,0xFcBc9DB6C15352477221aFf63f5A2Ee735D87DF8,0,,,2553.57,,
1000,0,0xD4f445D0afa1877ff506e620cCBb2801b6a47838,0,,,2553.55,,
1000,0,0xddDAC9280c790b64cA2a6FDf29Ca2DA0bE3CbCb5,0,,,2553.54,,
1000,0,0xEe85db3567fDc0CC33cD49C3c09540bb4718F9a1,0,,,2553.53,,
1000,0,0x6a00a3a95743CA09AA439cdd2C46B6BE6b98A13B,0,,,2553.52,,
1000,0,0xD833E604cf7aEFCD74EEb267A5a3F7dFF8A3b4E1,0,,,2553.50,,
1000,0,0xf6Bff2eF9142fDe165c6F59dc9bC935EA61968f0,0,,,2553.48,,
1000,0,0xdF8478ec93183A824513D95e8b30960Bc69002D8,0,,,2553.44,,
1000,0,0x43FCb1a72949730F81179Bbf4c5a6E6e0EDB25b9,0,,,2553.42,,
1000,0,0xA6f8a2996a2ac590e673e02856a4a5b433aAd2e7,0,,,2553.41,,
1000,0,0xf1e8f40F57c008152a6A2Ff2702766F8990c1d23,0,,,2553.39,,
1000,0,0x73F061d128a9f714F5A4eBbdC717b53f9498D246,0,,,2553.38,,
1000,0,0x6e80D65bfeF29655DE9c463A078c8d736348DAb0,0,,,2553.36,,
1000,0,0x99277dC5DFf694718e6dBdbEcfdf03EB7bD809dD,0,,,2553.35,,
1000,0,0xA177191828a08ed1a63A2d3980a948aB8175B4d0,0,,,2553.34,,
1000,0,0xB48db665744a57b954c47334E159A00Fd42DCcD2,0,,,2553.33,,
1000,0,0xbEdBa6De3edc80516D04A9aC5aB3fe99416b9e23,0,,,2553.31,,
1000,0,0x2299A2EB449893FEB7057E3C5Ee603639E5F67F4,0,,,2553.30,,
1000,0,0xA2B39c89A59b8B9830B6fF549d0a4764Fc4FDa19,0,,,2553.29,,
1000,0,0xf8d9Def3d5279435BD91E80F2C02BFe2E33D9a33,0,,,2553.27,,
1000,0,0xb48fD1dd77138615133B161aCe54662652d1E03c,0,,,2553.23,,
1000,0,0xd50F0C23F29923C0Ce97aaBFC40582A64B78d9F6,0,,,2553.21,,
1000,0,0xb752E09F7dCF0cd9B794C276C3B5f9D5aa1cd2A1,0,,,2553.17,,
1000,0,0x1ec06cc448891DD2539262c7F8927e7134b4f7EA,0,,,2553.02,,
1000,0,0xffb1ff81cf3D23518365a0067c8A9fC9a6940e31,0,,,2552.96,,
1000,0,0xAA7bE3cAD5A9750063cbfE75516e0e48048a5eEb,0,,,2552.95,,
1000,0,0xe126093aCE0eEb291c583d653Cb9c383733eDc1d,0,,,2552.94,,
1000,0,0xE50Be396195836310924C16E9922cC744333D18B,0,,,2552.92,,
1000,0,0x72CFb5cAd81250dF66D1301187bAb445Fb1C3DAF,0,,,2552.91,,
1000,0,0xDdf56a702D7E8556fe43fD52FbE1F0ec734DdA91,0,,,2552.90,,
1000,0,0x8cF7c06c0cB60Ef4BbAacAbf5ecf306b7e3A963b,0,,,2552.88,,
1000,0,0x3af884ED9A86768F998E89b995119D616402D30F,0,,,2552.87,,
1000,0,0xBBCeC77e3c132C637aA17531A0CC72919f179E70,0,,,2552.86,,
1000,0,0x10549aB0Ed35cE9773c34c29785D03BBCBc2495a,0,,,2552.85,,
1000,0,0xa0133e84Ea233703F0C2922C42e837753D371ab1,0,,,2552.84,,
1000,0,0x5B431f78C317aEfAb04F9b3cAF4D0Bb1ECc2A30a,0,,,2552.83,,
1000,0,0xA5bFdBC3AC1b8936b0E12bF832B5145104ea5cBE,0,,,2552.82,,
1000,0,0xCB9A5D1C90faf6a9AE8d481fAc88686383ab6F43,0,,,2552.81,,
1000,0,0xcaC1B8bA17F7B5d30EB1FA8Ef66EEB3B7599B8eb,0,,,2552.80,,
1000,0,0xBe44BDC7ACc252d1fd21ecE099D4f155792c0c7C,0,,,2552.78,,
1000,0,0x28787298499352185370a8A2949De1b15b2f6298,0,,,2552.77,,
1000,0,0x247344106FBeF4Df9cF3E735afa6fE5AD08626AD,0,,,2552.76,,
1000,0,0xAa176d009B8c996d101E53F608a792566466Ac63,0,,,2552.75,,
1000,0,0x98D6c4E845B37807f29973681B3AB521dA2e0629,0,,,2552.74,,
1000,0,0x010F863f6Be13D394A2E2b30b7927FaeC7da9063,0,,,2552.69,,
1000,0,0xb0cE8A50e2a338737b9fDe76B97a477d0694181A,0,,,2552.67,,
1000,0,0xDEd19D61bd05aba6Ee554D72728313bA05928A6b,0,,,2552.66,,
1000,0,0x6AdCa28A667ECaA3069daE6134C025fFb77C98eB,0,,,2552.64,,
1000,0,0x9924ee1f8aac23a4f05cC7Bf45E312B707264f60,0,,,2552.63,,
1000,0,0xeC95098a2E14f64ED3462fbe297406F3d9cE6337,0,,,2552.62,,
1000,0,0x28d9a34c8331d49906a696586f7E7D835455a077,0,,,2552.61,,
1000,0,0x45d6B94f532aFBe7ad2816a7b3Acf5D9D643Cc00,0,,,2552.60,,
1000,0,0x237e97d5Dc3D52722c171cfD0066520F598b0e7b,0,,,2552.59,,
1000,0,0x38F5e6272368Fc5039B619E9c0D6169cccC14419,0,,,2552.58,,
1000,0,0xAF5D0Cd96985E2462a10F3F4D0160A579280240F,0,,,2552.56,,
1000,0,0xfd9B9E84479d1cDec4B0D3695EE8be1F2E8E7750,0,,,2552.50,,
1000,0,0xbb0348aA52Fe8f42DE49B5aA70DF4CBccE9F9BB9,0,,,2552.49,,
1000,0,0xa0e63be5fc4f3FBE2B661A47Ae451FfFeA2484F9,0,,,2552.47,,
1000,0,0x231edf153111Aa5bfFbBF424D5154F7fE5106E77,0,,,2552.46,,
1000,0,0x303d12D11Bea6C051eb50215fe00C6264471f423,0,,,2552.45,,
1000,0,0x245f4C9707f9e1f279582b9CD40b1D82b3bC499a,0,,,2552.44,,
1000,0,0xD05bc3bA648B9Fc5DC2D54470e928d02881865AC,0,,,2552.43,,
1000,0,0x40e579684427930f4a74a5DB5a411179B7c97fff,0,,,2552.42,,
1000,0,0xE20Caf1019610B6225012c2d8e69cC582F7B4213,0,,,2552.40,,
1000,0,0xDdDba1338fb9C0E333340CEe574539CEd73abdb6,0,,,2552.39,,
1000,0,0xCc11751C3DeEd6F6680d0fdA88411f3C036De4A8,0,,,2552.38,,
1000,0,0x0888912ACdCc77F23B9b706F17251fb1c3bd9960,0,,,2552.37,,
1000,0,0xF4991f6Dc555a5Fb8016da97dC5D2D4DC1349548,0,,,2552.36,,
1000,0,0xf0B12Ea630521CE103F56779aC5FAA3E9F91ce46,0,,,2552.35,,
1000,0,0xE6AE2Ee8cc5091d8Ff2bab490A3a9888373cE991,0,,,2552.34,,
1000,0,0xdC28bfF61Bbf6aED96B5497b2a9803E25C5422f5,0,,,2552.32,,
1000,0,0xA885d7AC6b722bef591Ce57888003BDB708466f3,0,,,2552.31,,
1000,0,0x8D59B0B26df30d274fdCe71B184467eACAeB1834,0,,,2552.30,,
1000,0,0xd9880968318E0764D6FCE1EAA0e65be3f986d191,0,,,2552.29,,
1000,0,0x1bD6211cF0C19166ed8B3DF256fd3B4f40264cde,0,,,2552.28,,
1000,0,0xBe954Ed34588b1aAab281428135B57b032dF3C6f,0,,,2552.26,,
1000,0,0x2DD4D4ce7381159FF5B2e8ed9a2476FeDEd8c7fB,0,,,2552.25,,
1000,0,0x39eDa45eFbDDa28193E63C1DCC84D74C32f36c87,0,,,2552.24,,
1000,0,0x74fB3d964B871DD6f9246f6008d2ce4dEde67AF1,0,,,2552.23,,
1000,0,0xb951E5Ac2E3747926FccfEAf4f35ae236ae2A043,0,,,2552.22,,
1000,0,0x2879974F8B622E4a9b2B7c7a6D6a122F6933B0d9,0,,,2552.21,,
1000,0,0x958b1b85ABF7408C3bb1016066713103113ddE89,0,,,2552.20,,
1000,0,0x24cDDCFAc084FfA5ea7B9Bd3726b7683e5424b90,0,,,2552.19,,
1000,0,0x56a89fe59c147b3b5aA2a1548BB527B3ec525a66,0,,,2552.18,,
1000,0,0x057A9c7B5814206BEf2dd7AE5E9D1Ae3718395fb,0,,,2552.17,,
1000,0,0xfF36bcc652ca18A3e92703C12E35954B48C5a9BA,0,,,2552.16,,
1000,0,0xdf7E5a406849bba2e6abb232d43481D2a20a406a,0,,,2552.14,,
1000,0,0xAE0d4b97447eb81675F71b5FdFA17859dc61B5b5,0,,,2552.13,,
1000,0,0x3f4685854C94E4e5987C65b0e9D8EA740aD0E963,0,,,2552.12,,
1000,0,0xf584F44Ddc0B9B236A21f96C0eD4539520FFF446,0,,,2552.11,,
1000,0,0x2d57681a56b133a1d9a9A7b8da79295355f03bd1,0,,,2552.10,,
1000,0,0x388014806857b93c97EFE7e59D7Ed541583A0445,0,,,2552.09,,
1000,0,0x7B22BE6dC86A387155dfFF6D60b683c9dcCc7622,0,,,2552.07,,
1000,0,0x9760B50042503F00804d17063Fd83E4Dfe12A9EA,0,,,2552.06,,
1000,0,0x49c90c9c9f47913Ff33D52c95D9DE63792536086,0,,,2552.05,,
1000,0,0x6CcB03934e3C808E0FaCe85859c9cFCfe2BEcAA5,0,,,2552.04,,
1000,0,0x80a8B00F969c225cd0037daA2E5F33A3Cb7Ac31c,0,,,2552.03,,
1000,0,0x30A4d14e789A1C5767Aec4D82DB0888A860D8b02,0,,,2552.02,,
1000,0,0x47aC5D56FDFF6920CE595dB196381706550D72Ee,0,,,2552.00,,
1000,0,0xFd568688711B13E8b8cdDbF214A0B7e607737e16,0,,,2551.99,,
1000,0,0x42011f22EE0066ca500dcc7Ca3dD3fc34d1C90A2,0,,,2551.98,,
1000,0,0x6efF713Ad88B0d9860C1165fDC1C6D48dd460B7a,0,,,2551.97,,
1000,0,0x6861dFF7bb0f6cd5d6Ae9cFD8eDCb342f02e3C55,0,,,2551.96,,
1000,0,0xFf93839d9c785E3be5B316726984A813B009f31a,0,,,2551.95,,
1000,0,0xF53246E009d5B7CeeE948c43E5191b034A739783,0,,,2551.93,,
1000,0,0x0Abed5A2a0DB9D8c55fBC2489027f9288A9a9b60,0,,,2551.92,,
1000,0,0xA63Abc5e395a1b60e0986d2E7C977507588CCD7b,0,,,2551.90,,
1000,0,0x9eF5Da2f578961245269d5aBcF067d682eEd373A,0,,,2551.89,,
1000,0,0xb1430e70A2eA8f4eEF99d6BF5e448DaE9E8a3Db1,0,,,2551.88,,
1000,0,0x6a6F69eB5971d1385d26C6a16beac618d26e4C07,0,,,2551.86,,
1000,0,0x6f0a6A8B602fe45D8F128FD10c1B87A58f1cc41b,0,,,2551.85,,
1000,0,0x3D4AA5cea7EAf9703Ebf05f6Bab4F653F1D36F0c,0,,,2551.84,,
1000,0,0x0e99B78735b2e39Da3d91f78f65d0A6028EB15e2,0,,,2551.80,,
1000,0,0x291157D3D853c2E1b2a2E78a9628e0708B1cB1b1,0,,,2551.79,,
1000,0,0x8d005ce58585B086bCF5CD3d1DBfeC0275e11DbF,0,,,2551.78,,
1000,0,0x9543aF8574FE71E79F3E8583EBE749BEd0bd987a,0,,,2551.77,,
1000,0,0x00C1B0d2D91F9D78eD7203E8aB8974CB418E35D9,0,,,2551.76,,
1000,0,0x1a43AEb4190C8ec7b61bd4Da7e063bc02F8080eA,0,,,2551.75,,
1000,0,0xd74866802De2998aB3205f9Fc0b0a9306f68c001,0,,,2551.73,,
1000,0,0x27f95d3A2D7Bf0a37f2365BbACD194c9beeC8579,0,,,2551.72,,
1000,0,0xF921886ca8ba4f949d3F80738a327AD147Afc724,0,,,2551.71,,
1000,0,0x50CB1570117d54E599d9dB8dB827Ab85B444233e,0,,,2551.70,,
1000,0,0x563b6b52a9d7fCd638Decd03C41F3743D84CfB43,0,,,2551.69,,
1000,0,0x3B83b5ef3eCFE7C764E3F2400851d159C1a09230,0,,,2551.68,,
1000,0,0x45603766adD8468a67D7a755496a82d45b21382b,0,,,2551.67,,
1000,0,0xfBd085420e6F02be15dA6e084bAe2ee2Ea6A2A70,0,,,2551.66,,
1000,0,0x10b40C53cB11cC704cB226bE12777aC7A7965769,0,,,2551.65,,
1000,0,0x4510968ca585F0149A38098122aF336B56bca0aD,0,,,2551.64,,
1000,0,0xee023b32E38A6EcC1F1708ceac597631e1031fD0,0,,,2551.62,,
1000,0,0xd57A43758e7a70A99a065FA516A2A6b697f0D50d,0,,,2551.61,,
1000,0,0x352B61DA1A58017cEf2D96878FAD4dE7fa540022,0,,,2551.60,,
1000,0,0x73d746353a720B4729d5D88d8bF125D7396889E7,0,,,2551.59,,
1000,0,0x19A5f7850084C2CEe57DC2485928Ef54b610D43F,0,,,2551.58,,
1000,0,0xd2d42e99d6274cf3E8b236f71Ce73caabF766857,0,,,2551.57,,
1000,0,0xC3C336B15896b8418A7238e58148Fa68b4B67dA2,0,,,2551.56,,
1000,0,0xdA36c8eecccCfA174f8C0F6e8B0B559F9Dd21064,0,,,2551.55,,
1000,0,0x06627a7A20D05A709757016a151D3c23a76C8eF9,0,,,2551.53,,
1000,0,0x90c034C007530c0E35C96c1EC42cD3a7Ed932113,0,,,2551.52,,
1000,0,0x2707023e58BFf93d44fA4a8c583200B7DB1129fC,0,,,2551.51,,
1000,0,0x5Ccd82E998E3Da06080355845DCe483530878c45,0,,,2551.50,,
1000,0,0xa466eB6B353876BBCb6E1EEB61200524A067d8d6,0,,,2551.49,,
1000,0,0xd57A4be2a9F2A1A123e060b43aD3F355f694d673,0,,,2551.48,,
1000,0,0xcc8C573F9d6201f4Ed4190a22a7A73cADb9aBB70,0,,,2551.47,,
1000,0,0x331d966e7A9a4AB6f3B33d235AD34F093d2fC26f,0,,,2551.45,,
1000,0,0x7AF26722C0934d95666Af4F564eBaBAfA21078E4,0,,,2551.44,,
1000,0,0x03dAeD8DAC24B0Ca317beeeE673418d5ed8B46Bf,0,,,2551.43,,
1000,0,0xb8A9b701B41d939Ead229B05711fe620500F2725,0,,,2551.42,,
1000,0,0x3851A57B3F436A60134352eBB04269251092E0eB,0,,,2551.41,,
1000,0,0xDf3fc8323f09e09bA31F1ef0A0017ae375a0837A,0,,,2551.38,,
1000,0,0xaca4e98Cdc95581fA8F9e6D5B9858e7018A9a500,0,,,2551.36,,
1000,0,0x056479ffcA7205a7Af11563bDE9F7b64FFbfb991,0,,,2551.35,,
1000,0,0x55af2E5d11e87A910549cb5AACf3173761467d01,0,,,2551.34,,
1000,0,0xed402aF62E9563e4B6CAFec03EcA02376215BA93,0,,,2551.33,,
1000,0,0xD082Dc35b41c2d9248e269192c8f82e01BC1976a,0,,,2551.32,,
1000,0,0xe699F6DE58d0a3dB9D786afCe2399f0D6f5279ea,0,,,2551.31,,
1000,0,0x198af11D3e9A1aF7Eee598c926109346A4451C58,0,,,2551.30,,
1000,0,0xDDA44b4e3b0eB9d9839641db6C7f8f994438b66B,0,,,2551.28,,
1000,0,0xA7F64dec91718eE2A8a58dC53B8Ed2ca4Cb9e097,0,,,2551.27,,
1000,0,0xe0132bC84BcE30FED1b23B7c3b2FD75E9b880f9f,0,,,2551.26,,
1000,0,0xf32Bf150BD434D893D090a62e1Fe3E430EDdAd19,0,,,2551.25,,
1000,0,0xC0E09fe895B8e74e73A3A6031EBd4f270EdC9111,0,,,2551.24,,
1000,0,0x78017B9DE432490052b50148101B48147EF34078,0,,,2551.23,,
1000,0,0x7Ca423CE717FC7b717e85f2D567E1Dae02437B03,0,,,2551.22,,
1000,0,0xfCa5af9D6f5f9347cffE948a51B095bad2A566F7,0,,,2551.20,,
1000,0,0xAb6DdC44bc7A8DcC394274DC9B5dcd5cB545e61D,0,,,2551.19,,
1000,0,0xf6587aCDCB61068A3992B2C55F6e6d0c401a2558,0,,,2551.18,,
1000,0,0x65f360B30196515148661DDfe8BDe1EfdF7001Bd,0,,,2551.17,,
1000,0,0x8A99De0348475b507AD93525D4D59E29ba900fD9,0,,,2551.16,,
1000,0,0x0c576a257df5a5565dA51843FD6FB76F76163051,0,,,2551.15,,
1000,0,0xe293c04b647ABA3F717A55cD06aD2148c7Cc9906,0,,,2551.14,,
1000,0,0xEb9Bebf9A23F23348627D5a25d43f996db4f7126,0,,,2551.13,,
1000,0,0x694be74466eEAA6276f2B414ad95259282120A3B,0,,,2551.12,,
1000,0,0xF12A90dAc1D87166bCDb4aB064Fb10743Ce3C375,0,,,2551.11,,
1000,0,0xC56b39D7D23c1C2D566B36A882Fd78D62d4754b6,0,,,2551.09,,
1000,0,0x93ca36aebceAD519F2a33061299e0a85204a0A3b,0,,,2551.08,,
1000,0,0x0af278946555CF2CeEb9D8358a549Ca3C5F6c26e,0,,,2551.07,,
1000,0,0x5C4AF32e310e3D50261972F1972167294ce264Da,0,,,2551.04,,
1000,0,0xcAB3352e75B803efBF90b56F06c10b47Fa94E1ee,0,,,2551.02,,
1000,0,0x93104818494262793e568Ae2E6BDac6b5CE64D46,0,,,2551.00,,
1000,0,0xaDD742171CCC95bEf5E68A34A8F7444387dEfA0F,0,,,2550.99,,
1000,0,0xa1D4530f0EF89D48B0444D04b66AD320467435ed,0,,,2550.98,,
1000,0,0xc7DacB2635Ddf207220fa820367E46dDAfeD3bB6,0,,,2550.97,,
1000,0,0x25Da9f10a6C048d56F5A4A6DBD9b05e06002ced6,0,,,2550.96,,
1000,0,0x51536bd466a91d5028eBC0ce74fF2c358801B982,0,,,2550.94,,
1000,0,0x6243928f6C6dAE2C71575EF51EBd96Bc89da89bf,0,,,2550.74,,
1000,0,0x1B120Ae4Ea9622D0CFB324bAef018C75CE4C9e51,0,,,2550.65,,
1000,0,0x0e2A070cdC5c2ad6c9f769E5e2180813564a0C61,0,,,2550.62,,
1000,0,0x3B9eA7BA432f72006a429729AbF333564f648774,0,,,2550.59,,
1000,0,0xB9E01526A564de7dC1390DB7223Fa63b9dbE396c,0,,,2550.56,,
1000,0,0x1836eb714B59Ba85128B8B4E9881e0FfFF25cc9e,0,,,2550.53,,
1000,0,0xA741242e6d4504bF6738E5c0E29191Ede178F386,0,,,2550.38,,
1000,0,0xd387cED0d35187345278D5d80DA2CcD68491eA30,0,,,2550.34,,
1000,0,0xEc305242231382De8Cf19E698858Dec24065284d,0,,,2550.27,,
1000,0,0xA19dc7bf46DB3A9d2b9CB1369D9af0386b12f293,0,,,2550.23,,
1000,0,0x07f4221fCBf708E35c485DBdF10fb065DeDfDe38,0,,,2550.20,,
1000,0,0xC3f96000E2E041945a7e1B227036f58580B1510D,0,,,2550.17,,
1000,0,0x0a594dBE4f707e9963Eb15776488934FcbddD5c8,0,,,2550.14,,
1000,0,0x13cd5b3995e6E6474c22435aA9258494b8cbFBFb,0,,,2550.11,,
1000,0,0xB17D321a175f03b972B305612A979387009Fa262,0,,,2550.08,,
1000,0,0x757BaA243b9478b3fCe3272BB4411DfcC86c4e63,0,,,2550.04,,
1000,0,0xF50F1BF9626654072C9399ae4B6575956f89a11e,0,,,2549.99,,
1000,0,0x3C7CB923C5aB85feeFa6AFc5518ad7D954CbA297,0,,,2549.95,,
1000,0,0x7ab1bB04E349e638c124CbA9cC7487efd66b9D61,0,,,2549.81,,
1000,0,0xCb2f1DF70fbb33200E34BAF29eae363Ec4C900DD,0,,,2549.77,,
1000,0,0xe7E9755dEbc6A962b3E6dbd9a245adCb7006d1D0,0,,,2549.74,,
1000,0,0x6895360C437Ad993ebe71CbD5ecc0aD0296410c2,0,,,2549.70,,
1000,0,0xFA93f104c65a9F94a8bC31943ea6bF02Cd4C5b57,0,,,2549.66,,
1000,0,0xC69b841F7F27410FcAD13BfB1076e5696c27b37d,0,,,2549.63,,
1000,0,0x1e3C2712FD32Fb7C21D3a298D424b108e1F91869,0,,,2549.59,,
1000,0,0x443308e7AD523170AdF163E3Ee3CdD19DF708c1a,0,,,2549.56,,
1000,0,0x76d80EddAA4bd44dA6cbFDe8d61CE2eDda01de50,0,,,2549.54,,
1000,0,0x7d036e5031BCDC77CEDB1e8FC634Dd5D1274A3CA,0,,,2549.51,,
1000,0,0x9B4f49592e75eCfF589CF77fE414f8cd1C23Fc10,0,,,2549.48,,
1000,0,0x773846Ee3CcaC51E3e4849DE3ca196344985742B,0,,,2549.45,,
1000,0,0x572D61cb19A0c3C718b6a2167E39DD5e306825f7,0,,,2549.42,,
1000,0,0xEBa2Bee5412fd7E427699A00E56322279449a66A,0,,,2549.38,,
1000,0,0x582e69a00f54a5917531C7986Ac62667bB3bd849,0,,,2549.34,,
1000,0,0xA0765D716C04F3a74AC63A57A449bD5aCa4B24EE,0,,,2549.11,,
1000,0,0xc8706115ec93300D5740B7f1aBFee114A4B203f1,0,,,2549.03,,
1000,0,0x632eA23a144C2D41481D514e25EF6773350F3782,0,,,2549.02,,
1000,0,0x9b9A874ed73Bf4381D100A6109DE998a30607f03,0,,,2549.00,,
1000,0,0x8f4899F37BcaAF0cC000527cAf66966C00Bb2FE7,0,,,2548.99,,
1000,0,0x6853A044d60acADF7DdE0033a7D5bc1cD72eaa22,0,,,2548.98,,
1000,0,0xB743Bdc953113878606c93043F76bDADB2ea9844,0,,,2548.97,,
1000,0,0x7f07Ee2589Fc4C7F6fA75cfA6B4Edbf63a6f72cE,0,,,2548.95,,
1000,0,0xC7b89600E3e5bAdce5eD03ABD337EA9986645992,0,,,2548.94,,
1000,0,0x59994B4Ed3f7E17750ba9eC558211ccAf2376061,0,,,2548.93,,
1000,0,0xf17460c4DD6d475D0ed697596aDc9592F1d357B9,0,,,2548.91,,
1000,0,0x3Fd82cB074AA7701d4AEd9bd64650013D56c95dD,0,,,2548.90,,
1000,0,0xEEeb5f416879490a9210c5Ed16D2C5E23057D219,0,,,2548.89,,
1000,0,0x087d79E9D8E20a5e305169a4cE6412D4eF456F6E,0,,,2548.88,,
1000,0,0x567e7eD1c2A46E12563ED533522149DBD321cCE5,0,,,2548.87,,
1000,0,0xf2bd55C87313c359631e98e05B9dD0e4d7Eb62F3,0,,,2548.85,,
1000,0,0xe075dcBC703E50aaD8936DbDbb64F8CaA78aE859,0,,,2548.84,,
1000,0,0x33f342Ae65d61Cc1b6eb24834ecB7eef3C698c1F,0,,,2548.83,,
1000,0,0x802B4eC943c1C0B78be8F81240d124926767bc56,0,,,2548.82,,
1000,0,0x59175180fB006e776027fAE4603ebAd0C7102aD8,0,,,2548.80,,
1000,0,0x97534949291f0d50c8Bef0Ce588b24Dac8726fe7,0,,,2548.79,,
1000,0,0xD6E3F29A2c4FbB32714B65aCf9E6bDfb67dA7ec9,0,,,2546.52,,
1000,0,0x8c0790ab9eEE13A07Db207466686Db2aC8633520,0,,,2546.41,,
1000,0,0x0eedDebec211bE60da5e05184bCc630fCc48c1f1,0,,,2546.39,,
1000,0,0xbdFfB5E1519d00d9354771af9aD64211f5316Ce1,0,,,2546.38,,
1000,0,0x00e35bf95cC08b4136D64F203FD05B31bb96Fa40,0,,,2546.31,,
1000,0,0x91bbf07BA03A3ac19dcCBCE27A3d52e49F2B915B,0,,,2546.30,,
1000,0,0x0bf5dAC37d86EfEdafB3cbfBb5158cfFCBFa9666,0,,,2546.29,,
1000,0,0x3794700C08cef72C7C1f4780CFb7752b2Cf49184,0,,,2546.28,,
1000,0,0xbA48D17f8825d59Fb7d7Bd4c9B0fd2C6fbf9dDb3,0,,,2546.20,,
1000,0,0xAFF492F39AB214B8F8A9784ca4f4470A49Bb29c8,0,,,2546.07,,
1000,0,0x6c82b167Fc8D6ACd458307E6e9358E8c73E081dd,0,,,2546.05,,
1000,0,0xF55102F10F39D08525df0E7068FE48895CFca57e,0,,,2546.04,,
1000,0,0x4204aeA25F7A775C6A0fe4aA658f0C86fB8fD2F6,0,,,2546.03,,
1000,0,0xeEd4093B8E36dFA21B8fa666Eced9CE6F7f9B264,0,,,2546.02,,
1000,0,0x3Ab0263A76A1C2A2c3d70aebeB12FE841FeDc161,0,,,2546.01,,
1000,0,0x06Aa0eD7AE587e6C3979893C0AC81371bDC99244,0,,,2545.98,,
1000,0,0x09485fe5f6145D348D25C6844b9599A7F6e584c1,0,,,2545.97,,
1000,0,0x0b83F441e602E2040620F8997be17f9e19192a08,0,,,2545.96,,
1000,0,0x85845b9d24a5a82684A678c11332804C6aA098c5,0,,,2545.95,,
1000,0,0x2b6047d28192c269da2Cba5C6F54290852d6Fbe5,0,,,2545.94,,
1000,0,0xEaA0A8FE848EFd240D5b35A24694CED7B31cC6dc,0,,,2545.93,,
1000,0,0x29b1E4af860C7eFcEECfBea9DeC6382D44Bf70a4,0,,,2545.88,,
1000,0,0xbE52ca84AA74aE178a7c8e1aD8BCcfe7A08B7C38,0,,,2545.86,,
1000,0,0x400E6866B7A36997b72aAFc9486BEc6557369539,0,,,2545.85,,
1000,0,0x67770aac2bB73569AD869E3b1cB35A5d3BA78c12,0,,,2545.84,,
1000,0,0x83e43562B087198c96D37B13c8ac032f213d5D54,0,,,2545.83,,
1000,0,0x7f1E1c78DCB5649CB9640819a7F0608899e1708f,0,,,2545.82,,
1000,0,0x1CF038840A2f5900C39613f66396A4969220D8df,0,,,2545.81,,
1000,0,0x0c0EdEcF2c3A1F4e1846Fa87bBeE4934CBBe3a99,0,,,2545.80,,
1000,0,0x0773b8Dd5C8f552C53352FaBD90aF37593061faB,0,,,2545.79,,
1000,0,0xEeB22bD24B5B72dd07588Db6421D4E60B3Bcb57D,0,,,2545.78,,
1000,0,0x03AF980E75eBCB02B48acaE1bA4fa5DeD77eAa01,0,,,2545.77,,
1000,0,0xD680DAd36B769FfcE9ED7460550C7b5648D3c0c9,0,,,2545.76,,
1000,0,0xE703B7741cB64579cBe31d9716399Da34395CBE3,0,,,2545.75,,
1000,0,0xB7C74FDF42AF26E0D2a166D279aA74C7B1C64099,0,,,2545.74,,
1000,0,0xd099B41aC9eCD086185AE40453dF44e7e65059F2,0,,,2545.73,,
1000,0,0x62E75DfD7aF3d470f58a4200C52c017f92d17CD3,0,,,2545.72,,
1000,0,0x558cA37a81cE41AaE77060bb948405b7F212a0c8,0,,,2545.71,,
1000,0,0xFd818672363E4E8A8313124c7D07a472293E271F,0,,,2545.70,,
1000,0,0xf1A198a2fA37eE3f5366fB172E56a6cb7f63695F,0,,,2545.69,,
1000,0,0xDdfD131056bc0D0784B757b4557fe5414e9017Fc,0,,,2545.68,,
1000,0,0xccb1aa1c3dF28A35597115f2c9B750E1D9224109,0,,,2545.67,,
1000,0,0x42970e6EEa5E6fDa72D794F210c21FdE0E53dF7b,0,,,2545.66,,
1000,0,0xAcFD5Cdde8699077CD7650fa57f01357Ee3be1b6,0,,,2545.65,,
1000,0,0x4E911aa6dB13EAa598e227447aFd6e5500f8A631,0,,,2545.64,,
1000,0,0x6853aD00487398cEfEda732210e5A8929e1baf12,0,,,2545.63,,
1000,0,0x616ea1e963863417e3A51a5233b0E510FF0e87fA,0,,,2545.62,,
1000,0,0x079188029D95F9C140a977A8ca4b02D190bC528e,0,,,2545.61,,
1000,0,0x5E4D75C4cac0172339ad3b07E3b8B53BbAf0D7A1,0,,,2545.60,,
1000,0,0x7734f37C1f5549f6022c9eA07c9f076DD941a051,0,,,2545.59,,
1000,0,0x47a71c54830606CC57489761cCAd7662B742E420,0,,,2545.58,,
1000,0,0x479D4Ae542d4C87183BD1348450891C06657cbbF,0,,,2545.57,,
1000,0,0x58A4A3704E9b802992A5f671AA4436c6E165B925,0,,,2545.56,,
1000,0,0x84D9e463C1562b832E9e942912936F7e8F6442E7,0,,,2545.53,,
1000,0,0x3f894e8e5ef23A1fE810712676BDC772bdeE6AbD,0,,,2545.52,,
1000,0,0x9ecC28C3617E9E2D11b830dd949F7250d58fa6b8,0,,,2545.51,,
1000,0,0xbeb7fAAF79A523b16d481B3350DCA7f2d5231D94,0,,,2545.50,,
1000,0,0x2E2A62392530E3A18b5cC38cb5B57315FBD29a1f,0,,,2545.49,,
1000,0,0x4a3269bE42c57e4FA589eAb5a8D5A737E26DaE74,0,,,2545.48,,
1000,0,0x7Bd407954783931a6Fe028494342cc7d7d0CDec7,0,,,2545.47,,
1000,0,0x563A8Acd80C73f48A9A92d0fa1A6D0D7e236fAF6,0,,,2545.46,,
1000,0,0xdE268D208C40dD9df2f322F198F8e46d3E161Ee8,0,,,2545.45,,
1000,0,0xE79E10555588d009782826FfE071428d85042f06,0,,,2545.44,,
1000,0,0xD8BBa9D14A54178C3985824d8D5667EC713AB34f,0,,,2545.43,,
1000,0,0xFaa5c724b058452AF262Ee03196A0Ddc3D7a807B,0,,,2545.42,,
1000,0,0xB9a020f63844f3EBc109D7bCd7e2D0F6d0587558,0,,,2545.41,,
1000,0,0x8e4a0CDaB803D02615eA6A6909e65b2169B65d43,0,,,2545.40,,
1000,0,0x595Cfe5Fa73A4515cD7CE3fD550904beb6F3ca63,0,,,2545.39,,
1000,0,0xB6ABB1b98deB1332Ff2b0dD8907C80aFd0E6964e,0,,,2545.38,,
1000,0,0xB30F1473C275A4a7AdAD93663b23C5575E9a6894,0,,,2545.37,,
1000,0,0xdE03c6f7A02B4a5A277E8564b22bed61DDDD14B3,0,,,2545.36,,
1000,0,0xb5749951C428D4246a69B330F9b89901355E7C0B,0,,,2545.35,,
1000,0,0xd56d2b498D31029D431cFF02bBa001Cfaf3A7a7F,0,,,2545.34,,
1000,0,0xDC9FcCD07e57fBf441aCd9051947b45AF8bA99d8,0,,,2545.33,,
1000,0,0x48502B5d3998395a27836EBA15CE2Edad11884e6,0,,,2545.32,,
1000,0,0xd05AAad19f98e0a6997c7de3827b1c4D00D0eA8f,0,,,2545.31,,
1000,0,0x278687A34b1C601E7a1E1185b87352295ccdE5F0,0,,,2545.30,,
1000,0,0xE0bf18F38A741e406199B2894432c354F5408D28,0,,,2545.30,,
1000,0,0x7c4AF5DD5309BD4Cd602cdF8321e24920bD31C1D,0,,,2545.29,,
1000,0,0x8F88d678926395192DEFA10CD9f1bCbC79487De9,0,,,2545.28,,
1000,0,0xbF3A34382a7579c7AA291CF6944404F2d5a35B5A,0,,,2545.27,,
1000,0,0x0f2be8570E6adc6d55E353A9b1Ae5C0B6568Ad89,0,,,2545.26,,
1000,0,0x466F035bAB934aA93008F00976cD00Fe891d23D2,0,,,2545.25,,
1000,0,0xfF4716C0623448bE990dDc05D7D4de173e6e3178,0,,,2545.24,,
1000,0,0x1a25e62e0C3b64C711307aA41190a96f7ee8CAdf,0,,,2545.23,,
1000,0,0x4F17fACeC59eEd1A61D04Bc98b9060C6553035e3,0,,,2545.22,,
1000,0,0xBfDAeC2B98B0c58d4A37cAd367995B259432F415,0,,,2545.21,,
1000,0,0xfC659EC32934584670725B194e3b4dC01e80Dc9d,0,,,2545.20,,
1000,0,0x9FBED5Bd95f369bB0E489A77993A2D2445768216,0,,,2545.19,,
1000,0,0x38B6b4C07038026F0357C3Df6040B7665Dd12dA0,0,,,2545.18,,
1000,0,0xbE8B8838698262a593a86a4fE33a3c6e5F53d7E6,0,,,2545.17,,
1000,0,0x1612f54A9AE082A70c83C92304DA85215e4d0986,0,,,2545.16,,
1000,0,0x3A169C7DBa6516132Bd8c4ef9a3065a5737650Ca,0,,,2545.15,,
1000,0,0x062a4c8A7163999eaa256dd0a93212CA9C74aaCc,0,,,2545.14,,
1000,0,0x4C68cE7C50da242522E040C4A04F5941926ce757,0,,,2545.09,,
1000,0,0x3A8A3e951f3fF04Fe764Da08C9BD2E5Cd56986a3,0,,,2545.08,,
1000,0,0xbfF2003D9a82375A047Dc53b5b76C144bE3426A1,0,,,2545.05,,
1000,0,0x7f574AF892072bd6C8158C00ABB1d1F51f67864d,0,,,2545.04,,
1000,0,0x7e12E93fe9bb4e3062128612199959fE0daC2386,0,,,2545.03,,
1000,0,0x09959606639c4B89788aC741505CEAF410815c98,0,,,2545.02,,
1000,0,0x7A6E34EB4281F22EB5424Db11cC30f8A201855c5,0,,,2545.01,,
1000,0,0x47ee63b3FB6e369C34b936784d09c94CFbE7dc74,0,,,2545.00,,
1000,0,0x3b53bE59fbfff9Cd497f08E7A54bbDA961f388D0,0,,,2544.99,,
1000,0,0x0EbB773e20791cF710Ad5a6a0D4239ed679Ebabe,0,,,2544.98,,
1000,0,0xB86953f10281FFd2aD8FeB1A5591dd0D2ac29004,0,,,2544.97,,
1000,0,0x6904933AE02B86855658275b040fBD57172896bc,0,,,2544.96,,
1000,0,0xF482Eb2F988A3FdeB8439ff4Cc8852493e3D1202,0,,,2544.95,,
1000,0,0xA2a59aBcFD0FE8032Dfb4E37f9b5Cc0eFb73934B,0,,,2544.94,,
1000,0,0x0D79ccBD24b5aB632eCc230BEfCA37D06A4EbdAd,0,,,2544.93,,
1000,0,0x4FBA8F3c0c12fE9f5025Cd70417555822Bd76457,0,,,2544.92,,
1000,0,0x4477B117C56B3444C7405811b471131518b6062e,0,,,2544.91,,
1000,0,0x6aBd9A038cB2bbec6bfc3fa841F90c4dFe8Fb789,0,,,2544.90,,
1000,0,0x16Ca63Cd25d0983B7C4Ad9bD07F7974C0A516E83,0,,,2544.89,,
1000,0,0x97695b2E6aEdAfa59eccE614053772E6d1eD4432,0,,,2544.88,,
1000,0,0x360F236E9C6A458F2e017b8EcAb564f3b97f8fE2,0,,,2544.87,,
1000,0,0x212Dca937c210d6415ef6870584AB44669f37858,0,,,2544.86,,
1000,0,0x6d706354D603Fbbd3E44f7DC148f676c5c2425Ee,0,,,2544.85,,
1000,0,0xA4e8459F8C8baA17388Aa12FBF27562B834b6fFd,0,,,2544.84,,
1000,0,0xb78433184f169E9EeeAD9DF848aF33620d92475B,0,,,2544.83,,
1000,0,0xdFDbc8fa4DB78001C906d65D77D02C6d27dd4095,0,,,2544.82,,
1000,0,0x2D1dA4bfC0a0D73a1bCd2069B1a8e987CdD86b4c,0,,,2544.81,,
1000,0,0x5aEFF48DCC46A68ba5633254432BB1F580d3aE97,0,,,2544.80,,
1000,0,0x352661231690c0A6959134ecDae1885E6A443c33,0,,,2544.79,,
1000,0,0x50C3E5d1b9B94573818aC1A05E7a77eA6d5221d1,0,,,2544.78,,
1000,0,0x3B574dF5a003f89F6bBEfc02C9fd1E5FB508583e,0,,,2544.77,,
1000,0,0x1de64C69cc0678e7b8E0E620D4A8F90aA3322921,0,,,2544.76,,
1000,0,0xcD018Edb068FccaC66dE506FB9a967ED1f9daF21,0,,,2544.75,,
1000,0,0x16FC0Bc8eD542208c4c4246Ab2Ae1869f4AfbC7C,0,,,2544.74,,
1000,0,0xFA2Feb6a3f3fBaed53c45f1041cca5f1422A9d02,0,,,2544.74,,
1000,0,0x8881b1195B97C07286FbAc3716d87e8d6974bcE8,0,,,2544.73,,
1000,0,0x61839915e9E63a582DBA4cCf799a2525cE410329,0,,,2544.72,,
1000,0,0xa342C7a36b90F5D75699Ae8AeC4E804d49F23275,0,,,2544.71,,
1000,0,0xD25E09400aD0eF768fb3e0cE0F96561cb746DFB8,0,,,2544.70,,
1000,0,0xD0951Aa5ee68C42EacBdFBb46b94b28744A89f1B,0,,,2544.69,,
1000,0,0xD894027627eBcc8C1b2C749cAe2e0484389Fe215,0,,,2544.68,,
1000,0,0x9ad6346Ec9D567b1E928AE231114627e381Ecb39,0,,,2544.67,,
1000,0,0x43F0f244153640095E869eFf1e06a97c26aC8118,0,,,2544.66,,
1000,0,0x04a436f00c642DBc1Cb8592519337241c7D1A2bd,0,,,2544.65,,
1000,0,0x6991edb6185d613f398721BB2e0c0e55A1e0Cc91,0,,,2544.64,,
1000,0,0x1A687fA0cDeE3fA7A3e3aea030D8d0155550Cbab,0,,,2544.63,,
1000,0,0x0888d5B0A9157439b21BF17b33B94a9B88772304,0,,,2544.62,,
1000,0,0x272BB2604Dd482C44E040A42C4DA336b57E56984,0,,,2544.61,,
1000,0,0xe485c5f2d7d75868a4bb26d6d685A4953C465e1f,0,,,2544.60,,
1000,0,0xA4451E2EB213175beE5A517703F984e0bDcF3679,0,,,2544.59,,
1000,0,0xE695600d853B49b91cB668Dc4B9D908DdB6620f4,0,,,2544.58,,
1000,0,0x3E0F75825Eb6F44afD540AF466bfcE3535f75a60,0,,,2544.55,,
1000,0,0xf411Cffad9b9a0aC1170E6871832337323f8c90B,0,,,2544.54,,
1000,0,0x33a87fbc822FCc96c4506ED78e2D6Bc94CDd4a8B,0,,,2544.53,,
1000,0,0x49E4aA792BAB28636e8a300e01Bb15cdf5Fb9054,0,,,2544.52,,
1000,0,0x02e490D75C89624c694301eeC5f0527a5ACa9c47,0,,,2544.51,,
1000,0,0x30dD608BD3a18B7555bbBa72dAFF8B7Bdcd01085,0,,,2544.50,,
1000,0,0xebCb77A4906Fb73C895A77F13379804F24Dc59E0,0,,,2544.49,,
1000,0,0x4a97B7D5283d4065743722aCCE750db2dc7FEAd4,0,,,2544.48,,
1000,0,0x0C1618055269bbd0342b0F738661CC1F85DAD37E,0,,,2544.47,,
1000,0,0xa54E02f4A325Ae463b60892EA5011aFD80ed727C,0,,,2544.47,,
1000,0,0x7A78D8FEa6e5825066663A9229c7D8fD2426aFB9,0,,,2544.46,,
1000,0,0x00798bf28CC992b37fab57aFaA44E87fDaCa55e5,0,,,2544.45,,
1000,0,0x90D9C0D521b29e6E6F3828cdDEe558d24933945B,0,,,2544.43,,
1000,0,0x745AAABedEA69fea991b640132d851e26F0adBDE,0,,,2544.42,,
1000,0,0x7535b813f0d2f100969711D34035491e0342779d,0,,,2544.42,,
1000,0,0x587f9946bc1D92fA4b3B14a62208748DB20621BA,0,,,2544.41,,
1000,0,0x2F42D44613ea53865fc1749F727fEaE8E41239af,0,,,2544.40,,
1000,0,0xa04dC8b60c723f947a2Df2aCA462f7471875155F,0,,,2544.39,,
1000,0,0x287ED3178d880ec0AC4ae9DD209390e1F51826BF,0,,,2544.38,,
1000,0,0x6816e1aC597EcA0EF7811F3E81a2E76234465d6a,0,,,2544.36,,
1000,0,0xde71251ae59b1f127714223B3d9883158fB582Ef,0,,,2544.36,,
1000,0,0xFbEeA92bdf1Ba48a66b90E9F84F9A3985D6ef54c,0,,,2544.35,,
1000,0,0xEbf61BF251D162CE7aE6d617831AB745F4BC3731,0,,,2544.34,,
1000,0,0x7C83b0ca30b29D5328381B7C1e4fBE6eb7B6CB26,0,,,2544.32,,
1000,0,0xCDe018864f802122df9B6b4029fa8a4d3441aCCC,0,,,2544.32,,
1000,0,0x452a766a1023b4FE8b273a55B991f88538d0dDA7,0,,,2544.30,,
1000,0,0x54FA8F117AA41418F88E4a9cB0fdfF2B6B73231a,0,,,2544.29,,
1000,0,0xf262cA999d4a6b1D3c8aE42E1736E5ad650eeDAB,0,,,2544.28,,
1000,0,0x3e3B0e437E89831dc97ee726789741E3316d252D,0,,,2544.27,,
1000,0,0xD1e4933D505dF7cA9a701b23eC495fE008ec4EEA,0,,,2544.26,,
1000,0,0xcaee4f980eE92d49891e161Cb08268B1Edd4c417,0,,,2544.26,,
1000,0,0x07809C47ee0781c8D812C4Af6136437BBfd70Bfa,0,,,2544.25,,
1000,0,0xe09d0c0E679C2eac66959819fCc1bd9837989cc5,0,,,2544.24,,
1000,0,0xf48F088Bf53c3FB17834501d70ECC987855d5b8f,0,,,2544.23,,
1000,0,0x30849b439c9F0b7831BC9E43Aaa91EDaDc5b5C5a,0,,,2544.22,,
1000,0,0xeFc2f5f726839bB3257B586789Da9B50921B16F4,0,,,2544.21,,
1000,0,0xdF71831dF9eF8682f801818Ed1F5B56440A4F8cb,0,,,2544.20,,
1000,0,0xCEe3eB98D03A9fC55C712E36f031a4e0Ad965DFD,0,,,2544.19,,
1000,0,0xc21c8a87Bc701Cb3d74c0B741D4a26464D58AC9f,0,,,2544.18,,
1000,0,0x703E98568F75536603Cd05503a4b091D897Ab0ad,0,,,2544.17,,
1000,0,0xf75CF99F9331b93E73a88C1a786C36210588cF40,0,,,2544.16,,
1000,0,0x94d94C69150fa5e1D3Ea05aD11867E400178242C,0,,,2544.15,,
1000,0,0xa021a1F2FDde84FB95E14b0072F104a393EBdC19,0,,,2544.14,,
1000,0,0x7E0320440436E844F21D82aF53A3027f595d3d64,0,,,2544.13,,
1000,0,0xE343d788124547dc20425600537AeDD1146CA989,0,,,2544.12,,
1000,0,0x969a4372f484a9E74B3A9865eb11C9D0989e0561,0,,,2544.11,,
1000,0,0xdC07A6C6A98C9fc0Dd5c8C778b9133A3d1fcB22D,0,,,2544.10,,
1000,0,0xB358c71af3a9C6814859841B1c4Bc2527e928142,0,,,2544.09,,
1000,0,0x9D86Ea41e00ce79e48A32A08eF740D8Baa9AF860,0,,,2544.09,,
1000,0,0xC6dF2b36172fd9fE339f64d0d2e00dF1a591aa64,0,,,2544.08,,
1000,0,0x26e3994b420d282Ab76Cc6dB585A5f1bCA9Bb84d,0,,,2544.07,,
1000,0,0x4Cd27DFdCEB351c693D93C32E63C535Af1Ad3175,0,,,2544.06,,
1000,0,0x373bE2Fff28D2bbeD9758e81aE2424c54783898b,0,,,2544.05,,
1000,0,0xe49d89EEd79f12fE56a1976Cc5981ef3Ab3745E4,0,,,2544.04,,
1000,0,0xC50e782306ad7789c91cFd174EA2103D0a05581D,0,,,2544.03,,
1000,0,0x67E398d61932d5e2902553D300485ace73c51030,0,,,2544.02,,
1000,0,0x18099f39dA26e46A3bc27DfC10608536EAE78253,0,,,2544.01,,
1000,0,0x78a8d98164e1674737065531D7d1e568210a5d18,0,,,2544.00,,
1000,0,0xd0057Df1aFd9bEb76748aEec070a541b88A417A8,0,,,2543.99,,
1000,0,0x4bc980B6dFbC389F9AADD2885bc8308D8CBf936F,0,,,2543.98,,
1000,0,0x9013b8BcC7E9536107FCD04E886D61e780865b3B,0,,,2543.97,,
1000,0,0x0a9aAE6765906652b1bc8225DDBdDb5845a18dbA,0,,,2543.96,,
1000,0,0x0D3A5FF7e5d8b54DbBFf8C88A370fdE847498044,0,,,2543.95,,
1000,0,0x42aFd55f7Fc9C473379EaF80cE996443801438F6,0,,,2543.94,,
1000,0,0x54a3DdB1CA5d6BbaF1b832155cb40312d6632176,0,,,2543.93,,
1000,0,0xe51e1f0DC8316f60DAF5288e9Ca4A1C4D315Ea2B,0,,,2543.93,,
1000,0,0xDaEe4C458fd34Bd39F0C1470208830139962BDC1,0,,,2543.91,,
1000,0,0x1Aba0208bF342E9e8B961c01A20ab8C90A761aC1,0,,,2543.91,,
1000,0,0xcCFFb68b92C7C1403ce9b0B127efB26691a6267e,0,,,2543.90,,
1000,0,0x9333195F7043b2DB84cf72ED5c1E48Ad0Dd4c055,0,,,2543.89,,
1000,0,0xa0c1b40e0d1495C38814feFec133388FeC7C9eDe,0,,,2543.88,,
1000,0,0x2484874260E412683088fA0Ff734D03389281345,0,,,2543.87,,
1000,0,0xa08795e26b897B8fA7A1E4d84eB204b476D0F6c2,0,,,2543.86,,
1000,0,0xA4427741645500c5B9928E7Eb6a2697533A29A7F,0,,,2543.85,,
1000,0,0x9DC6Afbbf16319507A3847dAc020a68066787634,0,,,2543.84,,
1000,0,0x0452D3B24f9bE1591100795b0ad14d101D0ed020,0,,,2543.83,,
1000,0,0x77b90D81B32b2377895dd10FD6f9775A01c00c15,0,,,2543.82,,
1000,0,0xF643Bbe150Bc3f9a9b94d46A0dC0Ca4D5019fd73,0,,,2543.81,,
1000,0,0x04Daf495920f49807C05484aBF325a2f7c45FFFE,0,,,2543.80,,
1000,0,0xdAea24265B08ADE9a85B59c69bC42e36b90Fd821,0,,,2543.79,,
1000,0,0x960018eD4995c3059F3528605b6D0aD0acb849a6,0,,,2543.78,,
1000,0,0xB68FD7962b1ADa7765160918dF744e5BC91A18cc,0,,,2543.77,,
1000,0,0x39233c1b13c0A49694cE01dE061861F49ae93d66,0,,,2543.76,,
1000,0,0x46C9081abE8560Cb4983C6a7225EbFB295C320bb,0,,,2543.75,,
1000,0,0xDA6E6EA73e06a6d1DCA1fC4AF322FCf160Adb115,0,,,2543.74,,
1000,0,0xDaE8B0E9F554C82f686FbCAb1810d6B97250C282,0,,,2543.73,,
1000,0,0x6d0cCed8f93E6F95C10C561FFED30Fa670267681,0,,,2543.72,,
1000,0,0x29d3e91Bb667D98151581d3bc1A9c385bc124143,0,,,2543.71,,
1000,0,0x366AD25Ea54AC19b1EC1A75F7D23b90bDC9341D9,0,,,2543.70,,
1000,0,0xA11BeEA5e6C9e5caAB2b24C5Cb499EE85e497c9F,0,,,2543.70,,
1000,0,0x404D9f5dFACeddF75fe977a53959fbb800Bd2730,0,,,2543.69,,
1000,0,0xa2e7B02F213B7d39bA96cE499fa331702a9518A7,0,,,2543.68,,
1000,0,0x405CBaFEB71306F3867A4BD65A79F2B1B8201006,0,,,2543.67,,
1000,0,0xBA3D48C75288a3feFe4EBDC54B591333E76C7107,0,,,2543.66,,
1000,0,0xb5Ad22dee057D468d6dba45068F18a4406A5675c,0,,,2543.65,,
1000,0,0x57551cdfADd7f84753F7b88393E0936BFCFAC714,0,,,2543.64,,
1000,0,0xB9C6b9862909F24c33eAbA1B80374b84568A8F88,0,,,2543.63,,
1000,0,0x16eF8f74129C0851159e74f1B11039784e0B1a6f,0,,,2543.62,,
1000,0,0x6411A59D67C87A630F1eF41879dd3Cc683beecC2,0,,,2543.61,,
1000,0,0xc0bFFEEF2012c263B0bAd9CE4104840975af5711,0,,,2543.60,,
1000,0,0x6a1ddBCCeDFf6A991387Ef1cA115d402cDc921A9,0,,,2543.59,,
1000,0,0xde96A1534C38e1bD43C1568D57B9C14C253Ba6B2,0,,,2543.58,,
1000,0,0xbd3D5297C517Da60a2268eAF26dfb48048c42abc,0,,,2543.57,,
1000,0,0xBF9F9237A4517A294A5Aa2D0AF58064bB0Ae2E05,0,,,2543.56,,
1000,0,0x82A02c4BfDECFDb036Ac56E855DB754aD96a837C,0,,,2543.55,,
1000,0,0x41E29292Ae02156ce9924516347736DCf0E8e701,0,,,2543.54,,
1000,0,0xBC2b9e9548020909eaB88DcdC288804dFe421e6c,0,,,2543.53,,
1000,0,0x07B5EE2B077acc5f2D0b74b0C6452357ebCC5642,0,,,2543.52,,
1000,0,0x24079C3F45c4E6Ef17D483Bdd8Eb6d76Cf2C7f64,0,,,2543.51,,
1000,0,0x39F44E11571537af26c06f91C61d4a2EE6b24c8B,0,,,2543.50,,
1000,0,0x129BD9eDe713442DBA4af8276783c1065351b6E1,0,,,2543.49,,
1000,0,0x312205A59ACF44Eb5b9b08f6165700854128c475,0,,,2543.48,,
1000,0,0x394aF12e6dB6eA9783Aa3BE92573B02128c6a304,0,,,2543.47,,
1000,0,0xe8C304302f7e6241A00062603E1cE1402C38A938,0,,,2543.47,,
1000,0,0x1DeAad002B35E879711Fc8EF9f6F269035580Ce7,0,,,2543.46,,
1000,0,0x2d185b43a2302BD1f0484fCC1Be1260fA4f4A0aB,0,,,2543.45,,
1000,0,0x6045d84FFB1a83ccB7C30aa5899c9636D9bDe8C3,0,,,2543.44,,
1000,0,0x5054707c169A6fE1E9b2Bf50FfDa0Fe9CdCE0ac6,0,,,2543.43,,
1000,0,0x9AE610a5910d26eFc67c912E2048Dd32Fd6f2de7,0,,,2543.42,,
1000,0,0xE4247e02c16c082107CE20470289211fffBd83Aa,0,,,2543.41,,
1000,0,0x99bb02f03A020B7176cE9B09AF4477a529E4404d,0,,,2543.40,,
1000,0,0x34c9A681176579bDDCF7fA1A7d50deC7a69Ee8Bd,0,,,2543.39,,
1000,0,0xd1f2557FBBfc3d3b7393d7eec7D4017013A179a8,0,,,2543.38,,
1000,0,0xab5956Be9eEaeFCE8884322dE3505743881B514D,0,,,2543.37,,
1000,0,0x916e36Dc45dDa43D6cBFDF431180517889d60cc9,0,,,2543.36,,
1000,0,0x1F45c734F98A9E592cc41284574DBE47da9b3c60,0,,,2543.35,,
1000,0,0x7980231363Dc6F402f3Bd345aF088bB232687897,0,,,2543.34,,
1000,0,0xB9B42806c2330a2d7dC339c6aea5E2f412a0a47e,0,,,2543.33,,
1000,0,0xC5E43bc3B7b2DDdd8843229AE34325509258843B,0,,,2543.32,,
1000,0,0xb6fe5B3430A33096757835cD3323FE942E7FE369,0,,,2543.31,,
1000,0,0x2eCA738EeE65e04833A782b39FF45B41e3B9D460,0,,,2543.30,,
1000,0,0xEc12E8d3F91dc48c0FD433ea019a2d207B5B765b,0,,,2543.29,,
1000,0,0xCff8cF1D91449616dDB6b2602d640Ab1ca134240,0,,,2543.28,,
1000,0,0x727F87ff373192e15aE507E3c238EC8bCE16a951,0,,,2543.28,,
1000,0,0x0E7C268778D41981F5777F5cb39d6c3D707Aa95d,0,,,2543.27,,
1000,0,0xB70f28F14595987829e56CF19A3017603676c5C2,0,,,2543.26,,
1000,0,0x7A67235C5f179B46C089AfC40C412E0aCcA14556,0,,,2543.25,,
1000,0,0x671778BBcef8363B2925a066A9137c843e73f093,0,,,2543.24,,
1000,0,0x0DDA9d8f87e982112015108bDc5845869A475c57,0,,,2543.23,,
1000,0,0x7C83F856A71331b2d66Ac0E5C2145d9f0D3da224,0,,,2543.22,,
1000,0,0xc293BBd603C8b064b98530eEe32045Ff38201eBa,0,,,2543.21,,
1000,0,0xBbd31eE395750E4934CB47ADb6aE42Bcf3B92c28,0,,,2543.20,,
1000,0,0x92E59E46aEE0E2dFAea34b62156662De474EB476,0,,,2543.19,,
1000,0,0x9686B827b7A434f69c5a29ca6C69e339ad6733d1,0,,,2543.18,,
1000,0,0x0512BfDf2f93b58a7A2b11F00616DdABEA1ad5e0,0,,,2543.17,,
1000,0,0x2027802939358b6Acc0DAE600C543651AA7b599E,0,,,2543.16,,
1000,0,0xcCFD134938AbC98D7c2a46C05c120F1254DD3b96,0,,,2543.15,,
1000,0,0x31149AAEa087b33e3bE9a75d015ee6164930EF71,0,,,2543.14,,
1000,0,0x08b318bb3A4bdF361d4514a00de9b2b71085C9b8,0,,,2543.13,,
1000,0,0x0b0655Fbf7b4cC1E4AA8383C27a5aD2Cf4aD3050,0,,,2543.13,,
1000,0,0x3a1C8acA3357B8786aC5DB1F946A3f91E56Da5A4,0,,,2543.12,,
1000,0,0xaB1e5ac5A953DDcBc492313447cfD10fAEC479A1,0,,,2543.11,,
1000,0,0xdaA69751F06f5830D9168d6dcadB637c02F6c22f,0,,,2543.08,,
1000,0,0x5466359B0f86d7FD4ccb9B3A7e26AFc18d708443,0,,,2543.07,,
1000,0,0xc5B40D7d148B38A9874651E7718eb23A2814A16f,0,,,2543.06,,
1000,0,0xD435F8359979aB2dbb5F4356557b00BC5f067e25,0,,,2543.05,,
1000,0,0x3B1c27d0Ca59019A0136FADC46E88524f4561F49,0,,,2543.04,,
1000,0,0x14b01CfDe440b91b9A679EFCeB29e6304b648769,0,,,2543.03,,
1000,0,0xfFA2d2fAE215f2E77a5BF5C7C84c1136E87Bd37B,0,,,2543.02,,
1000,0,0xE5268a4ff9655618b349B7Dd060316dA2096E783,0,,,2542.98,,
1000,0,0x5cc3Ea14a3438A11406375020a900e80f7D80d7b,0,,,2542.97,,
1000,0,0x515DACC9D5C7A1A2FB1B942303f8d527f3c6f820,0,,,2542.97,,
1000,0,0x4c36978C5aA0ddFb02C5dFC771211Cc65b11F372,0,,,2542.96,,
1000,0,0xD8eDDd2018B051Ab63d1Fe3e409703Cf65741E4e,0,,,2542.95,,
1000,0,0x9F597AF9871052BF617Cd2F4ADde246D9BD44d5a,0,,,2542.94,,
1000,0,0xeDC12EFc564b940A5A1D85b9c79Aa8C62a26e903,0,,,2542.93,,
1000,0,0xd628551741799643581bf11d57F69f34F021AA01,0,,,2542.92,,
1000,0,0x56a3D1bE3209EfacD8746c81032470A2ff32b054,0,,,2542.91,,
1000,0,0x7261991424a394d34d2048D950F6BBB28C7247f1,0,,,2542.90,,
1000,0,0x8FCfF71F6a5c1d41Cee70F64c79769b51d14b05D,0,,,2542.89,,
1000,0,0x807F8ab7A7049fBAE6d109D922644B406b388AA9,0,,,2542.88,,
1000,0,0x118FBc1938f9a047CE1E7942Acff929fD65EE74C,0,,,2542.87,,
1000,0,0xBA0684A9C4BA26c5a44b526B582eC08aecc3104B,0,,,2542.86,,
1000,0,0x7705Ce4673741B128A1649Bc24Fb34fc5729c5e7,0,,,2542.85,,
1000,0,0x54f7852297474F857c3a2cfd1f7b8E5ce3D2e7f0,0,,,2542.84,,
1000,0,0xC091ea84Ed2664f52365922f154c7376133522F3,0,,,2542.83,,
1000,0,0x4c3F18C27AB624da706a425C47fADE6CEc7CBf37,0,,,2542.82,,
1000,0,0x95c8dE4Cce6949e3ad9f517eaD87941bd21d5496,0,,,2542.81,,
1000,0,0x82690B6909F40E65D779Ad45220B4B34300D2162,0,,,2542.80,,
1000,0,0x7fB02a2d8B737aa138AE22Ce23BE61695D9C3Cb1,0,,,2542.79,,
1000,0,0x4849A284F683AeDAF9708C07d586C031497cC7c8,0,,,2542.78,,
1000,0,0xB3896079f5A2f6a272f03b32Faf075a904408b74,0,,,2542.77,,
1000,0,0x86063a287B615BF0F254630FCE8Fb21615aAd6Be,0,,,2542.76,,
1000,0,0x78973B73B8410D97B809147157897a430E476610,0,,,2542.75,,
1000,0,0x4f9ef6e59F3d0fdEA891e482D7C042ce9E1e3d96,0,,,2542.74,,
1000,0,0x737CA7AF8d6d1dF9c8474956A037ed3665283723,0,,,2542.73,,
1000,0,0x759f99FF31CC0d3660c55bDC8ED522BB6A6E7175,0,,,2542.72,,
1000,0,0x05cdEfB377d2e6F51E4d34c11021A8C6283bcd34,0,,,2542.71,,
1000,0,0xae1820b5d0936096126FDA03545738C86303C5D2,0,,,2542.70,,
1000,0,0xbe54322D5804E426fC365e3831F8ACBac3167192,0,,,2542.69,,
1000,0,0xb3031B09730F28A43Df3E5c303f89448Bde3Af6f,0,,,2542.69,,
1000,0,0x1c3527A62C25f80cE317FD77225663e5321Ee801,0,,,2542.68,,
1000,0,0x51E0639D341E59b4dFC72c789C5A37D711834f55,0,,,2542.67,,
1000,0,0xa764cA6d7c02271f62E419fb8862BcEA8E41603e,0,,,2542.65,,
1000,0,0xa74625Af7208800b1145315448e4032ea6c2dC07,0,,,2542.65,,
1000,0,0xb8A05963Ca067fE524929cD10B0eDaDACd9BD159,0,,,2542.64,,
1000,0,0x84b9D709fB8b3c681Dd4ED92f502E12C38806F48,0,,,2542.63,,
1000,0,0xB09e366a9BAf8278EC8f970bc0B51Fb03BcAE293,0,,,2542.62,,
1000,0,0x8c27d08BED788eAD5E27b994e9987C3151058EDB,0,,,2542.61,,
1000,0,0x6930AA87fC4433622b9764A872a8F9ccbddaf6e6,0,,,2542.60,,
1000,0,0x3d8ECB80f921bebe7e72d90ACC87e198737b210f,0,,,2542.58,,
1000,0,0x56df9063cFf40bb86a67A6e1729A9C73f60d06cd,0,,,2542.57,,
1000,0,0x3715df8460d59db9eF502A6C727FFc73ce29ADC6,0,,,2542.56,,
1000,0,0xFEDD5a05Cf167763Dc26b9CFb295102e007aC866,0,,,2542.55,,
1000,0,0xB16C620333bA5223FaD8B7A6f735A275F9D42009,0,,,2542.54,,
1000,0,0x7138C6143f9b993e6bFa9EC8f372d95708A949b0,0,,,2542.53,,
1000,0,0x58fc76671A8573Bb24B29b2fE93af8055f48C2D1,0,,,2542.52,,
1000,0,0xd378bD99156ea682a536DD3c908045506A17b5fA,0,,,2542.51,,
1000,0,0xeDD776Cf5bA438dd88fBc7C4089C46c028B17c5a,0,,,2542.50,,
1000,0,0xb5442958758bdC964079380f89d8d92068448619,0,,,2542.49,,
1000,0,0x34E94667CCAeD5BAd18629Ce9A5AcA2bF8c7c685,0,,,2542.48,,
1000,0,0xD8dB75402c088266bC78BC6142E69c8E647eA2C2,0,,,2542.47,,
1000,0,0x3d947F0a05bBEE38de55b6B121271fe597a43589,0,,,2542.46,,
1000,0,0x7b2CF7c7569bE7c99f8d4A30D9ee9dE1847D7636,0,,,2542.45,,
1000,0,0x88f4700Ee3f6dC214e67eA1e7Dc38C0a22677E1C,0,,,2542.44,,
1000,0,0x0d78b82561623D47862002F15D51845E494ba826,0,,,2542.43,,
1000,0,0xf59b504eE6BD004b94eb575cB7cAB061117904c3,0,,,2542.24,,
1000,0,0xa288E2981125B3ac3323E43C1492Db618479C203,0,,,2542.23,,
1000,0,0xFd487e9245eF2E3f0A42aB5f076245477945eaa3,0,,,2542.22,,
1000,0,0x0B8E78311e6e893806eD78f5ef004B2De9B5f0a3,0,,,2542.21,,
1000,0,0x74fD28132f92664Fd55515118dbbb982668295b6,0,,,2542.20,,
1000,0,0xEEB1a641621804ED83f67e09F1645938A9216eEd,0,,,2542.19,,
1000,0,0xa26a4DDBBB1669Fe4f21a815124BAd75496F51E0,0,,,2542.18,,
1000,0,0x3FBcb48Bcd5aA2f2993c9a514B2028589dC5bd58,0,,,2542.17,,
1000,0,0xcD2e98b49F22DE02C74D6a20488A99504816AD25,0,,,2542.16,,
1000,0,0x88Ac0B33dAA1F0737db7667912Dd65A83FE9bf61,0,,,2542.15,,
1000,0,0xf5D60D9349CBbF131b85418c3687Cb3D24EA56b5,0,,,2542.14,,
1000,0,0x2c79c32dE548f48fEaC1042da06362Db00DE511e,0,,,2542.13,,
1000,0,0x71BFA9a7978De7ac9fc83cC540b1B9f78A21EF30,0,,,2542.12,,
1000,0,0x345adEc0dc89d49E78aA46fC4e4d0FDA6aC01267,0,,,2542.11,,
1000,0,0x1021A0a2082C68A6A50D2BA50D06CBb01F3277d4,0,,,2542.10,,
1000,0,0x3fF6e40ADdCB331a7e27968A1495629F621637D2,0,,,2542.06,,
1000,0,0xCe597048D930Df01741A6a78580BB36af077A6dB,0,,,2542.05,,
1000,0,0x7111e8bb9749926158F1ee086958DC083922b6f1,0,,,2542.03,,
1000,0,0xAF898A270b5dB1dBb33C678eB1Ef7985D69ECDD3,0,,,2542.02,,
1000,0,0x0fD2994C71598483eFEfC2A7Af0c89EFC14cE4f5,0,,,2542.01,,
1000,0,0xAC3d8e29e36AB01124353CF351de392566f10acf,0,,,2542.00,,
1000,0,0x0Db1F5f4a95DeA6794C6Dce1Bb388Dc0733d7751,0,,,2541.99,,
1000,0,0xa6a97A58Bb3D540361BA7787f2FB85A111EE76D8,0,,,2541.98,,
1000,0,0x30988BaE3d98433fB3f073D0fecB9CAc5a0C6B89,0,,,2541.97,,
1000,0,0x508351D916DBD65369434D45460bDeDA0751FF65,0,,,2541.96,,
1000,0,0xDC90F19e91020CA14ADA204EA32845D2a8375208,0,,,2541.95,,
1000,0,0xfd2Fc38e09b6Cb4F1eD663672c817Ef949ee6044,0,,,2541.94,,
1000,0,0xA22040F06C05355101c52B01AFdDC57Ab8919158,0,,,2541.93,,
1000,0,0xd935cD5eB8953C159eCF49B14B34Fa6dF426bDC3,0,,,2541.92,,
1000,0,0x9a8E06182F0da20f8d2c10415345d22CD817587C,0,,,2541.91,,
1000,0,0xc28f1ad6710435b61fd8b4ef349CF1b80A3A83f0,0,,,2541.90,,
1000,0,0x88A2e653CB70eF31754F2282E260D0bc647698d2,0,,,2541.89,,
1000,0,0x9258D30BcE0e506D59ec8840b9D78C91D27f81b9,0,,,2541.88,,
1000,0,0xa332A13BB1feBCac81CfAd6E74659F0970563b98,0,,,2541.85,,
1000,0,0x91D023E44b4654944B16B32e16aa55ba95076874,0,,,2541.84,,
1000,0,0xbb243F189d1e497683B40f9f2BC07de546f535AE,0,,,2541.83,,
1000,0,0x57e9830a6b6f9895f1d5c83dEF987da67Bc02FCC,0,,,2541.82,,
1000,0,0xBA937B4423778b3fE532Cf7779A3c3B1E85E22F5,0,,,2541.81,,
1000,0,0x83ebA6Ca81Fa72dF3D7c05B44DD9fd832154A943,0,,,2541.80,,
1000,0,0xE21C40784eF8F72F7ff716e9Aa9E3c654937570d,0,,,2541.79,,
1000,0,0xB5cF7794053b1e15D7F78519A36fb6256F5D8E66,0,,,2541.78,,
1000,0,0xaA61C9c7672EA0855c455428CB8bc991876d62bb,0,,,2541.77,,
1000,0,0xBE9674f6f7b32349F4b36E87e4335Bc164C08326,0,,,2541.76,,
1000,0,0x628d266aE216f92a3A0FbAa295D463585Eac55e4,0,,,2541.75,,
1000,0,0x976756C97E22080E197C4c66c45Ae901668b567C,0,,,2541.74,,
1000,0,0xf017184e106Dd8101472299e87F641f00F65bfA1,0,,,2541.73,,
1000,0,0x6A88305E2A631517679E5653894e16547052DD17,0,,,2541.72,,
1000,0,0xB3f1BA7D3a55a877030655EB09E72b51524F61d1,0,,,2541.71,,
1000,0,0x998b6a4A3DcC2da4a20139Cc4eB51795b906b4A6,0,,,2541.70,,
1000,0,0x89e63A62406325b5a7A6081b9334942Ac6A06439,0,,,2541.69,,
1000,0,0x409F8d600dC9e33235ec47B3fE5C9ccBd32bC272,0,,,2541.68,,
1000,0,0x1a1b3965bbB590Da709F875D8880ABCB2100d2D2,0,,,2541.67,,
1000,0,0xd6d996cCd4041b074589bAc1d6b0424310B2DC1F,0,,,2541.66,,
1000,0,0xCD4EBFC545FccE2b2Ecd0CBDC1CA9C6f04c6eD4A,0,,,2541.65,,
1000,0,0xE08d0983ec4491E2Cae38Cb49FA6bDc71876870b,0,,,2541.64,,
1000,0,0xd0dfa42e0308Da0fe0fa4CAc7b7D70e6dAdC8981,0,,,2541.63,,
1000,0,0xdebEcD50Fe252D1fd187BaAAceDD5CAc294E5936,0,,,2541.61,,
1000,0,0x0605BCD91dc7f5ea4dcf35D4aFE37F7B1105ab39,0,,,2541.60,,
1000,0,0x5455cdcC7a62d5058e77F6fDf1378ea268b07D30,0,,,2541.59,,
1000,0,0xEE43750cD5d855CCf58f70408E3672c8ea8AFEFa,0,,,2541.58,,
1000,0,0x58E79787915B209495737b66aD2ab763bC7519C8,0,,,2541.57,,
1000,0,0x547178DDAa011651213784A008Eb1bdE6b92D41F,0,,,2541.56,,
1000,0,0x966907823bd3b51A13E4d55B97bf44a1E7b105cf,0,,,2541.55,,
1000,0,0xf9A8E353EBef3F706346b5C760660c7244958e12,0,,,2541.54,,
1000,0,0x293b3592b7410d432309B3cEe117F85437407CF5,0,,,2541.53,,
1000,0,0xe1fe4b13C572bCbDB5FC9082f57354D4c6e566eC,0,,,2541.52,,
1000,0,0x5210299551f00124Efd9f7FA9c2b82250Bb97653,0,,,2541.52,,
1000,0,0x4d1045109b264A7Bee287039B58d0D5A42572248,0,,,2541.50,,
1000,0,0x88e3CA1772cD25A97A32d4bb5153Cd5c4003F1E8,0,,,2541.49,,
1000,0,0x5f12F11A070c45d8E844CDEDbb93f94360ac25B9,0,,,2541.48,,
1000,0,0xe07581B6A13e053e6ABC4E30133D681d3538B48e,0,,,2541.47,,
1000,0,0x77c2AB51F4Bd03f0033E77d85D6D255a6f84e040,0,,,2541.47,,
1000,0,0xD09BadFc6e105cCDAdEf7b5987f65De576E8a811,0,,,2541.46,,
1000,0,0x7DB8364d48bCD3dBdC3b15d8D98a51beb36fc153,0,,,2541.45,,
1000,0,0x28B7C988559De6b5c9e1aBCBc3BB67B458080440,0,,,2541.44,,
1000,0,0x37f26D87544fF73778FC3c23A49c28df8890f8c1,0,,,2541.43,,
1000,0,0x4e971077DcC364341260EB1BDC3E87C678B4266d,0,,,2541.42,,
1000,0,0x565Dbe3c05516F2b687F160e903Da6aA9126597c,0,,,2541.41,,
1000,0,0x02CFCBDb948Aa15162Ab43Abb4415A135FB72AB3,0,,,2541.40,,
1000,0,0x62F2738886Fa7a59AD7103bBc089C5aa7b26eeC2,0,,,2541.39,,
1000,0,0x20e08147860a9265538F2131C404Cd3190eE5682,0,,,2541.38,,
1000,0,0x1D0e1a171167Ab8F2184f2ABccE3aa20e0C1Bc2D,0,,,2541.35,,
1000,0,0xa7634d8F38cD17d84239bFae19727c0F4Dd572Fc,0,,,2541.34,,
1000,0,0xe57C6B7cC2a9f6f1F34fF6F10E605E879c004EB2,0,,,2541.33,,
1000,0,0xD0f4f950181F921941673d5476497d0f3401A5F5,0,,,2541.32,,
1000,0,0x8A69Af9ec298AEe6DBf48F8be70faff3B2Aa2fD8,0,,,2541.31,,
1000,0,0x75670D6521199F206Bfa38719D4B676354FA69Ce,0,,,2541.30,,
1000,0,0x8022ACC054c0c6f9100e205a1DBa439DB776C135,0,,,2541.29,,
1000,0,0x3cbBdA4C7c6a73552d1Ff435C0Ba0f52cDc95Cd5,0,,,2541.28,,
1000,0,0x6ec622D7E74a7465908EdCAc5CcAA8748e76C2E2,0,,,2541.27,,
1000,0,0x8DBC9B0FDFFA65fdD9fbDa1DDbe317c7eee9444a,0,,,2541.26,,
1000,0,0xF4FDA3Dce1A2392FBcdB336dD73C1C170Aba072D,0,,,2541.25,,
1000,0,0xa510ADA9DCb501e452cD184F8338655fdf3379aE,0,,,2541.24,,
1000,0,0xceE7020db773D3489D87A9272423441acc86F190,0,,,2541.23,,
1000,0,0xD870Bf4cDa3d0CA91ABDe9BA723AA6cD38C4D00B,0,,,2541.22,,
1000,0,0xaAA1b893Bc23CB765a93a23d40B7D274B2403fE9,0,,,2541.21,,
1000,0,0x490178f4B3ed08b133F2CC5fbbC61E797CD7E00A,0,,,2541.17,,
1000,0,0x4E2DC9886882cB22C5f06AC7716E05A87b3C844E,0,,,2541.16,,
1000,0,0x08692569e7a8e3b19a634FDE2f11971da07a5559,0,,,2541.16,,
1000,0,0x6d61aaf73079ABBC94053e327e6F43E38dc36dff,0,,,2541.15,,
1000,0,0x4D4bA87a08d6D3BC0db3D4C124A5f35b3Ba84Abf,0,,,2541.13,,
1000,0,0x57a27B29c5Ea39F461e3b6d12B33ADcf450cba15,0,,,2541.12,,
1000,0,0x4A2f2CC19A741d6BFD35512bDC9111C6A4819444,0,,,2541.11,,
1000,0,0xC9c83f80b1B3d075c702EB820543151C1BC83580,0,,,2541.10,,
1000,0,0x5875A2c7c53082590EF75A65ba90A8220F46b0FA,0,,,2541.09,,
1000,0,0xC7b399840A22293938C676224c51059bD5f2345F,0,,,2541.08,,
1000,0,0xfF6C8498567b69593ecEB453277f1B6296bDc022,0,,,2541.07,,
1000,0,0xA226F246D3Ab384061ac7eBAd0672352d98ac295,0,,,2541.06,,
1000,0,0xE2F1EB2E33AE8a7F5dA80A866Bb5234e60eB111E,0,,,2541.05,,
1000,0,0xf19582A8066ad6BCB1a689250b042E9E42A43BF6,0,,,2541.04,,
1000,0,0x1ff94277D9af9aA175E9696346898Fc3e0F0D8BB,0,,,2541.03,,
1000,0,0x2115e5e5979807984F7A6d02A8182852604c6B1B,0,,,2540.89,,
1000,0,0xE1b1827d5e9A0C60D55DDF37A13D90AB33D8B14C,0,,,2540.78,,
1000,0,0xb9C4F538Cab13E86e4668df270aA6BBDA935B0f2,0,,,2540.75,,
1000,0,0x18167EF7F7186B477062F743CE817548D5063859,0,,,2540.72,,
1000,0,0x63FC8B89D4805064fE01813699d414CeC9cF99F7,0,,,2540.64,,
1000,0,0x09400e86b270D3937250790535aEA5fCEa03ED8A,0,,,2540.56,,
1000,0,0xE536C5673c5b0c35D92a84B190CaFFfD2a5fC15C,0,,,2540.54,,
1000,0,0xee7Cd1A372480C94c9569F7dC95b1E185B00b775,0,,,2540.53,,
1000,0,0xd4A38f4BAfa3A22c4e1196E419b01DCC0d0eDFb0,0,,,2540.51,,
1000,0,0x1e2f2f5CB0C50C3828897fB83D7628d23766A99B,0,,,2540.50,,
1000,0,0xa316c79d13693397492B70376FEE1C876c5FC9f3,0,,,2540.49,,
1000,0,0xc7D071124898e8F122758D2822E6359a19b3b8Db,0,,,2540.48,,
1000,0,0x808E3C2468945999CAF11b1140e79Fcd4500EeC4,0,,,2540.47,,
1000,0,0xaFe49498f924Ca12fe388b954cBFd3B6D386c6e1,0,,,2540.46,,
1000,0,0x1c799Ac6EDFe9A33BC3527611640aCC83b2DE3dC,0,,,2540.45,,
1000,0,0x21e8913FBe2ebea76FE3ea67713432bb95622f1D,0,,,2540.43,,
1000,0,0x3aC59C0211714fD1caD6A5c68399c747B833a60a,0,,,2540.43,,
1000,0,0xc74d9154E3Be9De707d23e777e60d3c86Ba04D8c,0,,,2540.42,,
1000,0,0xCE6286141823F418C7640990EAD7257ca90fB0dE,0,,,2540.41,,
1000,0,0x9F5Fe3B0405fAFaC93B511CB7feb13609Fae1bE8,0,,,2540.40,,
1000,0,0xEb0C46069049D076329b1405647Bd83328aB8520,0,,,2540.39,,
1000,0,0x572d8d4108d8b03b002076d899847111ada27578,0,,,2540.35,,
1000,0,0x731367c03c7E4Dcd9e9658409CB7E0248f6e7049,0,,,2540.34,,
1000,0,0xE91df818c268F6CFF872b04EcdD3D61EAD208d73,0,,,2540.33,,
1000,1,0x96d523E648Fd21C41e358Fb6f43954B215Bb122D,1,3263.20,240.87,3504.07,3084412,94157
1000,1,0x71e048C9854640111ecb82c7E9F8C16d4d835566,1,3263.02,253.12,3516.14,3084412,94159
1000,1,0x8fB70363Bb7d9D4c725178d810F7D778A65AECd1,0,,,3516.11,,
1000,1,0xF06990255544136Ab87E79981E61b2F2d98E68e2,0,,,3516.08,,
1000,1,0x23C55a418416B7274ebcF33fB8a75fB01305fDE1,0,,,3516.05,,
1000,1,0x9C82654e9dB5cfF927071ca4d002BF6590a6B141,0,,,3516.03,,
1000,1,0xFd5acD1399547720404EA47B0553d316E9a958df,0,,,3516.00,,
1000,1,0xb5119Dd02cBf32F8eB8d46e01B33fFAc94B54EA3,0,,,3515.98,,
1000,1,0x7CB21a8d8fCd60E6B0b4A3975C97F00EEEC6aA11,0,,,3515.96,,
1000,1,0xf874afA90627dC80ad8216c4A5a44D65FDFE1940,0,,,3515.77,,
1000,1,0x4C01D0a26563C1F8A9E4Ca06cF1A75C9C619210C,0,,,3515.67,,
1000,1,0x20dA6C0a9908c2C8D0D3ca68153fCe1De68897B7,0,,,3515.65,,
1000,1,0x2792eA78E690BF8289700BA885c0932504f11a09,0,,,3515.64,,
1000,1,0x096fe611b3a4e05Eb6c7923e55792E77f051102E,0,,,3515.63,,
1000,1,0x727D10E6BB742904969d3cfE406300F207d408b2,0,,,3515.61,,
1000,1,0xeF05e783127121948D08b741F648Dc485558Fa88,0,,,3515.60,,
1000,1,0x5F40C4c4d098f8Fc5e40d2151E19c824e32384B4,0,,,3515.58,,
1000,1,0xEB4A337c6C6FB21B5bec8Bf6222e7Fc49003EF89,0,,,3515.57,,
1000,1,0x1E8A8F44Ffd8221e2262b7C44a5eb10731B5A851,0,,,3515.56,,
1000,1,0x5BCD941e64050545805fa72DD74e9eD7485c1211,0,,,3515.55,,
1000,1,0x38d251F9CADDA2e34C8353f8585Fca62De6Eb387,0,,,3515.54,,
1000,1,0x2Bc96Da73D2B307Fe0b958977C0Fe6a5bBf330CF,0,,,3515.53,,
1000,1,0xFa0267a0F17dcaf0c1140336723d1f424Ba2EbE6,0,,,3515.52,,
1000,1,0x086eff17F8D24e21D153580BD7323A1D3414619c,0,,,3515.51,,
1000,1,0x7e53d8081057616AadB5eda51bD216536B913490,0,,,3515.49,,
1000,1,0xDD4464E7751899C51247Eac177dB75121e481cb6,0,,,3515.48,,
1000,1,0x6f13Fe82917e5377B8a54E4D011F6208DDFFd190,0,,,3515.47,,
1000,1,0x9697455e805dc57d75cf7A599ed03C7C24B67D09,0,,,3515.46,,
1000,1,0x516FB5C91dF386BE0c27a8Eb20763e1A1563a829,0,,,3515.45,,
1000,1,0x5971e63544B94bD0b42b037C24E4fA468D49D762,0,,,3515.44,,
1000,1,0x9DDe61595A0DCe25CFe30EdE85CEbA06A25Aaa31,0,,,3515.43,,
1000,1,0x45f4faA5D226BCc1dB587f0F028A8d85f61D89bE,0,,,3515.42,,
1000,1,0xdcC0C20d0Aa5C69c244B1a045bd9261B9026D545,0,,,3515.41,,
1000,1,0xe50998a16FA02b5340aA08157d1E1dcA092cfaEE,0,,,3515.40,,
1000,1,0xFF7d003fe3DF13dd8008c0EAe2d4D3F5Ca031520,0,,,3515.39,,
1000,1,0xc2cf84fd0c52E12fa2301e722F30286fbA1eE0fA,0,,,3515.38,,
1000,1,0xD9384E5D77D21Aa972ad8baa1bfC9f57f9DF220E,0,,,3515.37,,
1000,1,0x41DC1fCCc605187b97a8B517f65D02Cf2daE4ebb,0,,,3515.36,,
1000,1,0x6d85A92D60cAA85A4821ab345C3509Ea360F37f3,0,,,3515.35,,
1000,1,0xDF40D48462a23E48502D2c2f07a0c40D30004364,0,,,3515.34,,
1000,1,0x09BA561d0Ad864334f93d5150Ce2507a01e4B051,0,,,3515.33,,
1000,1,0xA899F99c76A578431506D3268B505f2aC961C153,0,,,3515.32,,
1000,1,0x1f4790d6C434D74E8E74376b6f56AED1516C9F53,0,,,3515.31,,
1000,1,0x71490Cd2eFDB09108Af1C31F14758306E31264A6,0,,,3515.30,,
1000,1,0xf7C527E00e6c204DA6AA358e36fAC02e6E9d17a4,0,,,3515.30,,
1000,1,0x02B4dd9130f0E9CD092Ea1A0a4aCD32f640E6eE6,0,,,3515.29,,
1000,1,0x7DA73b241199509d0d73b5a8efC2B257907F1ab6,0,,,3515.28,,
1000,1,0xA16B8F95d4013f4C285d3A2c57108a81Ec7Be0B5,0,,,3515.27,,
1000,1,0x9ccA9F268de6062C62e088D0636378b76755334B,0,,,3515.26,,
1000,1,0x79418D8411C2CC4eba755EEA99297fb88c0F2FD9,0,,,3515.25,,
1000,1,0x9B4D714765A8F7A499c7d47cd0EEc49214C20919,0,,,3515.24,,
1000,1,0x009Cf7f499A7A83073C7aDC6beBAF5105Af2d098,0,,,3515.23,,
1000,1,0xfC60e45Eac5972b82fCD6FF758DC5c032bBaBE17,0,,,3515.21,,
1000,1,0x35e994C175aBdF3829ac5e3EA48Df23BFBe6cd2C,0,,,3515.19,,
1000,1,0xb23F913DDfD65194A16F06AC6EA911eA2E3de3FB,0,,,3515.18,,
1000,1,0x7f085eDc63736201e8BE51fcCF71378525Fb97D6,0,,,3515.17,,
1000,1,0x970C8e270419A07b239b14B962C56A25d1434070,0,,,3515.16,,
1000,1,0xDb8E2C0cE71e5407F6342Fa8D948e71cBfE09E5c,0,,,3515.15,,
1000,1,0xD1561986B2bb6F47eFb9DfA627E7A96C07e8F8fb,0,,,3515.14,,
1000,1,0x266327e3B471F37B36Ff8142307E796364e95e29,0,,,3515.13,,
1000,1,0x8eB19FDCeA0d5Ac867a34b13Ec98aFCB7932718D,0,,,3515.12,,
1000,1,0x79b10837227A6cd69C253C03042Fb9B26c751944,0,,,3515.11,,
1000,1,0x08fB2f066931c3ce98b1E38497B27525717E0986,0,,,3515.06,,
1000,1,0x103917Cf99b509f808C43A164f08267b42B5dcDA,0,,,3515.04,,
1000,1,0xFC7613d07DcfbD929eC3b14542e49E8a4fc29756,0,,,3515.03,,
1000,1,0x570587E42e32e58863FC844b9238e1e1332fA052,0,,,3515.02,,
1000,1,0xe9575c68b7dc73E1AaEFbe10904282679840013e,0,,,3515.01,,
1000,1,0x2817788C48cCE687dDfBC6c35856e40f0AA3399d,0,,,3515.00,,
1000,1,0xC7CC9d283A2Bd72A154Ed5Dee977f24F60255ECF,0,,,3514.99,,
1000,1,0xE8CF5544ddd37c9819a3A50e0E3Ba9426d07df85,0,,,3514.98,,
1000,1,0xF8Fb35F324485BF8D4508eB901D90891A9c0bb29,0,,,3514.97,,
1000,1,0xDbcB0c1E42f3B811d2D7fa9cC15F8295b6296Ab5,0,,,3514.96,,
1000,1,0xE74142c49A54915EC98Da333a4aD8017Cd9a7690,0,,,3514.95,,
1000,1,0x387B07E14FbA7ECCDA2884842bd202e363488715,0,,,3514.95,,
1000,1,0x5f0f5cE10c184c083F55edABe8F61999788C0669,0,,,3514.94,,
1000,1,0x0ce9629D44Db74bd3fA1c048E04092cAd6201bFC,0,,,3514.93,,
1000,1,0x7823F9c7e9255b0a4131dD723fFC93337E100459,0,,,3514.81,,
1000,1,0xDfb01f741872DdE70e9Adf2972b935Ad1c93659C,0,,,3514.79,,
1000,1,0x86aE94C35DD68DFb4e3c6D975d1f40558899001F,0,,,3514.78,,
1000,1,0x9FCAF4E401d93c021272e4F30a74aefac7B7971A,0,,,3514.77,,
1000,1,0x7BEDAbB2795B37783a7538119D22c0Ab41B23ac0,0,,,3514.76,,
1000,1,0xeE21B51c4F39b54530048FE414c6F6Ed7bcbba86,0,,,3514.74,,
1000,1,0xE63c27A7B62d3c1e22f87c49f592909a3CF653FF,0,,,3514.73,,
1000,1,0xA30295d8008fD8C39637514201343ea201538320,0,,,3514.72,,
1000,1,0xA41eFf6E540Db66e06d06f512e8203186eA1984D,0,,,3514.72,,
1000,1,0x2FC49c3b38463bDCCDd726A3Bb15d03Cf3a36362,0,,,3514.70,,
1000,1,0x57CB265708Cf36749f5E4eCECE7b61B9D9b3C8ff,0,,,3514.69,,
1000,1,0xaf79e1590C6D9B63F97387694E896F9b25A263Fd,0,,,3514.69,,
1000,1,0x849dC30269F40Bd70AB7859A9cBF12DC7271E149,0,,,3514.68,,
1000,1,0x1Bed9Bd3d520513e6C808c0Ef45fe6Dca12B9907,0,,,3514.67,,
1000,1,0xb842cED54036C776b67F48fc4CB1726050341847,0,,,3514.66,,
1000,1,0x5E9C49b5857F57Be39F2930A3534afC1ec439E64,0,,,3514.65,,
1000,1,0x8E9f11999d0c508548b3c25D4532c51b3C064941,0,,,3514.64,,
1000,1,0x63F7eDd25Ea61addf19c8863F04d610bB7281fDe,0,,,3514.63,,
1000,1,0x0c30Fb6D903cD4cCB7b3312A9092d9659BeC4E82,0,,,3514.62,,
1000,1,0x34cc6c276440A6127C047554061d214132CeC153,0,,,3514.61,,
1000,1,0x53145022e60909543f1DfabE429990D409EdBacC,0,,,3514.60,,
1000,1,0xCab7dF9Be6146D0cEb25feae37b6fBaDc8fA323b,0,,,3514.60,,
1000,1,0x28Fd397702cBa2ef842089f5737e7C88EFe45D7b,1,3261.44,265.29,3526.72,3084412,94156
1000,1,0x16574c89E6E0C952fBBE235e7A4b9A3e92254fb5,0,,,3526.72,,
1000,1,0x31Eda1ACbBA833e4F4F49355E0c1b158cE87aaa9,0,,,3526.71,,
1000,1,0x70e4e3d35d15870c3B2904724D5A5Fc31791e4Da,0,,,3526.70,,
1000,1,0x091dfa398E1Dd947321563819C9BE64F29786084,0,,,3526.69,,
1000,1,0x3fCA5BE5E0c943F00CCAe642462eC24fAa2d36DD,0,,,3526.68,,
1000,1,0x4af93b171E944b0E8a78003b597D99e5440E9e51,0,,,3526.68,,
1000,1,0x7d2aB7927b6394A68965C44f8980dEf8ddE2f4b5,0,,,3526.67,,
1000,1,0x1d9e02C487d17B7d2c7Cbffc75ba20feBe25AE64,0,,,3526.66,,
1000,1,0x2a4b68737cbD0c34cA30Ef8F3Abefb6ade3D979B,0,,,3526.65,,
1000,1,0x22E1956D148dB06db8D14E0007071a4daae75309,0,,,3526.64,,
1000,1,0xd42A99ACb34F1a7d9347876730f475a40Bf75DE2,0,,,3526.63,,
1000,1,0x3C4558C7Eca977262eC5Ed065A051488744F2fb0,0,,,3526.62,,
1000,1,0x9B2B509Ad950Cf32f893D3F345d0311e32620a2a,0,,,3526.61,,
1000,1,0x061C0BfFc11d7015c11Ba3F587B87b9dD99aCB1D,0,,,3526.60,,
1000,1,0x35dEaCc59ea00E70357EC8134d509973A2f08b02,0,,,3526.59,,
1000,1,0x6d84Ecd9Cc4a4653B2F197AD5A9650e5ea5e2d45,0,,,3526.58,,
1000,1,0x8feb21703F06eb4f634C0E7512E383523dC1aDAd,0,,,3526.57,,
1000,1,0xDf46eC785293f82e369f68412c02917628920EF5,0,,,3526.57,,
1000,1,0xaFFB41c977F6c210d39C99597ED42052E967Fe87,0,,,3526.56,,
1000,1,0xd95BEF0384A121cCa2bA39eeC8A900335690ddbb,0,,,3526.55,,
1000,1,0x383E7735a88C62E74cfc591C0E1c654a454C6D7C,0,,,3526.54,,
1000,1,0x42d35C150fbdDA4a7A1462003151d150feB4697a,0,,,3526.53,,
1000,1,0xc371C9F80a310245A63233BC024F317BbE2240dd,0,,,3526.52,,
1000,1,0x877905B12b8975F48ea766e55993e5E7Fa794a75,0,,,3526.51,,
1000,1,0xE503EaDa209846122C08f2921720DA4B13404668,0,,,3526.50,,
1000,1,0x4b4bC86D6E5c85DC417d80E621c6C3Ab02f5Ac9A,0,,,3526.49,,
1000,1,0xD0aDDf8039662FBBb892F0282fF31D4c67CF3d3D,0,,,3526.48,,
1000,1,0x8Ef84b5d1BC374A56DEaE5D40e1bdFA6895B3cA7,0,,,3526.47,,
1000,1,0x8896B6ffEbC908Cea0943D5619C24c657541E850,0,,,3526.46,,
1000,1,0xf2AB1fe1283cE2279Fd732193886e8B92a129fd5,0,,,3526.45,,
1000,1,0xe6AA102Ef82ED53220499F8c197f749e6d7e7e5D,0,,,3526.31,,
1000,1,0x06e94D6ed83A7AFf23f88EaDcBB02759D27262c9,0,,,3526.29,,
1000,1,0xB22Fd2A7f66D90527d1ae326E6A03DCA70ae933e,0,,,3526.28,,
1000,1,0x5e6d864F24A639A2dD650EcCeDFa4c1BaA9fae1A,0,,,3526.27,,
1000,1,0x08590b02d0CBDc7302C37Ab82172DE2280C0ec99,0,,,3526.26,,
1000,1,0xc90Cd417BDec21Fb69C461077Aa94F72d90181c8,0,,,3526.25,,
1000,1,0xE223B26dbC4189cc279004693ad39545Cd953392,0,,,3526.24,,
1000,1,0xd5f40e8A971233Babf8624d263e18C6c3Daa83d3,0,,,3526.23,,
1000,1,0x507e25cB612CbA19DD4F12B01b94344F00560c81,0,,,3526.22,,
1000,1,0xaD156362dA3b854148f68Fe1E3A2eE6c05fe7Ff7,0,,,3526.21,,
1000,1,0xfc737C75cE60049D18073734bCBbc1BA531CB72f,0,,,3526.20,,
1000,1,0x980fc372f17DE607B153532A3F42C85Fe54C29A1,0,,,3526.19,,
1000,1,0x2ECd96680e34ADEAc52bBC549BeFB3D079bF53Ac,0,,,3526.18,,
1000,1,0xD06836C28295A4f7cF9E0D154dE2AE7C35DD4ADc,0,,,3526.17,,
1000,1,0x9ea17422870d95A93c951BAFD4779eE8C9B9CF32,0,,,3526.16,,
1000,1,0xa6e5457Eb9dD77Ccbe21bEd46C5Fb9F1b207f13D,0,,,3526.15,,
1000,1,0x162A18dcc1E1E80A30b555cB6bB70dFA0e30a08b,0,,,3526.14,,
1000,1,0x9F7FCC1F6d83eEA1d2415DC2fAbfa87551628B39,0,,,3526.13,,
1000,1,0x940B25944a403aE80c633D98bf60eBa4a628Bf82,0,,,3526.12,,
1000,1,0x0317aEF0bAA68dBfd04f199ce486257e71eD4070,0,,,3526.11,,
1000,1,0x76e76200be54Ac23dDE5FAB426676207eF3C96a5,0,,,3526.07,,
1000,1,0xF903984Eb8bbd251c873A84c90F72d2D414fc7e6,0,,,3526.05,,
1000,1,0x0Cf6BF1e3BCdbd3111C5F3bc175f17baC5c0c48c,0,,,3526.04,,
1000,1,0x614Fc559C78d8d8680e6A58C4376D52dB4b7C32B,0,,,3526.03,,
1000,1,0xd600204e3006DD0c21402076a09d18a78F24deE8,0,,,3526.01,,
1000,1,0x6BdeB18172735644909093862CF010fA1d8B21D9,0,,,3525.99,,
1000,1,0x02547fec89B0398a7AA40c5e30eDB207678101e8,0,,,3525.98,,
1000,1,0xD0A9AB4CE4Bd5Ef4eD8B77dE3742Ec9313f387De,0,,,3525.97,,
1000,1,0xA95f8E3491CFfAA7b989Ae8EC1b66c7d4B2eb22a,0,,,3525.96,,
1000,1,0xF91A9A730312dc7EcebF080BCdF8e2be9D3a0a78,0,,,3525.96,,
1000,1,0x1377524e35a96Fbfab4721094D65f5b1891073d6,0,,,3525.95,,
1000,1,0xc47C6Db3Ef2B35d300C4cceFb8A063b4075A4f20,0,,,3525.94,,
1000,1,0x7daC3C0A5ab0BE401439aD480FAB92F2f350189c,0,,,3525.93,,
1000,1,0xC584A180e5B7aF3a96c9C0629b14EdB371566F91,0,,,3525.92,,
1000,1,0xB19511BE11e0a9A00B6BbBc25D316143925a55FF,0,,,3525.91,,
1000,1,0x7BeF3c330400672Bc4648199e3f60569d75f814d,0,,,3525.90,,
1000,1,0xD78C71E1E70a784eD12c9f22715FA519d635cB0D,0,,,3525.89,,
1000,1,0x3F8CC169394bc90A32466760bd8c571f2C0977b2,0,,,3525.88,,
1000,1,0x9567771D58B5ec089DC4303C9F89F0E86B3e2444,0,,,3525.87,,
1000,1,0x2fe5Ff0043232327675584d7Ea1B4A76e622Ee5F,0,,,3525.86,,
1000,1,0xC78dC7D1a4738415250e31eD11fA351C8D0B6c2A,0,,,3525.85,,
1000,1,0x6dDe8a47dEc7fF437ab47CA9ECDaB3c56e732984,0,,,3525.85,,
1000,1,0x8aDEd310bbEeEe6c6C2c470459B801b99c03Dc40,0,,,3525.84,,
1000,1,0xEC97C9c21fF28B731FBf619d323857b0AB15e25A,0,,,3525.83,,
1000,1,0x612519d02fDcA87f9366fF1Dba924ECf7DB7c56D,0,,,3525.82,,
1000,1,0xAC5662CbBA9b2f3fcD631DecDF77B0B2Af9bFeC0,0,,,3525.81,,
1000,1,0x01601377C2e6b603167Ad2844Aab1a58857Ce974,0,,,3525.80,,
1000,1,0xEad8a0c0fEDBB1cb5f0aDFE1Ee495B07f3a40811,0,,,3525.79,,
1000,1,0xb95dEe8bF04B609700bB31efa68f61C68C939017,0,,,3525.78,,
1000,1,0xf6AF8D83b00C45A0cB603F66d7FB560281AC16AF,0,,,3525.74,,
1000,1,0xa4f6ea39793f7B17B6eD357A66dd9Ae26A53D486,0,,,3525.72,,
1000,1,0x70399F26633AA643ACCe3BF140894C466062d12b,0,,,3525.71,,
1000,1,0xE39DD22bC9E2816C3d53Fc719ea064F41788C598,0,,,3525.70,,
1000,1,0x32d6f33766b1FF2e2e125fc4BB39Da9609B369B0,0,,,3525.69,,
1000,1,0xa0157A2054500D0f498Dbd82b86Db1E50aDB8688,0,,,3525.68,,
1000,1,0x174CbA2071aEbA8b9F36d5034427687d0EfAA9b7,0,,,3525.67,,
1000,1,0x0c0f1aA24826974862fb7DC32f7F16E52eE9fd03,0,,,3525.66,,
1000,1,0x62d607D0c5743Bbfc1EE204938719Bde1ee59D82,0,,,3525.65,,
1000,1,0x3b4d23A0314432146f2De05b7B825630146766AC,0,,,3525.64,,
1000,1,0xF74A9381347599C8d40a0bB5EE7028e66449e5CF,0,,,3525.64,,
1000,1,0xBF540e4fD84cD2fC802cFf060EC57403e0ea2Ade,0,,,3525.63,,
1000,1,0x36F158A10FCCCB068E1b0cdDAd902a65d6de4603,0,,,3525.62,,
1000,1,0xAA6c7eA5b7184b8d21F46d286E064c2981D0338A,0,,,3525.61,,
1000,1,0xe1a19ee65AB12182cEe7E7d19a8292a3F8d955d7,0,,,3525.60,,
1000,1,0xF3433Fc69E0f3F85Dfe659873133A12E47039D89,0,,,3525.59,,
1000,1,0xaFBa8fe74678AC683d216F2436891049Be442Dca,0,,,3525.58,,
1000,1,0xf13DaC6845d1fffD9298c81A9eAeEfE58DB78AD0,0,,,3525.57,,
1000,1,0xaC0Cde2c79811620286779A5bD5a153f520891BE,0,,,3525.56,,
1000,1,0x54229F2110e72189053F1a3a5e2Cd6886eE4F87d,1,3286.50,251.08,3537.58,3084412,94157
1000,1,0xB2944D882613619042F180121CddA9F5E874a83A,1,3286.49,263.16,3549.65,3084412,94158
1000,1,0x111D6729A21a8D124BCDB72c544E3d1d944bcCE8,1,3475.87,85.97,3561.84,3084400,94159
1000,1,0xf8D6B0e56A480E13Dbe4E2862a287688a8b9d7F8,0,,,3561.83,,
1000,1,0xD84Ce69aa73cA17975b2Ce1447C937A14fBA49f2,0,,,3561.82,,
1000,1,0x81Af3e68f7942B07e3cdBD153b1940265b2233f5,0,,,3561.81,,
1000,1,0x814096d2B9bd0Ae5670B0317F2d6F882beF0ddfe,0,,,3561.81,,
1000,1,0x61b1cfc686e851c85F9E665Dd0B16d14ac5c511f,0,,,3561.80,,
1000,1,0xA7B596764Fc893dC708F0CfB012fef8CD3195030,0,,,3561.79,,
1000,1,0x733E930c575f4630F5D300E6fD47267dF1f438eF,0,,,3561.78,,
1000,1,0x24eb144cBba8263161A19efC600e1F7567A7883d,0,,,3561.77,,
1000,1,0xa3EAA6f989b470a230F60b202c06A0a472A84Cb9,0,,,3561.76,,
1000,1,0x914F59821ABfb98F7755b7d0aB5565970cd3C2a7,0,,,3561.75,,
1000,1,0x028DD87DDebc5c74dFAcEEc5cC41A28213752968,0,,,3561.74,,
1000,1,0x695a81A0d4872Db6155F4A2514ee07928f5dfc53,0,,,3561.73,,
1000,1,0x653b3C77fD01659f302882eF17CA57538dBb7844,0,,,3561.72,,
1000,1,0xA8FfbDb81675cA553Cf2F53136E12d0d7B5acaDc,0,,,3561.71,,
1000,1,0x2607d91770D3E3D49B08DA9cC251c109C2B67229,0,,,3561.57,,
1000,1,0xE41ece770a915A1113037B358be3b7553a2D6915,0,,,3561.56,,
1000,1,0xD152566613Ef8Fd7aBb93452eF2e938A8bf2A25B,0,,,3561.55,,
1000,1,0x0cbB6Aa322720cC2664E1B1aB96a6225569b5C63,0,,,3561.54,,
1000,1,0xE0085CFE19e313AB10EA0DC51B4D274C58E502d0,0,,,3561.53,,
1000,1,0x97909Ff1554054b400e15242926f993AA8387F7b,0,,,3561.53,,
1000,1,0x88E1BdfeDf98c1Fb024E7F7e2252Ce23eE511B07,0,,,3561.52,,
1000,1,0xd9041Ff54047Cf5222194BCf306cce25DEe55797,0,,,3561.51,,
1000,1,0x6C14b876bf4A5FAfFcF43E2bbfC55f828Ba83bF0,0,,,3561.50,,
1000,1,0x700b963902fF887dB5aED7e8638d70aD5015DB1D,0,,,3561.49,,
1000,1,0xa5Fc6234c1006A84791F4f1a4758b63337825654,0,,,3561.48,,
1000,1,0x87D259e4F7841111CD98b7208B0608a8b6EEE2C5,0,,,3561.47,,
1000,1,0x7a8c8a573703B229f2BcD3045b673Dc09C5cc835,0,,,3561.46,,
1000,1,0x0fD44122f3b251bb20be1bfbB9823e774D2d2cbd,0,,,3561.45,,
1000,1,0xe40120064f329bBb87D50595BB7E38D4FDCf1dBA,0,,,3561.45,,
1000,1,0x63A90785cF014BEc694d0Fc696347C4C6421cbc6,0,,,3561.44,,
1000,1,0x00a8115Ea85Fc3dAd97Aa2a95fEa0dfb9Fe5176d,0,,,3561.43,,
1000,1,0x216d9DF9DDEEa15eAf56306A567bb7012Ed21F26,0,,,3561.42,,
1000,1,0xFF02466a19Ca90E2AAb9FA90472a4d56C6cdEbEe,0,,,3561.41,,
1000,1,0x7111aF564d60A0742f7886756584656dC9E7240d,0,,,3561.40,,
1000,1,0x37a5b0F8f40D7785c08538E521897A30443080E0,0,,,3561.39,,
1000,1,0x84D03d0ea8C90A982d5f373709Ce7185492bD64D,0,,,3561.38,,
1000,1,0xc8f4bCdfF42bd4E6e684616e969C6cE7A997FCeB,0,,,3561.37,,
1000,1,0x4599D4b407e27323B4e442498ACd46c8998CD62D,0,,,3561.37,,
1000,1,0x7092eA0fB62451FE55F6c731aD53498141E04CF9,0,,,3561.36,,
1000,1,0x01ad40ee83408A7369A94dB618a96705e819935D,0,,,3561.33,,
1000,1,0x3910bD9Cf4488d2e2e7EB222C9C36a3bb5615De1,0,,,3561.32,,
1000,1,0xB03021Cb477acd111Ef89c35D12E58994AEf6091,0,,,3561.31,,
1000,1,0x5Da6A98FDcEeA1496219b824370e1591B27469d3,0,,,3561.30,,
1000,1,0xf05C3e7C2ff31F440676161006097F228C8977F7,0,,,3561.29,,
1000,1,0x125631fb5CA46D98be54De5F97DB92B45a5c8176,0,,,3561.28,,
1000,1,0xaDfEf5Ca7E0a6A13e5f51E41Acb07f8A6A808D8B,0,,,3561.27,,
1000,1,0x2977D408a85D81E38AA07f65bBDE6E71C7be2E06,0,,,3561.26,,
1000,1,0xAc334c0b0063b2ED332568d4c49B22C33f61810D,0,,,3561.25,,
1000,1,0xbF3C48962af0D1c398ccBA5B6Ac6dd918D297436,0,,,3561.24,,
1000,1,0x015A7E7d330aD923a0Fff59036F5b2010baAE2F7,0,,,3561.23,,
1000,1,0x0F8E17e4a0993026e07DaE22B3871DbcCCbEf5fD,0,,,3561.22,,
1000,1,0xbAF29C61E5339eE971bF6e39a359143B13b915f6,0,,,3561.21,,
1000,1,0x9d7003385257c412C488ff767156c7180CDCe894,0,,,3561.20,,
1000,1,0x4B852F8B970B02e126A22495C10CB1D9Ee74AA1A,0,,,3561.19,,
1000,1,0x68B4376282022547f30926426decda4EBCa733cb,0,,,3561.18,,
1000,1,0xd9fE27f2E10D02BE08eEDbbbF6ae14DAff98fA2C,0,,,3561.17,,
1000,1,0xB4A564c4C4caA101F42671D503B4D566020d7D40,0,,,3561.17,,
1000,1,0x118d58f43BBb6373678A81f59725ec3a7Ec666cd,0,,,3561.16,,
1000,1,0xC7dFC0b6f4c8638352142C8529A3bFd7BD7cB55A,0,,,3561.14,,
1000,1,0xfb9e7669c04b0ef318ef192b12cE7Dd8689532A6,0,,,3561.13,,
1000,1,0x871755ac1c5ddf0C781d8636690e24742aAe3011,0,,,3561.12,,
1000,1,0xE29107D8A846669B05259300b3106be590bA9432,0,,,3561.11,,
1000,1,0x346919d3267318D86304b132DECB3f207310e5E3,0,,,3561.10,,
1000,1,0x9E501db8C56B4b56A08bBF05A2349fe07c04f07b,0,,,3561.10,,
1000,1,0x073CD6a26d911B19ba44Fe954a07f4C4Abfa20Ef,0,,,3561.09,,
1000,1,0x054a12F1219a95D2634AEDE72a9b0d3aC1AdcBc0,0,,,3561.08,,
1000,1,0xFcBc9DB6C15352477221aFf63f5A2Ee735D87DF8,0,,,3561.07,,
1000,1,0xD4f445D0afa1877ff506e620cCBb2801b6a47838,0,,,3561.06,,
1000,1,0xddDAC9280c790b64cA2a6FDf29Ca2DA0bE3CbCb5,0,,,3561.05,,
1000,1,0xEe85db3567fDc0CC33cD49C3c09540bb4718F9a1,0,,,3561.04,,
1000,1,0x6a00a3a95743CA09AA439cdd2C46B6BE6b98A13B,0,,,3561.03,,
1000,1,0xD833E604cf7aEFCD74EEb267A5a3F7dFF8A3b4E1,0,,,3561.02,,
1000,1,0xf6Bff2eF9142fDe165c6F59dc9bC935EA61968f0,0,,,3561.01,,
1000,1,0xdF8478ec93183A824513D95e8b30960Bc69002D8,0,,,3561.01,,
1000,1,0x43FCb1a72949730F81179Bbf4c5a6E6e0EDB25b9,0,,,3561.00,,
1000,1,0xA6f8a2996a2ac590e673e02856a4a5b433aAd2e7,0,,,3560.99,,
1000,1,0xf1e8f40F57c008152a6A2Ff2702766F8990c1d23,0,,,3560.98,,
1000,1,0x73F061d128a9f714F5A4eBbdC717b53f9498D246,0,,,3560.97,,
1000,1,0x6e80D65bfeF29655DE9c463A078c8d736348DAb0,0,,,3560.96,,
1000,1,0x99277dC5DFf694718e6dBdbEcfdf03EB7bD809dD,0,,,3560.95,,
1000,1,0xA177191828a08ed1a63A2d3980a948aB8175B4d0,0,,,3560.95,,
1000,1,0xB48db665744a57b954c47334E159A00Fd42DCcD2,0,,,3560.94,,
1000,1,0xbEdBa6De3edc80516D04A9aC5aB3fe99416b9e23,0,,,3560.93,,
1000,1,0x2299A2EB449893FEB7057E3C5Ee603639E5F67F4,0,,,3560.92,,
1000,1,0xA2B39c89A59b8B9830B6fF549d0a4764Fc4FDa19,0,,,3560.91,,
1000,1,0xf8d9Def3d5279435BD91E80F2C02BFe2E33D9a33,0,,,3560.90,,
1000,1,0xb48fD1dd77138615133B161aCe54662652d1E03c,0,,,3560.89,,
1000,1,0xd50F0C23F29923C0Ce97aaBFC40582A64B78d9F6,0,,,3560.89,,
1000,1,0xb752E09F7dCF0cd9B794C276C3B5f9D5aa1cd2A1,0,,,3560.88,,
1000,1,0x1ec06cc448891DD2539262c7F8927e7134b4f7EA,0,,,3560.87,,
1000,1,0xffb1ff81cf3D23518365a0067c8A9fC9a6940e31,0,,,3560.86,,
1000,1,0xAA7bE3cAD5A9750063cbfE75516e0e48048a5eEb,0,,,3560.85,,
1000,1,0xe126093aCE0eEb291c583d653Cb9c383733eDc1d,0,,,3560.84,,
1000,1,0xE50Be396195836310924C16E9922cC744333D18B,0,,,3560.83,,
1000,1,0x72CFb5cAd81250dF66D1301187bAb445Fb1C3DAF,0,,,3560.83,,
1000,1,0xDdf56a702D7E8556fe43fD52FbE1F0ec734DdA91,0,,,3560.82,,
1000,1,0x8cF7c06c0cB60Ef4BbAacAbf5ecf306b7e3A963b,0,,,3560.81,,
1000,1,0x3af884ED9A86768F998E89b995119D616402D30F,1,3259.16,313.80,3572.96,3084412,94157
1000,1,0xBBCeC77e3c132C637aA17531A0CC72919f179E70,1,3259.15,326.03,3585.19,3084400,94158
1000,1,0x10549aB0Ed35cE9773c34c29785D03BBCBc2495a,0,,,3585.18,,
1000,1,0xa0133e84Ea233703F0C2922C42e837753D371ab1,0,,,3585.17,,
1000,1,0x5B431f78C317aEfAb04F9b3cAF4D0Bb1ECc2A30a,0,,,3585.17,,
1000,1,0xA5bFdBC3AC1b8936b0E12bF832B5145104ea5cBE,0,,,3585.16,,
1000,1,0xCB9A5D1C90faf6a9AE8d481fAc88686383ab6F43,0,,,3585.15,,
1000,1,0xcaC1B8bA17F7B5d30EB1FA8Ef66EEB3B7599B8eb,0,,,3585.14,,
1000,1,0xBe44BDC7ACc252d1fd21ecE099D4f155792c0c7C,0,,,3585.13,,
1000,1,0x28787298499352185370a8A2949De1b15b2f6298,0,,,3585.12,,
1000,1,0x247344106FBeF4Df9cF3E735afa6fE5AD08626AD,0,,,3585.11,,
1000,1,0xAa176d009B8c996d101E53F608a792566466Ac63,0,,,3585.10,,
1000,1,0x98D6c4E845B37807f29973681B3AB521dA2e0629,0,,,3585.10,,
1000,1,0x010F863f6Be13D394A2E2b30b7927FaeC7da9063,0,,,3585.09,,
1000,1,0xb0cE8A50e2a338737b9fDe76B97a477d0694181A,0,,,3585.08,,
1000,1,0xDEd19D61bd05aba6Ee554D72728313bA05928A6b,0,,,3584.97,,
1000,1,0x6AdCa28A667ECaA3069daE6134C025fFb77C98eB,0,,,3584.95,,
1000,1,0x9924ee1f8aac23a4f05cC7Bf45E312B707264f60,0,,,3584.94,,
1000,1,0xeC95098a2E14f64ED3462fbe297406F3d9cE6337,0,,,3584.92,,
1000,1,0x28d9a34c8331d49906a696586f7E7D835455a077,0,,,3584.91,,
1000,1,0x45d6B94f532aFBe7ad2816a7b3Acf5D9D643Cc00,0,,,3584.90,,
1000,1,0x237e97d5Dc3D52722c171cfD0066520F598b0e7b,0,,,3584.89,,
1000,1,0x38F5e6272368Fc5039B619E9c0D6169cccC14419,0,,,3584.88,,
1000,1,0xAF5D0Cd96985E2462a10F3F4D0160A579280240F,0,,,3584.87,,
1000,1,0xfd9B9E84479d1cDec4B0D3695EE8be1F2E8E7750,0,,,3584.87,,
1000,1,0xbb0348aA52Fe8f42DE49B5aA70DF4CBccE9F9BB9,0,,,3584.86,,
1000,1,0xa0e63be5fc4f3FBE2B661A47Ae451FfFeA2484F9,0,,,3584.85,,
1000,1,0x231edf153111Aa5bfFbBF424D5154F7fE5106E77,0,,,3584.84,,
1000,1,0x303d12D11Bea6C051eb50215fe00C6264471f423,0,,,3584.83,,
1000,1,0x245f4C9707f9e1f279582b9CD40b1D82b3bC499a,0,,,3584.80,,
1000,1,0xD05bc3bA648B9Fc5DC2D54470e928d02881865AC,0,,,3584.79,,
1000,1,0x40e579684427930f4a74a5DB5a411179B7c97fff,0,,,3584.78,,
1000,1,0xE20Caf1019610B6225012c2d8e69cC582F7B4213,0,,,3584.77,,
1000,1,0xDdDba1338fb9C0E333340CEe574539CEd73abdb6,0,,,3584.49,,
1000,1,0xCc11751C3DeEd6F6680d0fdA88411f3C036De4A8,0,,,3584.40,,
1000,1,0x0888912ACdCc77F23B9b706F17251fb1c3bd9960,0,,,3584.38,,
1000,1,0xF4991f6Dc555a5Fb8016da97dC5D2D4DC1349548,0,,,3584.36,,
1000,1,0xf0B12Ea630521CE103F56779aC5FAA3E9F91ce46,0,,,3584.35,,
1000,1,0xE6AE2Ee8cc5091d8Ff2bab490A3a9888373cE991,0,,,3584.34,,
1000,1,0xdC28bfF61Bbf6aED96B5497b2a9803E25C5422f5,0,,,3584.33,,
1000,1,0xA885d7AC6b722bef591Ce57888003BDB708466f3,0,,,3584.32,,
1000,1,0x8D59B0B26df30d274fdCe71B184467eACAeB1834,0,,,3584.31,,
1000,1,0xd9880968318E0764D6FCE1EAA0e65be3f986d191,0,,,3584.30,,
1000,1,0x1bD6211cF0C19166ed8B3DF256fd3B4f40264cde,0,,,3584.29,,
1000,1,0xBe954Ed34588b1aAab281428135B57b032dF3C6f,0,,,3584.28,,
1000,1,0x2DD4D4ce7381159FF5B2e8ed9a2476FeDEd8c7fB,0,,,3584.27,,
1000,1,0x39eDa45eFbDDa28193E63C1DCC84D74C32f36c87,0,,,3584.26,,
1000,1,0x74fB3d964B871DD6f9246f6008d2ce4dEde67AF1,0,,,3584.25,,
1000,1,0xb951E5Ac2E3747926FccfEAf4f35ae236ae2A043,0,,,3584.24,,
1000,1,0x2879974F8B622E4a9b2B7c7a6D6a122F6933B0d9,0,,,3584.24,,
1000,1,0x958b1b85ABF7408C3bb1016066713103113ddE89,0,,,3584.22,,
1000,1,0x24cDDCFAc084FfA5ea7B9Bd3726b7683e5424b90,0,,,3584.21,,
1000,1,0x56a89fe59c147b3b5aA2a1548BB527B3ec525a66,0,,,3584.20,,
1000,1,0x057A9c7B5814206BEf2dd7AE5E9D1Ae3718395fb,0,,,3584.20,,
1000,1,0xfF36bcc652ca18A3e92703C12E35954B48C5a9BA,0,,,3584.18,,
1000,1,0xdf7E5a406849bba2e6abb232d43481D2a20a406a,0,,,3584.18,,
1000,1,0xAE0d4b97447eb81675F71b5FdFA17859dc61B5b5,0,,,3584.17,,
1000,1,0x3f4685854C94E4e5987C65b0e9D8EA740aD0E963,0,,,3584.16,,
1000,1,0xf584F44Ddc0B9B236A21f96C0eD4539520FFF446,0,,,3584.15,,
1000,1,0x2d57681a56b133a1d9a9A7b8da79295355f03bd1,0,,,3584.14,,
1000,1,0x388014806857b93c97EFE7e59D7Ed541583A0445,0,,,3584.13,,
1000,1,0x7B22BE6dC86A387155dfFF6D60b683c9dcCc7622,0,,,3584.12,,
1000,1,0x9760B50042503F00804d17063Fd83E4Dfe12A9EA,0,,,3584.11,,
1000,1,0x49c90c9c9f47913Ff33D52c95D9DE63792536086,0,,,3584.10,,
1000,1,0x6CcB03934e3C808E0FaCe85859c9cFCfe2BEcAA5,0,,,3584.09,,
1000,1,0x80a8B00F969c225cd0037daA2E5F33A3Cb7Ac31c,0,,,3584.09,,
1000,1,0x30A4d14e789A1C5767Aec4D82DB0888A860D8b02,0,,,3584.08,,
1000,1,0x47aC5D56FDFF6920CE595dB196381706550D72Ee,0,,,3584.07,,
1000,1,0xFd568688711B13E8b8cdDbF214A0B7e607737e16,0,,,3584.06,,
1000,1,0x42011f22EE0066ca500dcc7Ca3dD3fc34d1C90A2,0,,,3584.05,,
1000,1,0x6efF713Ad88B0d9860C1165fDC1C6D48dd460B7a,0,,,3584.04,,
1000,1,0x6861dFF7bb0f6cd5d6Ae9cFD8eDCb342f02e3C55,0,,,3584.03,,
1000,1,0xFf93839d9c785E3be5B316726984A813B009f31a,0,,,3584.02,,
1000,1,0xF53246E009d5B7CeeE948c43E5191b034A739783,0,,,3584.02,,
1000,1,0x0Abed5A2a0DB9D8c55fBC2489027f9288A9a9b60,0,,,3584.01,,
1000,1,0xA63Abc5e395a1b60e0986d2E7C977507588CCD7b,0,,,3584.00,,
1000,1,0x9eF5Da2f578961245269d5aBcF067d682eEd373A,0,,,3583.99,,
1000,1,0xb1430e70A2eA8f4eEF99d6BF5e448DaE9E8a3Db1,0,,,3583.98,,
1000,1,0x6a6F69eB5971d1385d26C6a16beac618d26e4C07,0,,,3583.97,,
1000,1,0x6f0a6A8B602fe45D8F128FD10c1B87A58f1cc41b,0,,,3583.96,,
1000,1,0x3D4AA5cea7EAf9703Ebf05f6Bab4F653F1D36F0c,0,,,3583.96,,
1000,1,0x0e99B78735b2e39Da3d91f78f65d0A6028EB15e2,0,,,3583.95,,
1000,1,0x291157D3D853c2E1b2a2E78a9628e0708B1cB1b1,0,,,3583.94,,
1000,1,0x8d005ce58585B086bCF5CD3d1DBfeC0275e11DbF,0,,,3583.93,,
1000,1,0x9543aF8574FE71E79F3E8583EBE749BEd0bd987a,0,,,3583.92,,
1000,1,0x00C1B0d2D91F9D78eD7203E8aB8974CB418E35D9,0,,,3583.91,,
1000,1,0x1a43AEb4190C8ec7b61bd4Da7e063bc02F8080eA,0,,,3583.90,,
1000,1,0xd74866802De2998aB3205f9Fc0b0a9306f68c001,0,,,3583.90,,
1000,1,0x27f95d3A2D7Bf0a37f2365BbACD194c9beeC8579,0,,,3583.89,,
1000,1,0xF921886ca8ba4f949d3F80738a327AD147Afc724,0,,,3583.88,,
1000,1,0x50CB1570117d54E599d9dB8dB827Ab85B444233e,0,,,3583.87,,
1000,1,0x563b6b52a9d7fCd638Decd03C41F3743D84CfB43,0,,,3583.86,,
1000,1,0x3B83b5ef3eCFE7C764E3F2400851d159C1a09230,0,,,3583.85,,
1000,1,0x45603766adD8468a67D7a755496a82d45b21382b,0,,,3583.84,,
1000,1,0xfBd085420e6F02be15dA6e084bAe2ee2Ea6A2A70,0,,,3583.83,,
1000,1,0x10b40C53cB11cC704cB226bE12777aC7A7965769,0,,,3583.82,,
1000,1,0x4510968ca585F0149A38098122aF336B56bca0aD,0,,,3583.81,,
1000,1,0xee023b32E38A6EcC1F1708ceac597631e1031fD0,0,,,3583.80,,
1000,1,0xd57A43758e7a70A99a065FA516A2A6b697f0D50d,0,,,3583.79,,
1000,1,0x352B61DA1A58017cEf2D96878FAD4dE7fa540022,0,,,3583.78,,
1000,1,0x73d746353a720B4729d5D88d8bF125D7396889E7,1,3457.16,138.69,3595.85,3084400,94158
1000,1,0x19A5f7850084C2CEe57DC2485928Ef54b610D43F,1,3457.15,150.90,3608.05,3084412,94159
1000,1,0xd2d42e99d6274cf3E8b236f71Ce73caabF766857,0,,,3608.04,,
1000,1,0xC3C336B15896b8418A7238e58148Fa68b4B67dA2,0,,,3608.03,,
1000,1,0xdA36c8eecccCfA174f8C0F6e8B0B559F9Dd21064,0,,,3608.02,,
1000,1,0x06627a7A20D05A709757016a151D3c23a76C8eF9,0,,,3608.01,,
1000,1,0x90c034C007530c0E35C96c1EC42cD3a7Ed932113,0,,,3608.00,,
1000,1,0x2707023e58BFf93d44fA4a8c583200B7DB1129fC,0,,,3608.00,,
1000,1,0x5Ccd82E998E3Da06080355845DCe483530878c45,0,,,3607.99,,
1000,1,0xa466eB6B353876BBCb6E1EEB61200524A067d8d6,0,,,3607.98,,
1000,1,0xd57A4be2a9F2A1A123e060b43aD3F355f694d673,0,,,3607.97,,
1000,1,0xcc8C573F9d6201f4Ed4190a22a7A73cADb9aBB70,0,,,3607.96,,
1000,1,0x331d966e7A9a4AB6f3B33d235AD34F093d2fC26f,0,,,3607.95,,
1000,1,0x7AF26722C0934d95666Af4F564eBaBAfA21078E4,0,,,3607.94,,
1000,1,0x03dAeD8DAC24B0Ca317beeeE673418d5ed8B46Bf,0,,,3607.93,,
1000,1,0xb8A9b701B41d939Ead229B05711fe620500F2725,0,,,3607.92,,
1000,1,0x3851A57B3F436A60134352eBB04269251092E0eB,0,,,3607.91,,
1000,1,0xDf3fc8323f09e09bA31F1ef0A0017ae375a0837A,0,,,3607.90,,
1000,1,0xaca4e98Cdc95581fA8F9e6D5B9858e7018A9a500,0,,,3607.89,,
1000,1,0x056479ffcA7205a7Af11563bDE9F7b64FFbfb991,0,,,3607.88,,
1000,1,0x55af2E5d11e87A910549cb5AACf3173761467d01,0,,,3607.87,,
1000,1,0xed402aF62E9563e4B6CAFec03EcA02376215BA93,0,,,3607.87,,
1000,1,0xD082Dc35b41c2d9248e269192c8f82e01BC1976a,0,,,3607.86,,
1000,1,0xe699F6DE58d0a3dB9D786afCe2399f0D6f5279ea,0,,,3607.85,,
1000,1,0x198af11D3e9A1aF7Eee598c926109346A4451C58,0,,,3607.84,,
1000,1,0xDDA44b4e3b0eB9d9839641db6C7f8f994438b66B,0,,,3607.83,,
1000,1,0xA7F64dec91718eE2A8a58dC53B8Ed2ca4Cb9e097,0,,,3607.82,,
1000,1,0xe0132bC84BcE30FED1b23B7c3b2FD75E9b880f9f,0,,,3607.81,,
1000,1,0xf32Bf150BD434D893D090a62e1Fe3E430EDdAd19,0,,,3607.80,,
1000,1,0xC0E09fe895B8e74e73A3A6031EBd4f270EdC9111,0,,,3607.80,,
1000,1,0x78017B9DE432490052b50148101B48147EF34078,0,,,3607.79,,
1000,1,0x7Ca423CE717FC7b717e85f2D567E1Dae02437B03,0,,,3607.78,,
1000,1,0xfCa5af9D6f5f9347cffE948a51B095bad2A566F7,0,,,3607.77,,
1000,1,0xAb6DdC44bc7A8DcC394274DC9B5dcd5cB545e61D,0,,,3607.76,,
1000,1,0xf6587aCDCB61068A3992B2C55F6e6d0c401a2558,0,,,3607.75,,
1000,1,0x65f360B30196515148661DDfe8BDe1EfdF7001Bd,0,,,3607.74,,
1000,1,0x8A99De0348475b507AD93525D4D59E29ba900fD9,0,,,3607.73,,
1000,1,0x0c576a257df5a5565dA51843FD6FB76F76163051,0,,,3607.73,,
1000,1,0xe293c04b647ABA3F717A55cD06aD2148c7Cc9906,0,,,3607.72,,
1000,1,0xEb9Bebf9A23F23348627D5a25d43f996db4f7126,0,,,3607.71,,
1000,1,0x694be74466eEAA6276f2B414ad95259282120A3B,0,,,3607.70,,
1000,1,0xF12A90dAc1D87166bCDb4aB064Fb10743Ce3C375,0,,,3607.69,,
1000,1,0xC56b39D7D23c1C2D566B36A882Fd78D62d4754b6,0,,,3607.68,,
1000,1,0x93ca36aebceAD519F2a33061299e0a85204a0A3b,0,,,3607.67,,
1000,1,0x0af278946555CF2CeEb9D8358a549Ca3C5F6c26e,0,,,3607.66,,
1000,1,0x5C4AF32e310e3D50261972F1972167294ce264Da,0,,,3607.65,,
1000,1,0xcAB3352e75B803efBF90b56F06c10b47Fa94E1ee,0,,,3607.64,,
1000,1,0x93104818494262793e568Ae2E6BDac6b5CE64D46,0,,,3607.63,,
1000,1,0xaDD742171CCC95bEf5E68A34A8F7444387dEfA0F,0,,,3607.62,,
1000,1,0xa1D4530f0EF89D48B0444D04b66AD320467435ed,0,,,3607.61,,
1000,1,0xc7DacB2635Ddf207220fa820367E46dDAfeD3bB6,0,,,3607.60,,
1000,1,0x25Da9f10a6C048d56F5A4A6DBD9b05e06002ced6,0,,,3607.59,,
1000,1,0x51536bd466a91d5028eBC0ce74fF2c358801B982,0,,,3607.58,,
1000,1,0x6243928f6C6dAE2C71575EF51EBd96Bc89da89bf,0,,,3607.57,,
1000,1,0x1B120Ae4Ea9622D0CFB324bAef018C75CE4C9e51,0,,,3607.56,,
1000,1,0x0e2A070cdC5c2ad6c9f769E5e2180813564a0C61,0,,,3607.51,,
1000,1,0x3B9eA7BA432f72006a429729AbF333564f648774,0,,,3607.48,,
1000,1,0xB9E01526A564de7dC1390DB7223Fa63b9dbE396c,0,,,3607.47,,
1000,1,0x1836eb714B59Ba85128B8B4E9881e0FfFF25cc9e,0,,,3607.46,,
1000,1,0xA741242e6d4504bF6738E5c0E29191Ede178F386,0,,,3607.45,,
1000,1,0xd387cED0d35187345278D5d80DA2CcD68491eA30,0,,,3607.44,,
1000,1,0xEc305242231382De8Cf19E698858Dec24065284d,0,,,3607.43,,
1000,1,0xA19dc7bf46DB3A9d2b9CB1369D9af0386b12f293,0,,,3607.42,,
1000,1,0x07f4221fCBf708E35c485DBdF10fb065DeDfDe38,0,,,3607.41,,
1000,1,0xC3f96000E2E041945a7e1B227036f58580B1510D,0,,,3607.40,,
1000,1,0x0a594dBE4f707e9963Eb15776488934FcbddD5c8,0,,,3607.39,,
1000,1,0x13cd5b3995e6E6474c22435aA9258494b8cbFBFb,0,,,3607.38,,
1000,1,0xB17D321a175f03b972B305612A979387009Fa262,0,,,3607.37,,
1000,1,0x757BaA243b9478b3fCe3272BB4411DfcC86c4e63,0,,,3607.36,,
1000,1,0xF50F1BF9626654072C9399ae4B6575956f89a11e,0,,,3607.33,,
1000,1,0x3C7CB923C5aB85feeFa6AFc5518ad7D954CbA297,0,,,3607.32,,
1000,1,0x7ab1bB04E349e638c124CbA9cC7487efd66b9D61,0,,,3607.31,,
1000,1,0xCb2f1DF70fbb33200E34BAF29eae363Ec4C900DD,0,,,3607.30,,
1000,1,0xe7E9755dEbc6A962b3E6dbd9a245adCb7006d1D0,0,,,3607.29,,
1000,1,0x6895360C437Ad993ebe71CbD5ecc0aD0296410c2,0,,,3607.28,,
1000,1,0xFA93f104c65a9F94a8bC31943ea6bF02Cd4C5b57,0,,,3607.27,,
1000,1,0xC69b841F7F27410FcAD13BfB1076e5696c27b37d,0,,,3607.26,,
1000,1,0x1e3C2712FD32Fb7C21D3a298D424b108e1F91869,0,,,3607.25,,
1000,1,0x443308e7AD523170AdF163E3Ee3CdD19DF708c1a,0,,,3607.24,,
1000,1,0x76d80EddAA4bd44dA6cbFDe8d61CE2eDda01de50,0,,,3607.23,,
1000,1,0x7d036e5031BCDC77CEDB1e8FC634Dd5D1274A3CA,0,,,3607.22,,
1000,1,0x9B4f49592e75eCfF589CF77fE414f8cd1C23Fc10,0,,,3607.21,,
1000,1,0x773846Ee3CcaC51E3e4849DE3ca196344985742B,0,,,3607.20,,
1000,1,0x572D61cb19A0c3C718b6a2167E39DD5e306825f7,0,,,3607.19,,
1000,1,0xEBa2Bee5412fd7E427699A00E56322279449a66A,0,,,3607.18,,
1000,1,0x582e69a00f54a5917531C7986Ac62667bB3bd849,0,,,3607.17,,
1000,1,0xA0765D716C04F3a74AC63A57A449bD5aCa4B24EE,0,,,3607.16,,
1000,1,0xc8706115ec93300D5740B7f1aBFee114A4B203f1,0,,,3607.15,,
1000,1,0x632eA23a144C2D41481D514e25EF6773350F3782,0,,,3607.14,,
1000,1,0x9b9A874ed73Bf4381D100A6109DE998a30607f03,0,,,3607.13,,
1000,1,0x8f4899F37BcaAF0cC000527cAf66966C00Bb2FE7,0,,,3607.11,,
1000,1,0x6853A044d60acADF7DdE0033a7D5bc1cD72eaa22,0,,,3607.09,,
1000,1,0xB743Bdc953113878606c93043F76bDADB2ea9844,0,,,3607.07,,
1000,1,0x7f07Ee2589Fc4C7F6fA75cfA6B4Edbf63a6f72cE,0,,,3607.06,,
1000,1,0xC7b89600E3e5bAdce5eD03ABD337EA9986645992,0,,,3607.05,,
1000,1,0x59994B4Ed3f7E17750ba9eC558211ccAf2376061,0,,,3607.04,,
1000,1,0xf17460c4DD6d475D0ed697596aDc9592F1d357B9,0,,,3607.03,,
1000,1,0x3Fd82cB074AA7701d4AEd9bd64650013D56c95dD,0,,,3607.01,,
1000,1,0xEEeb5f416879490a9210c5Ed16D2C5E23057D219,0,,,3607.00,,
1000,1,0x087d79E9D8E20a5e305169a4cE6412D4eF456F6E,0,,,3606.99,,
1000,1,0x567e7eD1c2A46E12563ED533522149DBD321cCE5,1,3256.59,362.75,3619.35,3084412,94157
1000,1,0xf2bd55C87313c359631e98e05B9dD0e4d7Eb62F3,1,3256.58,374.88,3631.46,3084412,94158
1000,1,0xe075dcBC703E50aaD8936DbDbb64F8CaA78aE859,0,,,3631.46,,
1000,1,0x33f342Ae65d61Cc1b6eb24834ecB7eef3C698c1F,0,,,3631.45,,
1000,1,0x802B4eC943c1C0B78be8F81240d124926767bc56,0,,,3631.44,,
1000,1,0x59175180fB006e776027fAE4603ebAd0C7102aD8,0,,,3631.42,,
1000,1,0x97534949291f0d50c8Bef0Ce588b24Dac8726fe7,0,,,3631.41,,
1000,1,0xD6E3F29A2c4FbB32714B65aCf9E6bDfb67dA7ec9,0,,,3631.40,,
1000,1,0x8c0790ab9eEE13A07Db207466686Db2aC8633520,0,,,3631.39,,
1000,1,0x0eedDebec211bE60da5e05184bCc630fCc48c1f1,0,,,3631.38,,
1000,1,0xbdFfB5E1519d00d9354771af9aD64211f5316Ce1,0,,,3631.37,,
1000,1,0x00e35bf95cC08b4136D64F203FD05B31bb96Fa40,0,,,3631.36,,
1000,1,0x91bbf07BA03A3ac19dcCBCE27A3d52e49F2B915B,0,,,3631.35,,
1000,1,0x0bf5dAC37d86EfEdafB3cbfBb5158cfFCBFa9666,0,,,3631.34,,
1000,1,0x3794700C08cef72C7C1f4780CFb7752b2Cf49184,0,,,3631.33,,
1000,1,0xbA48D17f8825d59Fb7d7Bd4c9B0fd2C6fbf9dDb3,0,,,3631.32,,
1000,1,0xAFF492F39AB214B8F8A9784ca4f4470A49Bb29c8,0,,,3631.31,,
1000,1,0x6c82b167Fc8D6ACd458307E6e9358E8c73E081dd,0,,,3631.30,,
1000,1,0xF55102F10F39D08525df0E7068FE48895CFca57e,0,,,3631.29,,
1000,1,0x4204aeA25F7A775C6A0fe4aA658f0C86fB8fD2F6,0,,,3631.28,,
1000,1,0xeEd4093B8E36dFA21B8fa666Eced9CE6F7f9B264,0,,,3631.27,,
1000,1,0x3Ab0263A76A1C2A2c3d70aebeB12FE841FeDc161,0,,,3631.26,,
1000,1,0x06Aa0eD7AE587e6C3979893C0AC81371bDC99244,0,,,3631.25,,
1000,1,0x09485fe5f6145D348D25C6844b9599A7F6e584c1,0,,,3631.24,,
1000,1,0x0b83F441e602E2040620F8997be17f9e19192a08,0,,,3631.23,,
1000,1,0x85845b9d24a5a82684A678c11332804C6aA098c5,0,,,3631.22,,
1000,1,0x2b6047d28192c269da2Cba5C6F54290852d6Fbe5,0,,,3631.21,,
1000,1,0xEaA0A8FE848EFd240D5b35A24694CED7B31cC6dc,0,,,3631.20,,
1000,1,0x29b1E4af860C7eFcEECfBea9DeC6382D44Bf70a4,0,,,3631.19,,
1000,1,0xbE52ca84AA74aE178a7c8e1aD8BCcfe7A08B7C38,0,,,3631.18,,
1000,1,0x400E6866B7A36997b72aAFc9486BEc6557369539,0,,,3631.17,,
1000,1,0x67770aac2bB73569AD869E3b1cB35A5d3BA78c12,0,,,3631.16,,
1000,1,0x83e43562B087198c96D37B13c8ac032f213d5D54,0,,,3631.15,,
1000,1,0x7f1E1c78DCB5649CB9640819a7F0608899e1708f,0,,,3631.14,,
1000,1,0x1CF038840A2f5900C39613f66396A4969220D8df,0,,,3631.13,,
1000,1,0x0c0EdEcF2c3A1F4e1846Fa87bBeE4934CBBe3a99,0,,,3631.12,,
1000,1,0x0773b8Dd5C8f552C53352FaBD90aF37593061faB,0,,,3631.08,,
1000,1,0xEeB22bD24B5B72dd07588Db6421D4E60B3Bcb57D,0,,,3631.07,,
1000,1,0x03AF980E75eBCB02B48acaE1bA4fa5DeD77eAa01,0,,,3631.06,,
1000,1,0xD680DAd36B769FfcE9ED7460550C7b5648D3c0c9,0,,,3631.05,,
1000,1,0xE703B7741cB64579cBe31d9716399Da34395CBE3,0,,,3631.04,,
1000,1,0xB7C74FDF42AF26E0D2a166D279aA74C7B1C64099,0,,,3631.03,,
1000,1,0xd099B41aC9eCD086185AE40453dF44e7e65059F2,0,,,3631.02,,
1000,1,0x62E75DfD7aF3d470f58a4200C52c017f92d17CD3,0,,,3631.01,,
1000,1,0x558cA37a81cE41AaE77060bb948405b7F212a0c8,0,,,3631.00,,
1000,1,0xFd818672363E4E8A8313124c7D07a472293E271F,0,,,3630.96,,
1000,1,0xf1A198a2fA37eE3f5366fB172E56a6cb7f63695F,0,,,3630.95,,
1000,1,0xDdfD131056bc0D0784B757b4557fe5414e9017Fc,0,,,3630.94,,
1000,1,0xccb1aa1c3dF28A35597115f2c9B750E1D9224109,0,,,3630.93,,
1000,1,0x42970e6EEa5E6fDa72D794F210c21FdE0E53dF7b,0,,,3630.92,,
1000,1,0xAcFD5Cdde8699077CD7650fa57f01357Ee3be1b6,0,,,3630.91,,
1000,1,0x4E911aa6dB13EAa598e227447aFd6e5500f8A631,0,,,3630.90,,
1000,1,0x6853aD00487398cEfEda732210e5A8929e1baf12,0,,,3630.89,,
1000,1,0x616ea1e963863417e3A51a5233b0E510FF0e87fA,0,,,3630.88,,
1000,1,0x079188029D95F9C140a977A8ca4b02D190bC528e,0,,,3630.87,,
1000,1,0x5E4D75C4cac0172339ad3b07E3b8B53BbAf0D7A1,0,,,3630.86,,
1000,1,0x7734f37C1f5549f6022c9eA07c9f076DD941a051,0,,,3630.78,,
1000,1,0x47a71c54830606CC57489761cCAd7662B742E420,0,,,3630.76,,
1000,1,0x479D4Ae542d4C87183BD1348450891C06657cbbF,0,,,3630.75,,
1000,1,0x58A4A3704E9b802992A5f671AA4436c6E165B925,0,,,3630.74,,
1000,1,0x84D9e463C1562b832E9e942912936F7e8F6442E7,0,,,3630.72,,
1000,1,0x3f894e8e5ef23A1fE810712676BDC772bdeE6AbD,0,,,3630.71,,
1000,1,0x9ecC28C3617E9E2D11b830dd949F7250d58fa6b8,0,,,3630.70,,
1000,1,0xbeb7fAAF79A523b16d481B3350DCA7f2d5231D94,0,,,3630.69,,
1000,1,0x2E2A62392530E3A18b5cC38cb5B57315FBD29a1f,0,,,3630.68,,
1000,1,0x4a3269bE42c57e4FA589eAb5a8D5A737E26DaE74,0,,,3630.67,,
1000,1,0x7Bd407954783931a6Fe028494342cc7d7d0CDec7,0,,,3630.66,,
1000,1,0x563A8Acd80C73f48A9A92d0fa1A6D0D7e236fAF6,0,,,3630.65,,
1000,1,0xdE268D208C40dD9df2f322F198F8e46d3E161Ee8,0,,,3630.59,,
1000,1,0xE79E10555588d009782826FfE071428d85042f06,0,,,3630.54,,
1000,1,0xD8BBa9D14A54178C3985824d8D5667EC713AB34f,0,,,3630.52,,
1000,1,0xFaa5c724b058452AF262Ee03196A0Ddc3D7a807B,0,,,3630.51,,
1000,1,0xB9a020f63844f3EBc109D7bCd7e2D0F6d0587558,0,,,3630.50,,
1000,1,0x8e4a0CDaB803D02615eA6A6909e65b2169B65d43,0,,,3630.49,,
1000,1,0x595Cfe5Fa73A4515cD7CE3fD550904beb6F3ca63,0,,,3630.48,,
1000,1,0xB6ABB1b98deB1332Ff2b0dD8907C80aFd0E6964e,0,,,3630.47,,
1000,1,0xB30F1473C275A4a7AdAD93663b23C5575E9a6894,0,,,3630.46,,
1000,1,0xdE03c6f7A02B4a5A277E8564b22bed61DDDD14B3,0,,,3630.46,,
1000,1,0xb5749951C428D4246a69B330F9b89901355E7C0B,0,,,3630.45,,
1000,1,0xd56d2b498D31029D431cFF02bBa001Cfaf3A7a7F,0,,,3630.44,,
1000,1,0xDC9FcCD07e57fBf441aCd9051947b45AF8bA99d8,0,,,3630.43,,
1000,1,0x48502B5d3998395a27836EBA15CE2Edad11884e6,0,,,3630.42,,
1000,1,0xd05AAad19f98e0a6997c7de3827b1c4D00D0eA8f,0,,,3630.41,,
1000,1,0x278687A34b1C601E7a1E1185b87352295ccdE5F0,0,,,3630.40,,
1000,1,0xE0bf18F38A741e406199B2894432c354F5408D28,0,,,3630.39,,
1000,1,0x7c4AF5DD5309BD4Cd602cdF8321e24920bD31C1D,0,,,3630.38,,
1000,1,0x8F88d678926395192DEFA10CD9f1bCbC79487De9,0,,,3630.37,,
1000,1,0xbF3A34382a7579c7AA291CF6944404F2d5a35B5A,0,,,3630.36,,
1000,1,0x0f2be8570E6adc6d55E353A9b1Ae5C0B6568Ad89,0,,,3630.35,,
1000,1,0x466F035bAB934aA93008F00976cD00Fe891d23D2,0,,,3630.34,,
1000,1,0xfF4716C0623448bE990dDc05D7D4de173e6e3178,0,,,3630.33,,
1000,1,0x1a25e62e0C3b64C711307aA41190a96f7ee8CAdf,0,,,3630.32,,
1000,1,0x4F17fACeC59eEd1A61D04Bc98b9060C6553035e3,0,,,3630.31,,
1000,1,0xBfDAeC2B98B0c58d4A37cAd367995B259432F415,0,,,3630.30,,
1000,1,0xfC659EC32934584670725B194e3b4dC01e80Dc9d,0,,,3630.29,,
1000,1,0x9FBED5Bd95f369bB0E489A77993A2D2445768216,0,,,3630.29,,
1000,1,0x38B6b4C07038026F0357C3Df6040B7665Dd12dA0,0,,,3630.28,,
1000,1,0xbE8B8838698262a593a86a4fE33a3c6e5F53d7E6,0,,,3630.27,,
1000,1,0x1612f54A9AE082A70c83C92304DA85215e4d0986,0,,,3630.26,,
1000,1,0x3A169C7DBa6516132Bd8c4ef9a3065a5737650Ca,0,,,3630.25,,
1000,1,0x062a4c8A7163999eaa256dd0a93212CA9C74aaCc,1,3443.84,198.49,3642.33,3084412,94158
1000,1,0x4C68cE7C50da242522E040C4A04F5941926ce757,1,3443.79,210.92,3654.71,3084412,94159
1000,1,0x3A8A3e951f3fF04Fe764Da08C9BD2E5Cd56986a3,1,3281.51,385.47,3666.97,3084412,94159
1000,1,0xbfF2003D9a82375A047Dc53b5b76C144bE3426A1,0,,,3666.97,,
1000,1,0x7f574AF892072bd6C8158C00ABB1d1F51f67864d,0,,,3666.96,,
1000,1,0x7e12E93fe9bb4e3062128612199959fE0daC2386,0,,,3666.95,,
1000,1,0x09959606639c4B89788aC741505CEAF410815c98,0,,,3666.93,,
1000,1,0x7A6E34EB4281F22EB5424Db11cC30f8A201855c5,0,,,3666.92,,
1000,1,0x47ee63b3FB6e369C34b936784d09c94CFbE7dc74,0,,,3666.90,,
1000,1,0x3b53bE59fbfff9Cd497f08E7A54bbDA961f388D0,0,,,3666.90,,
1000,1,0x0EbB773e20791cF710Ad5a6a0D4239ed679Ebabe,0,,,3666.89,,
1000,1,0xB86953f10281FFd2aD8FeB1A5591dd0D2ac29004,0,,,3666.88,,
1000,1,0x6904933AE02B86855658275b040fBD57172896bc,0,,,3666.86,,
1000,1,0xF482Eb2F988A3FdeB8439ff4Cc8852493e3D1202,0,,,3666.85,,
1000,1,0xA2a59aBcFD0FE8032Dfb4E37f9b5Cc0eFb73934B,0,,,3666.84,,
1000,1,0x0D79ccBD24b5aB632eCc230BEfCA37D06A4EbdAd,0,,,3666.84,,
1000,1,0x4FBA8F3c0c12fE9f5025Cd70417555822Bd76457,0,,,3666.83,,
1000,1,0x4477B117C56B3444C7405811b471131518b6062e,0,,,3666.82,,
1000,1,0x6aBd9A038cB2bbec6bfc3fa841F90c4dFe8Fb789,0,,,3666.81,,
1000,1,0x16Ca63Cd25d0983B7C4Ad9bD07F7974C0A516E83,0,,,3666.80,,
1000,1,0x97695b2E6aEdAfa59eccE614053772E6d1eD4432,0,,,3666.79,,
1000,1,0x360F236E9C6A458F2e017b8EcAb564f3b97f8fE2,0,,,3666.78,,
1000,1,0x212Dca937c210d6415ef6870584AB44669f37858,0,,,3666.77,,
1000,1,0x6d706354D603Fbbd3E44f7DC148f676c5c2425Ee,0,,,3666.76,,
1000,1,0xA4e8459F8C8baA17388Aa12FBF27562B834b6fFd,0,,,3666.76,,
1000,1,0xb78433184f169E9EeeAD9DF848aF33620d92475B,0,,,3666.75,,
1000,1,0xdFDbc8fa4DB78001C906d65D77D02C6d27dd4095,0,,,3666.74,,
1000,1,0x2D1dA4bfC0a0D73a1bCd2069B1a8e987CdD86b4c,0,,,3666.73,,
1000,1,0x5aEFF48DCC46A68ba5633254432BB1F580d3aE97,0,,,3666.72,,
1000,1,0x352661231690c0A6959134ecDae1885E6A443c33,0,,,3666.71,,
1000,1,0x50C3E5d1b9B94573818aC1A05E7a77eA6d5221d1,0,,,3666.70,,
1000,1,0x3B574dF5a003f89F6bBEfc02C9fd1E5FB508583e,0,,,3666.69,,
1000,1,0x1de64C69cc0678e7b8E0E620D4A8F90aA3322921,0,,,3666.68,,
1000,1,0xcD018Edb068FccaC66dE506FB9a967ED1f9daF21,0,,,3666.68,,
1000,1,0x16FC0Bc8eD542208c4c4246Ab2Ae1869f4AfbC7C,0,,,3666.67,,
1000,1,0xFA2Feb6a3f3fBaed53c45f1041cca5f1422A9d02,0,,,3666.66,,
1000,1,0x8881b1195B97C07286FbAc3716d87e8d6974bcE8,0,,,3666.65,,
1000,1,0x61839915e9E63a582DBA4cCf799a2525cE410329,0,,,3666.64,,
1000,1,0xa342C7a36b90F5D75699Ae8AeC4E804d49F23275,0,,,3666.63,,
1000,1,0xD25E09400aD0eF768fb3e0cE0F96561cb746DFB8,0,,,3666.62,,
1000,1,0xD0951Aa5ee68C42EacBdFBb46b94b28744A89f1B,0,,,3666.61,,
1000,1,0xD894027627eBcc8C1b2C749cAe2e0484389Fe215,0,,,3666.60,,
1000,1,0x9ad6346Ec9D567b1E928AE231114627e381Ecb39,0,,,3666.60,,
1000,1,0x43F0f244153640095E869eFf1e06a97c26aC8118,0,,,3666.59,,
1000,1,0x04a436f00c642DBc1Cb8592519337241c7D1A2bd,0,,,3666.58,,
1000,1,0x6991edb6185d613f398721BB2e0c0e55A1e0Cc91,0,,,3666.55,,
1000,1,0x1A687fA0cDeE3fA7A3e3aea030D8d0155550Cbab,0,,,3666.54,,
1000,1,0x0888d5B0A9157439b21BF17b33B94a9B88772304,0,,,3666.53,,
1000,1,0x272BB2604Dd482C44E040A42C4DA336b57E56984,0,,,3666.52,,
1000,1,0xe485c5f2d7d75868a4bb26d6d685A4953C465e1f,0,,,3666.52,,
1000,1,0xA4451E2EB213175beE5A517703F984e0bDcF3679,0,,,3666.51,,
1000,1,0xE695600d853B49b91cB668Dc4B9D908DdB6620f4,0,,,3666.50,,
1000,1,0x3E0F75825Eb6F44afD540AF466bfcE3535f75a60,0,,,3666.49,,
1000,1,0xf411Cffad9b9a0aC1170E6871832337323f8c90B,0,,,3666.48,,
1000,1,0x33a87fbc822FCc96c4506ED78e2D6Bc94CDd4a8B,0,,,3666.47,,
1000,1,0x49E4aA792BAB28636e8a300e01Bb15cdf5Fb9054,0,,,3666.46,,
1000,1,0x02e490D75C89624c694301eeC5f0527a5ACa9c47,0,,,3666.45,,
1000,1,0x30dD608BD3a18B7555bbBa72dAFF8B7Bdcd01085,0,,,3666.26,,
1000,1,0xebCb77A4906Fb73C895A77F13379804F24Dc59E0,0,,,3666.24,,
1000,1,0x4a97B7D5283d4065743722aCCE750db2dc7FEAd4,0,,,3666.23,,
1000,1,0x0C1618055269bbd0342b0F738661CC1F85DAD37E,0,,,3666.22,,
1000,1,0xa54E02f4A325Ae463b60892EA5011aFD80ed727C,0,,,3666.21,,
1000,1,0x7A78D8FEa6e5825066663A9229c7D8fD2426aFB9,0,,,3666.20,,
1000,1,0x00798bf28CC992b37fab57aFaA44E87fDaCa55e5,0,,,3666.19,,
1000,1,0x90D9C0D521b29e6E6F3828cdDEe558d24933945B,0,,,3666.08,,
1000,1,0x745AAABedEA69fea991b640132d851e26F0adBDE,0,,,3666.06,,
1000,1,0x7535b813f0d2f100969711D34035491e0342779d,0,,,3666.05,,
1000,1,0x587f9946bc1D92fA4b3B14a62208748DB20621BA,0,,,3666.04,,
1000,1,0x2F42D44613ea53865fc1749F727fEaE8E41239af,0,,,3666.03,,
1000,1,0xa04dC8b60c723f947a2Df2aCA462f7471875155F,0,,,3666.02,,
1000,1,0x287ED3178d880ec0AC4ae9DD209390e1F51826BF,0,,,3665.99,,
1000,1,0x6816e1aC597EcA0EF7811F3E81a2E76234465d6a,0,,,3665.97,,
1000,1,0xde71251ae59b1f127714223B3d9883158fB582Ef,0,,,3665.96,,
1000,1,0xFbEeA92bdf1Ba48a66b90E9F84F9A3985D6ef54c,0,,,3665.90,,
1000,1,0xEbf61BF251D162CE7aE6d617831AB745F4BC3731,0,,,3665.88,,
1000,1,0x7C83b0ca30b29D5328381B7C1e4fBE6eb7B6CB26,0,,,3665.87,,
1000,1,0xCDe018864f802122df9B6b4029fa8a4d3441aCCC,0,,,3665.86,,
1000,1,0x452a766a1023b4FE8b273a55B991f88538d0dDA7,0,,,3665.85,,
1000,1,0x54FA8F117AA41418F88E4a9cB0fdfF2B6B73231a,0,,,3665.84,,
1000,1,0xf262cA999d4a6b1D3c8aE42E1736E5ad650eeDAB,0,,,3665.83,,
1000,1,0x3e3B0e437E89831dc97ee726789741E3316d252D,0,,,3665.82,,
1000,1,0xD1e4933D505dF7cA9a701b23eC495fE008ec4EEA,0,,,3665.80,,
1000,1,0xcaee4f980eE92d49891e161Cb08268B1Edd4c417,0,,,3665.80,,
1000,1,0x07809C47ee0781c8D812C4Af6136437BBfd70Bfa,0,,,3665.79,,
1000,1,0xe09d0c0E679C2eac66959819fCc1bd9837989cc5,0,,,3665.78,,
1000,1,0xf48F088Bf53c3FB17834501d70ECC987855d5b8f,0,,,3665.77,,
1000,1,0x30849b439c9F0b7831BC9E43Aaa91EDaDc5b5C5a,0,,,3665.76,,
1000,1,0xeFc2f5f726839bB3257B586789Da9B50921B16F4,0,,,3665.75,,
1000,1,0xdF71831dF9eF8682f801818Ed1F5B56440A4F8cb,0,,,3665.74,,
1000,1,0xCEe3eB98D03A9fC55C712E36f031a4e0Ad965DFD,0,,,3665.73,,
1000,1,0xc21c8a87Bc701Cb3d74c0B741D4a26464D58AC9f,0,,,3665.71,,
1000,1,0x703E98568F75536603Cd05503a4b091D897Ab0ad,0,,,3665.70,,
1000,1,0xf75CF99F9331b93E73a88C1a786C36210588cF40,0,,,3665.70,,
1000,1,0x94d94C69150fa5e1D3Ea05aD11867E400178242C,0,,,3665.69,,
1000,1,0xa021a1F2FDde84FB95E14b0072F104a393EBdC19,0,,,3665.68,,
1000,1,0x7E0320440436E844F21D82aF53A3027f595d3d64,0,,,3665.67,,
1000,1,0xE343d788124547dc20425600537AeDD1146CA989,0,,,3665.66,,
1000,1,0x969a4372f484a9E74B3A9865eb11C9D0989e0561,0,,,3665.65,,
1000,1,0xdC07A6C6A98C9fc0Dd5c8C778b9133A3d1fcB22D,0,,,3665.64,,
1000,1,0xB358c71af3a9C6814859841B1c4Bc2527e928142,0,,,3665.57,,
1000,1,0x9D86Ea41e00ce79e48A32A08eF740D8Baa9AF860,1,3265.63,411.62,3677.24,3084412,94157
1000,1,0xC6dF2b36172fd9fE339f64d0d2e00dF1a591aa64,1,3265.61,423.59,3689.20,3084412,94158
1000,1,0x26e3994b420d282Ab76Cc6dB585A5f1bCA9Bb84d,1,3253.77,447.44,3701.21,3084412,94159
1000,1,0x4Cd27DFdCEB351c693D93C32E63C535Af1Ad3175,0,,,3701.21,,
1000,1,0x373bE2Fff28D2bbeD9758e81aE2424c54783898b,0,,,3701.20,,
1000,1,0xe49d89EEd79f12fE56a1976Cc5981ef3Ab3745E4,0,,,3701.19,,
1000,1,0xC50e782306ad7789c91cFd174EA2103D0a05581D,0,,,3701.18,,
1000,1,0x67E398d61932d5e2902553D300485ace73c51030,0,,,3701.17,,
1000,1,0x18099f39dA26e46A3bc27DfC10608536EAE78253,0,,,3701.16,,
1000,1,0x78a8d98164e1674737065531D7d1e568210a5d18,0,,,3701.15,,
1000,1,0xd0057Df1aFd9bEb76748aEec070a541b88A417A8,0,,,3701.14,,
1000,1,0x4bc980B6dFbC389F9AADD2885bc8308D8CBf936F,0,,,3701.13,,
1000,1,0x9013b8BcC7E9536107FCD04E886D61e780865b3B,0,,,3701.12,,
1000,1,0x0a9aAE6765906652b1bc8225DDBdDb5845a18dbA,0,,,3701.11,,
1000,1,0x0D3A5FF7e5d8b54DbBFf8C88A370fdE847498044,0,,,3701.10,,
1000,1,0x42aFd55f7Fc9C473379EaF80cE996443801438F6,0,,,3701.09,,
1000,1,0x54a3DdB1CA5d6BbaF1b832155cb40312d6632176,0,,,3701.08,,
1000,1,0xe51e1f0DC8316f60DAF5288e9Ca4A1C4D315Ea2B,0,,,3701.08,,
1000,1,0xDaEe4C458fd34Bd39F0C1470208830139962BDC1,0,,,3701.07,,
1000,1,0x1Aba0208bF342E9e8B961c01A20ab8C90A761aC1,0,,,3701.06,,
1000,1,0xcCFFb68b92C7C1403ce9b0B127efB26691a6267e,0,,,3701.05,,
1000,1,0x9333195F7043b2DB84cf72ED5c1E48Ad0Dd4c055,0,,,3701.04,,
1000,1,0xa0c1b40e0d1495C38814feFec133388FeC7C9eDe,0,,,3701.03,,
1000,1,0x2484874260E412683088fA0Ff734D03389281345,0,,,3701.02,,
1000,1,0xa08795e26b897B8fA7A1E4d84eB204b476D0F6c2,0,,,3701.01,,
1000,1,0xA4427741645500c5B9928E7Eb6a2697533A29A7F,0,,,3701.00,,
1000,1,0x9DC6Afbbf16319507A3847dAc020a68066787634,0,,,3701.00,,
1000,1,0x0452D3B24f9bE1591100795b0ad14d101D0ed020,0,,,3700.99,,
1000,1,0x77b90D81B32b2377895dd10FD6f9775A01c00c15,0,,,3700.98,,
1000,1,0xF643Bbe150Bc3f9a9b94d46A0dC0Ca4D5019fd73,0,,,3700.97,,
1000,1,0x04Daf495920f49807C05484aBF325a2f7c45FFFE,0,,,3700.96,,
1000,1,0xdAea24265B08ADE9a85B59c69bC42e36b90Fd821,0,,,3700.95,,
1000,1,0x960018eD4995c3059F3528605b6D0aD0acb849a6,0,,,3700.94,,
1000,1,0xB68FD7962b1ADa7765160918dF744e5BC91A18cc,0,,,3700.93,,
1000,1,0x39233c1b13c0A49694cE01dE061861F49ae93d66,0,,,3700.92,,
1000,1,0x46C9081abE8560Cb4983C6a7225EbFB295C320bb,0,,,3700.92,,
1000,1,0xDA6E6EA73e06a6d1DCA1fC4AF322FCf160Adb115,0,,,3700.91,,
1000,1,0xDaE8B0E9F554C82f686FbCAb1810d6B97250C282,0,,,3700.90,,
1000,1,0x6d0cCed8f93E6F95C10C561FFED30Fa670267681,0,,,3700.89,,
1000,1,0x29d3e91Bb667D98151581d3bc1A9c385bc124143,0,,,3700.88,,
1000,1,0x366AD25Ea54AC19b1EC1A75F7D23b90bDC9341D9,0,,,3700.87,,
1000,1,0xA11BeEA5e6C9e5caAB2b24C5Cb499EE85e497c9F,0,,,3700.86,,
1000,1,0x404D9f5dFACeddF75fe977a53959fbb800Bd2730,0,,,3700.85,,
1000,1,0xa2e7B02F213B7d39bA96cE499fa331702a9518A7,0,,,3700.85,,
1000,1,0x405CBaFEB71306F3867A4BD65A79F2B1B8201006,0,,,3700.84,,
1000,1,0xBA3D48C75288a3feFe4EBDC54B591333E76C7107,0,,,3700.83,,
1000,1,0xb5Ad22dee057D468d6dba45068F18a4406A5675c,0,,,3700.82,,
1000,1,0x57551cdfADd7f84753F7b88393E0936BFCFAC714,0,,,3700.81,,
1000,1,0xB9C6b9862909F24c33eAbA1B80374b84568A8F88,0,,,3700.80,,
1000,1,0x16eF8f74129C0851159e74f1B11039784e0B1a6f,0,,,3700.79,,
1000,1,0x6411A59D67C87A630F1eF41879dd3Cc683beecC2,0,,,3700.78,,
1000,1,0xc0bFFEEF2012c263B0bAd9CE4104840975af5711,0,,,3700.78,,
1000,1,0x6a1ddBCCeDFf6A991387Ef1cA115d402cDc921A9,0,,,3700.77,,
1000,1,0xde96A1534C38e1bD43C1568D57B9C14C253Ba6B2,0,,,3700.76,,
1000,1,0xbd3D5297C517Da60a2268eAF26dfb48048c42abc,0,,,3700.75,,
1000,1,0xBF9F9237A4517A294A5Aa2D0AF58064bB0Ae2E05,0,,,3700.74,,
1000,1,0x82A02c4BfDECFDb036Ac56E855DB754aD96a837C,0,,,3700.73,,
1000,1,0x41E29292Ae02156ce9924516347736DCf0E8e701,0,,,3700.72,,
1000,1,0xBC2b9e9548020909eaB88DcdC288804dFe421e6c,0,,,3700.71,,
1000,1,0x07B5EE2B077acc5f2D0b74b0C6452357ebCC5642,0,,,3700.70,,
1000,1,0x24079C3F45c4E6Ef17D483Bdd8Eb6d76Cf2C7f64,0,,,3700.69,,
1000,1,0x39F44E11571537af26c06f91C61d4a2EE6b24c8B,0,,,3700.69,,
1000,1,0x129BD9eDe713442DBA4af8276783c1065351b6E1,0,,,3700.68,,
1000,1,0x312205A59ACF44Eb5b9b08f6165700854128c475,0,,,3700.67,,
1000,1,0x394aF12e6dB6eA9783Aa3BE92573B02128c6a304,0,,,3700.64,,
1000,1,0xe8C304302f7e6241A00062603E1cE1402C38A938,0,,,3700.63,,
1000,1,0x1DeAad002B35E879711Fc8EF9f6F269035580Ce7,0,,,3700.62,,
1000,1,0x2d185b43a2302BD1f0484fCC1Be1260fA4f4A0aB,0,,,3700.61,,
1000,1,0x6045d84FFB1a83ccB7C30aa5899c9636D9bDe8C3,0,,,3700.60,,
1000,1,0x5054707c169A6fE1E9b2Bf50FfDa0Fe9CdCE0ac6,0,,,3700.59,,
1000,1,0x9AE610a5910d26eFc67c912E2048Dd32Fd6f2de7,0,,,3700.59,,
1000,1,0xE4247e02c16c082107CE20470289211fffBd83Aa,0,,,3700.58,,
1000,1,0x99bb02f03A020B7176cE9B09AF4477a529E4404d,0,,,3700.57,,
1000,1,0x34c9A681176579bDDCF7fA1A7d50deC7a69Ee8Bd,0,,,3700.56,,
1000,1,0xd1f2557FBBfc3d3b7393d7eec7D4017013A179a8,0,,,3700.55,,
1000,1,0xab5956Be9eEaeFCE8884322dE3505743881B514D,0,,,3700.54,,
1000,1,0x916e36Dc45dDa43D6cBFDF431180517889d60cc9,0,,,3700.53,,
1000,1,0x1F45c734F98A9E592cc41284574DBE47da9b3c60,0,,,3700.52,,
1000,1,0x7980231363Dc6F402f3Bd345aF088bB232687897,0,,,3700.51,,
1000,1,0xB9B42806c2330a2d7dC339c6aea5E2f412a0a47e,0,,,3700.51,,
1000,1,0xC5E43bc3B7b2DDdd8843229AE34325509258843B,0,,,3700.50,,
1000,1,0xb6fe5B3430A33096757835cD3323FE942E7FE369,0,,,3700.49,,
1000,1,0x2eCA738EeE65e04833A782b39FF45B41e3B9D460,0,,,3700.48,,
1000,1,0xEc12E8d3F91dc48c0FD433ea019a2d207B5B765b,0,,,3700.47,,
1000,1,0xCff8cF1D91449616dDB6b2602d640Ab1ca134240,0,,,3700.46,,
1000,1,0x727F87ff373192e15aE507E3c238EC8bCE16a951,0,,,3700.45,,
1000,1,0x0E7C268778D41981F5777F5cb39d6c3D707Aa95d,0,,,3700.44,,
1000,1,0xB70f28F14595987829e56CF19A3017603676c5C2,0,,,3700.43,,
1000,1,0x7A67235C5f179B46C089AfC40C412E0aCcA14556,0,,,3700.42,,
1000,1,0x671778BBcef8363B2925a066A9137c843e73f093,0,,,3700.41,,
1000,1,0x0DDA9d8f87e982112015108bDc5845869A475c57,0,,,3700.41,,
1000,1,0x7C83F856A71331b2d66Ac0E5C2145d9f0D3da224,0,,,3700.40,,
1000,1,0xc293BBd603C8b064b98530eEe32045Ff38201eBa,0,,,3700.39,,
1000,1,0xBbd31eE395750E4934CB47ADb6aE42Bcf3B92c28,0,,,3700.38,,
1000,1,0x92E59E46aEE0E2dFAea34b62156662De474EB476,0,,,3700.37,,
1000,1,0x9686B827b7A434f69c5a29ca6C69e339ad6733d1,0,,,3700.36,,
1000,1,0x0512BfDf2f93b58a7A2b11F00616DdABEA1ad5e0,0,,,3700.35,,
1000,1,0x2027802939358b6Acc0DAE600C543651AA7b599E,0,,,3700.35,,
1000,1,0xcCFD134938AbC98D7c2a46C05c120F1254DD3b96,0,,,3700.34,,
1000,1,0x31149AAEa087b33e3bE9a75d015ee6164930EF71,0,,,3700.33,,
1000,1,0x08b318bb3A4bdF361d4514a00de9b2b71085C9b8,1,3252.86,459.60,3712.46,3084412,94158
1000,1,0x0b0655Fbf7b4cC1E4AA8383C27a5aD2Cf4aD3050,1,3252.85,471.78,3724.63,3084412,94159
1000,1,0x3a1C8acA3357B8786aC5DB1F946A3f91E56Da5A4,1,3252.84,483.87,3736.71,3084412,94159
1000,1,0xaB1e5ac5A953DDcBc492313447cfD10fAEC479A1,0,,,3736.71,,
1000,1,0xdaA69751F06f5830D9168d6dcadB637c02F6c22f,0,,,3736.70,,
1000,1,0x5466359B0f86d7FD4ccb9B3A7e26AFc18d708443,0,,,3736.69,,
1000,1,0xc5B40D7d148B38A9874651E7718eb23A2814A16f,0,,,3736.69,,
1000,1,0xD435F8359979aB2dbb5F4356557b00BC5f067e25,0,,,3736.68,,
1000,1,0x3B1c27d0Ca59019A0136FADC46E88524f4561F49,0,,,3736.67,,
1000,1,0x14b01CfDe440b91b9A679EFCeB29e6304b648769,0,,,3736.66,,
1000,1,0xfFA2d2fAE215f2E77a5BF5C7C84c1136E87Bd37B,0,,,3736.65,,
1000,1,0xE5268a4ff9655618b349B7Dd060316dA2096E783,0,,,3736.64,,
1000,1,0x5cc3Ea14a3438A11406375020a900e80f7D80d7b,0,,,3736.63,,
1000,1,0x515DACC9D5C7A1A2FB1B942303f8d527f3c6f820,0,,,3736.62,,
1000,1,0x4c36978C5aA0ddFb02C5dFC771211Cc65b11F372,0,,,3736.61,,
1000,1,0xD8eDDd2018B051Ab63d1Fe3e409703Cf65741E4e,0,,,3736.61,,
1000,1,0x9F597AF9871052BF617Cd2F4ADde246D9BD44d5a,0,,,3736.60,,
1000,1,0xeDC12EFc564b940A5A1D85b9c79Aa8C62a26e903,0,,,3736.59,,
1000,1,0xd628551741799643581bf11d57F69f34F021AA01,0,,,3736.58,,
1000,1,0x56a3D1bE3209EfacD8746c81032470A2ff32b054,0,,,3736.57,,
1000,1,0x7261991424a394d34d2048D950F6BBB28C7247f1,0,,,3736.56,,
1000,1,0x8FCfF71F6a5c1d41Cee70F64c79769b51d14b05D,0,,,3736.55,,
1000,1,0x807F8ab7A7049fBAE6d109D922644B406b388AA9,0,,,3736.54,,
1000,1,0x118FBc1938f9a047CE1E7942Acff929fD65EE74C,0,,,3736.54,,
1000,1,0xBA0684A9C4BA26c5a44b526B582eC08aecc3104B,0,,,3736.53,,
1000,1,0x7705Ce4673741B128A1649Bc24Fb34fc5729c5e7,0,,,3736.52,,
1000,1,0x54f7852297474F857c3a2cfd1f7b8E5ce3D2e7f0,0,,,3736.51,,
1000,1,0xC091ea84Ed2664f52365922f154c7376133522F3,0,,,3736.50,,
1000,1,0x4c3F18C27AB624da706a425C47fADE6CEc7CBf37,0,,,3736.49,,
1000,1,0x95c8dE4Cce6949e3ad9f517eaD87941bd21d5496,0,,,3736.48,,
1000,1,0x82690B6909F40E65D779Ad45220B4B34300D2162,0,,,3736.48,,
1000,1,0x7fB02a2d8B737aa138AE22Ce23BE61695D9C3Cb1,0,,,3736.47,,
1000,1,0x4849A284F683AeDAF9708C07d586C031497cC7c8,0,,,3736.46,,
1000,1,0xB3896079f5A2f6a272f03b32Faf075a904408b74,0,,,3736.45,,
1000,1,0x86063a287B615BF0F254630FCE8Fb21615aAd6Be,0,,,3736.44,,
1000,1,0x78973B73B8410D97B809147157897a430E476610,0,,,3736.43,,
1000,1,0x4f9ef6e59F3d0fdEA891e482D7C042ce9E1e3d96,0,,,3736.41,,
1000,1,0x737CA7AF8d6d1dF9c8474956A037ed3665283723,0,,,3736.40,,
1000,1,0x759f99FF31CC0d3660c55bDC8ED522BB6A6E7175,0,,,3736.39,,
1000,1,0x05cdEfB377d2e6F51E4d34c11021A8C6283bcd34,0,,,3736.38,,
1000,1,0xae1820b5d0936096126FDA03545738C86303C5D2,0,,,3736.37,,
1000,1,0xbe54322D5804E426fC365e3831F8ACBac3167192,0,,,3736.36,,
1000,1,0xb3031B09730F28A43Df3E5c303f89448Bde3Af6f,0,,,3736.35,,
1000,1,0x1c3527A62C25f80cE317FD77225663e5321Ee801,0,,,3736.34,,
1000,1,0x51E0639D341E59b4dFC72c789C5A37D711834f55,0,,,3736.33,,
1000,1,0xa764cA6d7c02271f62E419fb8862BcEA8E41603e,0,,,3736.32,,
1000,1,0xa74625Af7208800b1145315448e4032ea6c2dC07,0,,,3736.31,,
1000,1,0xb8A05963Ca067fE524929cD10B0eDaDACd9BD159,0,,,3736.30,,
1000,1,0x84b9D709fB8b3c681Dd4ED92f502E12C38806F48,0,,,3736.30,,
1000,1,0xB09e366a9BAf8278EC8f970bc0B51Fb03BcAE293,0,,,3736.29,,
1000,1,0x8c27d08BED788eAD5E27b994e9987C3151058EDB,0,,,3736.28,,
1000,1,0x6930AA87fC4433622b9764A872a8F9ccbddaf6e6,0,,,3736.27,,
1000,1,0x3d8ECB80f921bebe7e72d90ACC87e198737b210f,0,,,3736.26,,
1000,1,0x56df9063cFf40bb86a67A6e1729A9C73f60d06cd,0,,,3736.25,,
1000,1,0x3715df8460d59db9eF502A6C727FFc73ce29ADC6,0,,,3736.24,,
1000,1,0xFEDD5a05Cf167763Dc26b9CFb295102e007aC866,0,,,3736.23,,
1000,1,0xB16C620333bA5223FaD8B7A6f735A275F9D42009,0,,,3736.22,,
1000,1,0x7138C6143f9b993e6bFa9EC8f372d95708A949b0,0,,,3736.21,,
1000,1,0x58fc76671A8573Bb24B29b2fE93af8055f48C2D1,0,,,3736.20,,
1000,1,0xd378bD99156ea682a536DD3c908045506A17b5fA,0,,,3736.19,,
1000,1,0xeDD776Cf5bA438dd88fBc7C4089C46c028B17c5a,0,,,3736.19,,
1000,1,0xb5442958758bdC964079380f89d8d92068448619,0,,,3736.18,,
1000,1,0x34E94667CCAeD5BAd18629Ce9A5AcA2bF8c7c685,0,,,3736.17,,
1000,1,0xD8dB75402c088266bC78BC6142E69c8E647eA2C2,0,,,3736.16,,
1000,1,0x3d947F0a05bBEE38de55b6B121271fe597a43589,0,,,3736.15,,
1000,1,0x7b2CF7c7569bE7c99f8d4A30D9ee9dE1847D7636,0,,,3736.14,,
1000,1,0x88f4700Ee3f6dC214e67eA1e7Dc38C0a22677E1C,0,,,3736.13,,
1000,1,0x0d78b82561623D47862002F15D51845E494ba826,0,,,3736.12,,
1000,1,0xf59b504eE6BD004b94eb575cB7cAB061117904c3,0,,,3736.11,,
1000,1,0xa288E2981125B3ac3323E43C1492Db618479C203,0,,,3736.10,,
1000,1,0xFd487e9245eF2E3f0A42aB5f076245477945eaa3,0,,,3736.09,,
1000,1,0x0B8E78311e6e893806eD78f5ef004B2De9B5f0a3,0,,,3736.07,,
1000,1,0x74fD28132f92664Fd55515118dbbb982668295b6,0,,,3736.06,,
1000,1,0xEEB1a641621804ED83f67e09F1645938A9216eEd,0,,,3736.05,,
1000,1,0xa26a4DDBBB1669Fe4f21a815124BAd75496F51E0,0,,,3736.04,,
1000,1,0x3FBcb48Bcd5aA2f2993c9a514B2028589dC5bd58,0,,,3736.03,,
1000,1,0xcD2e98b49F22DE02C74D6a20488A99504816AD25,0,,,3736.02,,
1000,1,0x88Ac0B33dAA1F0737db7667912Dd65A83FE9bf61,0,,,3736.01,,
1000,1,0xf5D60D9349CBbF131b85418c3687Cb3D24EA56b5,0,,,3736.00,,
1000,1,0x2c79c32dE548f48fEaC1042da06362Db00DE511e,0,,,3735.99,,
1000,1,0x71BFA9a7978De7ac9fc83cC540b1B9f78A21EF30,0,,,3735.99,,
1000,1,0x345adEc0dc89d49E78aA46fC4e4d0FDA6aC01267,0,,,3735.86,,
1000,1,0x1021A0a2082C68A6A50D2BA50D06CBb01F3277d4,0,,,3735.85,,
1000,1,0x3fF6e40ADdCB331a7e27968A1495629F621637D2,0,,,3735.61,,
1000,1,0xCe597048D930Df01741A6a78580BB36af077A6dB,0,,,3735.54,,
1000,1,0x7111e8bb9749926158F1ee086958DC083922b6f1,0,,,3735.53,,
1000,1,0xAF898A270b5dB1dBb33C678eB1Ef7985D69ECDD3,0,,,3735.52,,
1000,1,0x0fD2994C71598483eFEfC2A7Af0c89EFC14cE4f5,0,,,3735.51,,
1000,1,0xAC3d8e29e36AB01124353CF351de392566f10acf,0,,,3735.51,,
1000,1,0x0Db1F5f4a95DeA6794C6Dce1Bb388Dc0733d7751,0,,,3735.50,,
1000,1,0xa6a97A58Bb3D540361BA7787f2FB85A111EE76D8,0,,,3735.49,,
1000,1,0x30988BaE3d98433fB3f073D0fecB9CAc5a0C6B89,0,,,3735.47,,
1000,1,0x508351D916DBD65369434D45460bDeDA0751FF65,0,,,3735.46,,
1000,1,0xDC90F19e91020CA14ADA204EA32845D2a8375208,0,,,3735.46,,
1000,1,0xfd2Fc38e09b6Cb4F1eD663672c817Ef949ee6044,0,,,3735.45,,
1000,1,0xA22040F06C05355101c52B01AFdDC57Ab8919158,0,,,3735.44,,
1000,1,0xd935cD5eB8953C159eCF49B14B34Fa6dF426bDC3,0,,,3735.43,,
1000,1,0x9a8E06182F0da20f8d2c10415345d22CD817587C,0,,,3735.42,,
1000,1,0xc28f1ad6710435b61fd8b4ef349CF1b80A3A83f0,0,,,3735.40,,
1000,1,0x88A2e653CB70eF31754F2282E260D0bc647698d2,0,,,3735.39,,
1000,1,0x9258D30BcE0e506D59ec8840b9D78C91D27f81b9,1,3479.14,268.81,3747.96,3084412,94157
1000,1,0xa332A13BB1feBCac81CfAd6E74659F0970563b98,1,3479.14,281.08,3760.22,3084412,94159
1000,1,0x91D023E44b4654944B16B32e16aa55ba95076874,0,,,3760.21,,
1000,1,0xbb243F189d1e497683B40f9f2BC07de546f535AE,0,,,3760.21,,
1000,1,0x57e9830a6b6f9895f1d5c83dEF987da67Bc02FCC,0,,,3760.20,,
1000,1,0xBA937B4423778b3fE532Cf7779A3c3B1E85E22F5,0,,,3760.19,,
1000,1,0x83ebA6Ca81Fa72dF3D7c05B44DD9fd832154A943,0,,,3760.18,,
1000,1,0xE21C40784eF8F72F7ff716e9Aa9E3c654937570d,0,,,3760.17,,
1000,1,0xB5cF7794053b1e15D7F78519A36fb6256F5D8E66,0,,,3760.16,,
1000,1,0xaA61C9c7672EA0855c455428CB8bc991876d62bb,0,,,3760.15,,
1000,1,0xBE9674f6f7b32349F4b36E87e4335Bc164C08326,0,,,3760.14,,
1000,1,0x628d266aE216f92a3A0FbAa295D463585Eac55e4,0,,,3760.04,,
1000,1,0x976756C97E22080E197C4c66c45Ae901668b567C,0,,,3760.03,,
1000,1,0xf017184e106Dd8101472299e87F641f00F65bfA1,0,,,3760.03,,
1000,1,0x6A88305E2A631517679E5653894e16547052DD17,0,,,3760.01,,
1000,1,0xB3f1BA7D3a55a877030655EB09E72b51524F61d1,0,,,3760.01,,
1000,1,0x998b6a4A3DcC2da4a20139Cc4eB51795b906b4A6,0,,,3760.00,,
1000,1,0x89e63A62406325b5a7A6081b9334942Ac6A06439,0,,,3759.99,,
1000,1,0x409F8d600dC9e33235ec47B3fE5C9ccBd32bC272,0,,,3759.98,,
1000,1,0x1a1b3965bbB590Da709F875D8880ABCB2100d2D2,0,,,3759.97,,
1000,1,0xd6d996cCd4041b074589bAc1d6b0424310B2DC1F,0,,,3759.94,,
1000,1,0xCD4EBFC545FccE2b2Ecd0CBDC1CA9C6f04c6eD4A,0,,,3759.93,,
1000,1,0xE08d0983ec4491E2Cae38Cb49FA6bDc71876870b,0,,,3759.92,,
1000,1,0xd0dfa42e0308Da0fe0fa4CAc7b7D70e6dAdC8981,0,,,3759.91,,
1000,1,0xdebEcD50Fe252D1fd187BaAAceDD5CAc294E5936,0,,,3759.90,,
1000,1,0x0605BCD91dc7f5ea4dcf35D4aFE37F7B1105ab39,0,,,3759.89,,
1000,1,0x5455cdcC7a62d5058e77F6fDf1378ea268b07D30,0,,,3759.89,,
1000,1,0xEE43750cD5d855CCf58f70408E3672c8ea8AFEFa,0,,,3759.88,,
1000,1,0x58E79787915B209495737b66aD2ab763bC7519C8,0,,,3759.87,,
1000,1,0x547178DDAa011651213784A008Eb1bdE6b92D41F,0,,,3759.86,,
1000,1,0x966907823bd3b51A13E4d55B97bf44a1E7b105cf,0,,,3759.85,,
1000,1,0xf9A8E353EBef3F706346b5C760660c7244958e12,0,,,3759.84,,
1000,1,0x293b3592b7410d432309B3cEe117F85437407CF5,0,,,3759.83,,
1000,1,0xe1fe4b13C572bCbDB5FC9082f57354D4c6e566eC,0,,,3759.82,,
1000,1,0x5210299551f00124Efd9f7FA9c2b82250Bb97653,0,,,3759.82,,
1000,1,0x4d1045109b264A7Bee287039B58d0D5A42572248,0,,,3759.81,,
1000,1,0x88e3CA1772cD25A97A32d4bb5153Cd5c4003F1E8,0,,,3759.80,,
1000,1,0x5f12F11A070c45d8E844CDEDbb93f94360ac25B9,0,,,3759.79,,
1000,1,0xe07581B6A13e053e6ABC4E30133D681d3538B48e,0,,,3759.78,,
1000,1,0x77c2AB51F4Bd03f0033E77d85D6D255a6f84e040,0,,,3759.77,,
1000,1,0xD09BadFc6e105cCDAdEf7b5987f65De576E8a811,0,,,3759.76,,
1000,1,0x7DB8364d48bCD3dBdC3b15d8D98a51beb36fc153,0,,,3759.76,,
1000,1,0x28B7C988559De6b5c9e1aBCBc3BB67B458080440,0,,,3759.75,,
1000,1,0x37f26D87544fF73778FC3c23A49c28df8890f8c1,0,,,3759.74,,
1000,1,0x4e971077DcC364341260EB1BDC3E87C678B4266d,0,,,3759.73,,
1000,1,0x565Dbe3c05516F2b687F160e903Da6aA9126597c,0,,,3759.72,,
1000,1,0x02CFCBDb948Aa15162Ab43Abb4415A135FB72AB3,0,,,3759.71,,
1000,1,0x62F2738886Fa7a59AD7103bBc089C5aa7b26eeC2,0,,,3759.70,,
1000,1,0x20e08147860a9265538F2131C404Cd3190eE5682,0,,,3759.70,,
1000,1,0x1D0e1a171167Ab8F2184f2ABccE3aa20e0C1Bc2D,0,,,3759.69,,
1000,1,0xa7634d8F38cD17d84239bFae19727c0F4Dd572Fc,0,,,3759.68,,
1000,1,0xe57C6B7cC2a9f6f1F34fF6F10E605E879c004EB2,0,,,3759.67,,
1000,1,0xD0f4f950181F921941673d5476497d0f3401A5F5,0,,,3759.66,,
1000,1,0x8A69Af9ec298AEe6DBf48F8be70faff3B2Aa2fD8,0,,,3759.65,,
1000,1,0x75670D6521199F206Bfa38719D4B676354FA69Ce,0,,,3759.64,,
1000,1,0x8022ACC054c0c6f9100e205a1DBa439DB776C135,0,,,3759.63,,
1000,1,0x3cbBdA4C7c6a73552d1Ff435C0Ba0f52cDc95Cd5,0,,,3759.63,,
1000,1,0x6ec622D7E74a7465908EdCAc5CcAA8748e76C2E2,0,,,3759.62,,
1000,1,0x8DBC9B0FDFFA65fdD9fbDa1DDbe317c7eee9444a,0,,,3759.61,,
1000,1,0xF4FDA3Dce1A2392FBcdB336dD73C1C170Aba072D,0,,,3759.60,,
1000,1,0xa510ADA9DCb501e452cD184F8338655fdf3379aE,0,,,3759.58,,
1000,1,0xceE7020db773D3489D87A9272423441acc86F190,0,,,3759.57,,
1000,1,0xD870Bf4cDa3d0CA91ABDe9BA723AA6cD38C4D00B,0,,,3759.56,,
1000,1,0xaAA1b893Bc23CB765a93a23d40B7D274B2403fE9,0,,,3759.55,,
1000,1,0x490178f4B3ed08b133F2CC5fbbC61E797CD7E00A,0,,,3759.54,,
1000,1,0x4E2DC9886882cB22C5f06AC7716E05A87b3C844E,0,,,3759.53,,
1000,1,0x08692569e7a8e3b19a634FDE2f11971da07a5559,0,,,3759.52,,
1000,1,0x6d61aaf73079ABBC94053e327e6F43E38dc36dff,0,,,3759.51,,
1000,1,0x4D4bA87a08d6D3BC0db3D4C124A5f35b3Ba84Abf,0,,,3759.51,,
1000,1,0x57a27B29c5Ea39F461e3b6d12B33ADcf450cba15,0,,,3759.50,,
1000,1,0x4A2f2CC19A741d6BFD35512bDC9111C6A4819444,0,,,3759.49,,
1000,1,0xC9c83f80b1B3d075c702EB820543151C1BC83580,0,,,3759.48,,
1000,1,0x5875A2c7c53082590EF75A65ba90A8220F46b0FA,0,,,3759.47,,
1000,1,0xC7b399840A22293938C676224c51059bD5f2345F,0,,,3759.46,,
1000,1,0xfF6C8498567b69593ecEB453277f1B6296bDc022,0,,,3759.45,,
1000,1,0xA226F246D3Ab384061ac7eBAd0672352d98ac295,0,,,3759.44,,
1000,1,0xE2F1EB2E33AE8a7F5dA80A866Bb5234e60eB111E,0,,,3759.44,,
1000,1,0xf19582A8066ad6BCB1a689250b042E9E42A43BF6,0,,,3759.43,,
1000,1,0x1ff94277D9af9aA175E9696346898Fc3e0F0D8BB,0,,,3759.42,,
1000,1,0x2115e5e5979807984F7A6d02A8182852604c6B1B,0,,,3759.41,,
1000,1,0xE1b1827d5e9A0C60D55DDF37A13D90AB33D8B14C,0,,,3759.40,,
1000,1,0xb9C4F538Cab13E86e4668df270aA6BBDA935B0f2,0,,,3759.39,,
1000,1,0x18167EF7F7186B477062F743CE817548D5063859,0,,,3759.38,,
1000,1,0x63FC8B89D4805064fE01813699d414CeC9cF99F7,0,,,3759.37,,
1000,1,0x09400e86b270D3937250790535aEA5fCEa03ED8A,0,,,3759.36,,
1000,1,0xE536C5673c5b0c35D92a84B190CaFFfD2a5fC15C,0,,,3759.36,,
1000,1,0xee7Cd1A372480C94c9569F7dC95b1E185B00b775,0,,,3759.35,,
1000,1,0xd4A38f4BAfa3A22c4e1196E419b01DCC0d0eDFb0,0,,,3759.34,,
1000,1,0x1e2f2f5CB0C50C3828897fB83D7628d23766A99B,0,,,3759.33,,
1000,1,0xa316c79d13693397492B70376FEE1C876c5FC9f3,0,,,3759.32,,
1000,1,0xc7D071124898e8F122758D2822E6359a19b3b8Db,0,,,3759.31,,
1000,1,0x808E3C2468945999CAF11b1140e79Fcd4500EeC4,0,,,3759.30,,
1000,1,0xaFe49498f924Ca12fe388b954cBFd3B6D386c6e1,0,,,3759.30,,
1000,1,0x1c799Ac6EDFe9A33BC3527611640aCC83b2DE3dC,0,,,3759.29,,
1000,1,0x21e8913FBe2ebea76FE3ea67713432bb95622f1D,0,,,3759.28,,
1000,1,0x3aC59C0211714fD1caD6A5c68399c747B833a60a,0,,,3759.27,,
1000,1,0xc74d9154E3Be9De707d23e777e60d3c86Ba04D8c,0,,,3759.26,,
1000,1,0xCE6286141823F418C7640990EAD7257ca90fB0dE,0,,,3759.25,,
1000,1,0x9F5Fe3B0405fAFaC93B511CB7feb13609Fae1bE8,0,,,3759.24,,
1000,1,0xEb0C46069049D076329b1405647Bd83328aB8520,0,,,3759.23,,
1000,1,0x572d8d4108d8b03b002076d899847111ada27578,1,3466.10,305.14,3771.24,3084400,94157
1000,1,0x731367c03c7E4Dcd9e9658409CB7E0248f6e7049,1,3466.09,317.28,3783.37,3084412,94158
1000,1,0xE91df818c268F6CFF872b04EcdD3D61EAD208d73,1,3250.44,544.56,3795.00,3084412,94158